AviList,Subspecies,Collection,Specimen.number,Sex,Bill_TotalCulmen,Wing.Chord,Tail.Length,Comments,Measurer,Source_file,Date.collected,Locality,Beak.Width,Tarsus.Length
Alophoixus ochraceus,sacculatus,BMNH,12,m,22.2,110,104,NA,NJC,Alophoixus ochraceus morphometrics.xlsx,NA,NA,NA,NA
Alophoixus ochraceus,sacculatus,BMNH,1879,m,20.9,113,101,NA,NJC,Alophoixus ochraceus morphometrics.xlsx,NA,NA,NA,NA
Alophoixus ochraceus,sacculatus,BMNH,1891,m,20.2,111,106,NA,NJC,Alophoixus ochraceus morphometrics.xlsx,NA,NA,NA,NA
Alophoixus ochraceus,sumatranus,BMNH,308,m,21.1,112,103,NA,NJC,Alophoixus ochraceus morphometrics.xlsx,NA,NA,NA,NA
Alophoixus ochraceus,sumatranus,BMNH,306,m,22.5,115,99,NA,NJC,Alophoixus ochraceus morphometrics.xlsx,NA,NA,NA,NA
Alophoixus ruficrissus,fowleri,BMNH,583,m,21.7,121,90,NA,NJC,Alophoixus ochraceus morphometrics.xlsx,NA,NA,NA,NA
Alophoixus ruficrissus,fowleri,BMNH,22,m,NA,122,92,NA,NJC,Alophoixus ochraceus morphometrics.xlsx,NA,NA,NA,NA
Alophoixus ruficrissus,ruficrissus,BMNH,22,m,21.7,112,98,NA,NJC,Alophoixus ochraceus morphometrics.xlsx,NA,NA,NA,NA
Alophoixus ruficrissus,ruficrissus,BMNH,29,m,21.6,113,102,NA,NJC,Alophoixus ochraceus morphometrics.xlsx,NA,NA,NA,NA
Alophoixus ruficrissus,ruficrissus,BMNH,194,m,21.7,115,102,NA,NJC,Alophoixus ochraceus morphometrics.xlsx,NA,NA,NA,NA
Alophoixus ruficrissus,ruficrissus,BMNH,24,m,21,104,92,NA,NJC,Alophoixus ochraceus morphometrics.xlsx,NA,NA,NA,NA
Alophoixus ruficrissus,ruficrissus,BMNH,8,m,20.4,113,98,NA,NJC,Alophoixus ochraceus morphometrics.xlsx,NA,NA,NA,NA
Alophoixus ruficrissus,ruficrissus,BMNH,21,m,NA,112,100,NA,NJC,Alophoixus ochraceus morphometrics.xlsx,NA,NA,NA,NA
Alophoixus ruficrissus,ruficrissus,BMNH,316,m,22.1,102,99,NA,NJC,Alophoixus ochraceus morphometrics.xlsx,NA,NA,NA,NA
Alophoixus ruficrissus,fowleri,BMNH,23,f,NA,107,95,NA,NJC,Alophoixus ochraceus morphometrics.xlsx,NA,NA,NA,NA
Alophoixus ruficrissus,fowleri,BMNH,91,f,NA,109,95,NA,NJC,Alophoixus ochraceus morphometrics.xlsx,NA,NA,NA,NA
Alophoixus ruficrissus,fowleri,BMNH,23,f,NA,103,92,NA,NJC,Alophoixus ochraceus morphometrics.xlsx,NA,NA,NA,NA
Alophoixus ruficrissus,ruficrissus,BMNH,26,f,NA,108,96,NA,NJC,Alophoixus ochraceus morphometrics.xlsx,NA,NA,NA,NA
Alophoixus ruficrissus,ruficrissus,BMNH,9.27,f,NA,109,95,NA,NJC,Alophoixus ochraceus morphometrics.xlsx,NA,NA,NA,NA
Alophoixus ruficrissus,ruficrissus,BMNH,25,f,NA,106,95,NA,NJC,Alophoixus ochraceus morphometrics.xlsx,NA,NA,NA,NA
Alophoixus ruficrissus,ruficrissus,BMNH,7,f,NA,106,99,NA,NJC,Alophoixus ochraceus morphometrics.xlsx,NA,NA,NA,NA
Alophoixus ruficrissus,ruficrissus,BMNH,12.27,f,NA,104,93,NA,NJC,Alophoixus ochraceus morphometrics.xlsx,NA,NA,NA,NA
Alophoixus ruficrissus,ruficrissus,BMNH,528,f,NA,105,93,NA,NJC,Alophoixus ochraceus morphometrics.xlsx,NA,NA,NA,NA
Alophoixus ruficrissus,ruficrissus,BMNH,351,f,NA,112,94,NA,NJC,Alophoixus ochraceus morphometrics.xlsx,NA,NA,NA,NA
Alophoixus ruficrissus,ruficrissus,BMNH,317,f,NA,106,97,NA,NJC,Alophoixus ochraceus morphometrics.xlsx,NA,NA,NA,NA
Alophoixus ochraceus,sacculatus,BMNH,108,f,NA,104,98,NA,NJC,Alophoixus ochraceus morphometrics.xlsx,NA,NA,NA,NA
Alophoixus ochraceus,sacculatus,BMNH,1881,f,NA,109,106,NA,NJC,Alophoixus ochraceus morphometrics.xlsx,NA,NA,NA,NA
Alophoixus ochraceus,sacculatus,BMNH,1878,f,NA,103,98,NA,NJC,Alophoixus ochraceus morphometrics.xlsx,NA,NA,NA,NA
Alophoixus ochraceus,sacculatus,BMNH,994,f,NA,106,101,NA,NJC,Alophoixus ochraceus morphometrics.xlsx,NA,NA,NA,NA
Alophoixus ochraceus,sumatranus,BMNH,307,f,NA,NA,98,NA,NJC,Alophoixus ochraceus morphometrics.xlsx,NA,NA,NA,NA
Alophoixus ochraceus,sumatranus,BMNH,3096,f,NA,NA,101,NA,NJC,Alophoixus ochraceus morphometrics.xlsx,NA,NA,NA,NA
Alophoixus ochraceus,sumatranus,BMNH,436,f,NA,NA,98,NA,NJC,Alophoixus ochraceus morphometrics.xlsx,NA,NA,NA,NA
Alophoixus ochraceus,sumatranus,RMNH,10265,f,NA,NA,100,NA,NJC,Alophoixus ochraceus morphometrics.xlsx,NA,NA,NA,NA
Alophoixus ochraceus,sumatranus,RMNH,126387,f,NA,NA,98,NA,NJC,Alophoixus ochraceus morphometrics.xlsx,NA,NA,NA,NA
Alophoixus ochraceus,sumatranus,RMNH,126400,f,NA,NA,100,NA,NJC,Alophoixus ochraceus morphometrics.xlsx,NA,NA,NA,NA
Alophoixus ochraceus,sumatranus,RMNH,126379,f,NA,NA,101,NA,NJC,Alophoixus ochraceus morphometrics.xlsx,NA,NA,NA,NA
Alophoixus pallidus,griseiceps,BMNH,NA,f,NA,105,87,NA,NJC,Alophoixus pallidus morphometrics.xlsx,NA,NA,NA,NA
Alophoixus pallidus,griseiceps,BMNH,NA,f,NA,93,85,NA,NJC,Alophoixus pallidus morphometrics.xlsx,NA,NA,NA,NA
Alophoixus pallidus,griseiceps,BMNH,NA,f,NA,101,87,NA,NJC,Alophoixus pallidus morphometrics.xlsx,NA,NA,NA,NA
Alophoixus pallidus,griseiceps,BMNH,NA,f,NA,94,87,NA,NJC,Alophoixus pallidus morphometrics.xlsx,NA,NA,NA,NA
Alophoixus pallidus,griseiceps,BMNH,NA,f,NA,96,88,NA,NJC,Alophoixus pallidus morphometrics.xlsx,NA,NA,NA,NA
Alophoixus pallidus,griseiceps,BMNH,NA,f,NA,97,92,NA,NJC,Alophoixus pallidus morphometrics.xlsx,NA,NA,NA,NA
Alophoixus pallidus,griseiceps,BMNH,NA,f,NA,95,86,NA,NJC,Alophoixus pallidus morphometrics.xlsx,NA,NA,NA,NA
Alophoixus pallidus,griseiceps,BMNH,NA,f,NA,104,91,NA,NJC,Alophoixus pallidus morphometrics.xlsx,NA,NA,NA,NA
Alophoixus pallidus,griseiceps,BMNH,NA,f,NA,93,89,NA,NJC,Alophoixus pallidus morphometrics.xlsx,NA,NA,NA,NA
Alophoixus pallidus,griseiceps,BMNH,NA,f,NA,95,89,NA,NJC,Alophoixus pallidus morphometrics.xlsx,NA,NA,NA,NA
Alophoixus pallidus,griseiceps,BMNH,NA,f,NA,91,NA,NA,NJC,Alophoixus pallidus morphometrics.xlsx,NA,NA,NA,NA
Alophoixus pallidus,griseiceps,BMNH,NA,m,NA,100,93,NA,NJC,Alophoixus pallidus morphometrics.xlsx,NA,NA,NA,NA
Alophoixus pallidus,griseiceps,BMNH,NA,m,NA,104,96,NA,NJC,Alophoixus pallidus morphometrics.xlsx,NA,NA,NA,NA
Alophoixus pallidus,griseiceps,BMNH,NA,m,NA,101,93,NA,NJC,Alophoixus pallidus morphometrics.xlsx,NA,NA,NA,NA
Alophoixus pallidus,robinsoni,BMNH,NA,?,NA,101,95,NA,NJC,Alophoixus pallidus morphometrics.xlsx,NA,NA,NA,NA
Alophoixus pallidus,robinsoni,BMNH,NA,?,NA,94,87,NA,NJC,Alophoixus pallidus morphometrics.xlsx,NA,NA,NA,NA
Alophoixus pallidus,robinsoni,BMNH,NA,m,NA,106,98,type,NJC,Alophoixus pallidus morphometrics.xlsx,NA,NA,NA,NA
Arizelocichla milanjensis,milanjensis,BMNH,NA,m,21.7,NA,85,NA,NJC,Arizelocichla milanjensis morphometrics.xlsx,NA,NA,4.9,NA
Arizelocichla milanjensis,milanjensis,BMNH,NA,m,20.4,NA,87,NA,NJC,Arizelocichla milanjensis morphometrics.xlsx,NA,NA,5.3,NA
Arizelocichla milanjensis,milanjensis,BMNH,NA,m,21.1,NA,84,NA,NJC,Arizelocichla milanjensis morphometrics.xlsx,NA,NA,4.9,NA
Arizelocichla milanjensis,milanjensis,BMNH,NA,m,20.1,NA,83,NA,NJC,Arizelocichla milanjensis morphometrics.xlsx,NA,NA,5.1,NA
Arizelocichla milanjensis,milanjensis,BMNH,NA,m,20.6,NA,82,NA,NJC,Arizelocichla milanjensis morphometrics.xlsx,NA,NA,5.4,NA
Arizelocichla milanjensis,milanjensis,BMNH,NA,m,19.9,NA,79,NA,NJC,Arizelocichla milanjensis morphometrics.xlsx,NA,NA,5.3,NA
Arizelocichla milanjensis,milanjensis,BMNH,NA,m,20.9,NA,86,NA,NJC,Arizelocichla milanjensis morphometrics.xlsx,NA,NA,4.8,NA
Arizelocichla milanjensis,milanjensis,BMNH,NA,m,21.1,NA,85,NA,NJC,Arizelocichla milanjensis morphometrics.xlsx,NA,NA,5.2,NA
Arizelocichla milanjensis,milanjensis,BMNH,NA,m,20.7,NA,82,NA,NJC,Arizelocichla milanjensis morphometrics.xlsx,NA,NA,5.2,NA
Arizelocichla milanjensis,milanjensis,BMNH,NA,m,20.8,NA,85,NA,NJC,Arizelocichla milanjensis morphometrics.xlsx,NA,NA,4.7,NA
Arizelocichla striifacies,olivaceiceps,BMNH,NA,m,19.8,NA,94,NA,NJC,Arizelocichla milanjensis morphometrics.xlsx,NA,NA,NA,NA
Arizelocichla striifacies,olivaceiceps,BMNH,NA,m,21,NA,93,NA,NJC,Arizelocichla milanjensis morphometrics.xlsx,NA,NA,NA,NA
Arizelocichla striifacies,olivaceiceps,BMNH,NA,m,20.8,NA,91,NA,NJC,Arizelocichla milanjensis morphometrics.xlsx,NA,NA,5.5,NA
Arizelocichla striifacies,olivaceiceps,BMNH,NA,m,20.7,NA,88,NA,NJC,Arizelocichla milanjensis morphometrics.xlsx,NA,NA,5.7,NA
Arizelocichla striifacies,olivaceiceps,BMNH,NA,m,NA,NA,93,NA,NJC,Arizelocichla milanjensis morphometrics.xlsx,NA,NA,NA,NA
Arizelocichla striifacies,striifacies,BMNH,NA,m,20.1,NA,91,NA,NJC,Arizelocichla milanjensis morphometrics.xlsx,NA,NA,5.7,NA
Arizelocichla striifacies,striifacies,BMNH,NA,m,20,NA,90,NA,NJC,Arizelocichla milanjensis morphometrics.xlsx,NA,NA,5.6,NA
Arizelocichla striifacies,striifacies,BMNH,NA,m,21.9,NA,89,NA,NJC,Arizelocichla milanjensis morphometrics.xlsx,NA,NA,NA,NA
Arizelocichla striifacies,striifacies,BMNH,NA,m,21.2,NA,89,NA,NJC,Arizelocichla milanjensis morphometrics.xlsx,NA,NA,NA,NA
Arizelocichla striifacies,striifacies,BMNH,NA,m,NA,NA,93,NA,NJC,Arizelocichla milanjensis morphometrics.xlsx,NA,NA,NA,NA
Atimastillas flavicollis,flavicollis,NA,NA,m,22.4,112,107,NA,NJC,Atimastillas flavicollis morphometrics.xlsx,NA,NA,NA,NA
Atimastillas flavicollis,flavicollis,NA,NA,m,21.2,115,105,NA,NJC,Atimastillas flavicollis morphometrics.xlsx,NA,NA,NA,NA
Atimastillas flavicollis,flavicollis,NA,NA,m,21.7,107,104,NA,NJC,Atimastillas flavicollis morphometrics.xlsx,NA,NA,NA,NA
Atimastillas flavicollis,flavicollis,NA,NA,m,22.1,106,103,NA,NJC,Atimastillas flavicollis morphometrics.xlsx,NA,NA,NA,NA
Atimastillas flavicollis,flavicollis,NA,NA,m,20.7,99,99,NA,NJC,Atimastillas flavicollis morphometrics.xlsx,NA,NA,NA,NA
Atimastillas flavicollis,flavicollis,NA,NA,m,22.4,104,100,NA,NJC,Atimastillas flavicollis morphometrics.xlsx,NA,NA,NA,NA
Atimastillas flavicollis,flavicollis,NA,NA,m,23.3,112,103,NA,NJC,Atimastillas flavicollis morphometrics.xlsx,NA,NA,NA,NA
Atimastillas flavicollis,flavicollis,NA,NA,m,24.3,110,101,NA,NJC,Atimastillas flavicollis morphometrics.xlsx,NA,NA,NA,NA
Atimastillas flavicollis,flavicollis,NA,NA,m,21.8,115,102,NA,NJC,Atimastillas flavicollis morphometrics.xlsx,NA,NA,NA,NA
Atimastillas flavicollis,flavicollis,NA,NA,m,23.2,115,104,NA,NJC,Atimastillas flavicollis morphometrics.xlsx,NA,NA,NA,NA
Atimastillas flavigula,soror,NA,NA,m,21.6,110,97,NA,NJC,Atimastillas flavicollis morphometrics.xlsx,NA,NA,NA,NA
Atimastillas flavigula,soror,NA,NA,m,22.3,111,97,NA,NJC,Atimastillas flavicollis morphometrics.xlsx,NA,NA,NA,NA
Atimastillas flavigula,soror,NA,NA,m,20.7,103,95,NA,NJC,Atimastillas flavicollis morphometrics.xlsx,NA,NA,NA,NA
Atimastillas flavigula,soror,NA,NA,m,20.8,105,86,NA,NJC,Atimastillas flavicollis morphometrics.xlsx,NA,NA,NA,NA
Atimastillas flavigula,soror,NA,NA,m,21.9,111,96,NA,NJC,Atimastillas flavicollis morphometrics.xlsx,NA,NA,NA,NA
Atimastillas flavigula,soror,NA,NA,m,20.7,109,94,NA,NJC,Atimastillas flavicollis morphometrics.xlsx,NA,NA,NA,NA
Atimastillas flavigula,soror,NA,NA,m,22.7,112,95,NA,NJC,Atimastillas flavicollis morphometrics.xlsx,NA,NA,NA,NA
Atimastillas flavigula,soror,NA,NA,m,21.6,107,92,NA,NJC,Atimastillas flavicollis morphometrics.xlsx,NA,NA,NA,NA
Atimastillas flavigula,soror,NA,NA,m,21.3,107,92,NA,NJC,Atimastillas flavicollis morphometrics.xlsx,NA,NA,NA,NA
Atimastillas flavigula,soror,NA,NA,m,21.3,106,91,NA,NJC,Atimastillas flavicollis morphometrics.xlsx,NA,NA,NA,NA
Atimastillas flavigula,flavigula,NA,NA,m,21.5,109,106,NA,NJC,Atimastillas flavicollis morphometrics.xlsx,NA,NA,NA,NA
Atimastillas flavigula,flavigula,NA,NA,m,21.2,111,98,NA,NJC,Atimastillas flavicollis morphometrics.xlsx,NA,NA,NA,NA
Atimastillas flavigula,flavigula,NA,NA,m,22.4,115,106,NA,NJC,Atimastillas flavicollis morphometrics.xlsx,NA,NA,NA,NA
Atimastillas flavigula,flavigula,NA,NA,m,21.2,105,102,NA,NJC,Atimastillas flavicollis morphometrics.xlsx,NA,NA,NA,NA
Atimastillas flavigula,flavigula,NA,NA,m,22.7,112,102,NA,NJC,Atimastillas flavicollis morphometrics.xlsx,NA,NA,NA,NA
Atimastillas flavigula,flavigula,NA,NA,m,22.5,110,95,NA,NJC,Atimastillas flavicollis morphometrics.xlsx,NA,NA,NA,NA
Atimastillas flavigula,flavigula,NA,NA,m,23.6,110,100,NA,NJC,Atimastillas flavicollis morphometrics.xlsx,NA,NA,NA,NA
Atimastillas flavigula,flavigula,NA,NA,m,21.8,109,105,NA,NJC,Atimastillas flavicollis morphometrics.xlsx,NA,NA,NA,NA
Atimastillas flavigula,flavigula,NA,NA,m,21,110,103,NA,NJC,Atimastillas flavicollis morphometrics.xlsx,NA,NA,NA,NA
Atimastillas flavigula,flavigula,NA,NA,m,21.6,114,97,NA,NJC,Atimastillas flavicollis morphometrics.xlsx,NA,NA,NA,NA
Bleda ugandae,NA,RMCA,NA,m,NA,NA,99,NA,NJC,Bleda notatus morphometrics.xlsx,NA,NA,NA,NA
Bleda ugandae,NA,RMCA,NA,m,NA,NA,95,NA,NJC,Bleda notatus morphometrics.xlsx,NA,NA,NA,NA
Bleda ugandae,NA,RMCA,NA,m,NA,NA,92,NA,NJC,Bleda notatus morphometrics.xlsx,NA,NA,NA,NA
Bleda ugandae,NA,RMCA,NA,m,NA,NA,102,NA,NJC,Bleda notatus morphometrics.xlsx,NA,NA,NA,NA
Bleda ugandae,NA,RMCA,NA,m,NA,NA,106,NA,NJC,Bleda notatus morphometrics.xlsx,NA,NA,NA,NA
Bleda ugandae,NA,RMCA,NA,m,NA,NA,100,NA,NJC,Bleda notatus morphometrics.xlsx,NA,NA,NA,NA
Bleda ugandae,NA,RMCA,NA,m,NA,NA,101,NA,NJC,Bleda notatus morphometrics.xlsx,NA,NA,NA,NA
Bleda ugandae,NA,RMCA,NA,m,NA,NA,105,NA,NJC,Bleda notatus morphometrics.xlsx,NA,NA,NA,NA
Bleda ugandae,NA,RMCA,NA,m,NA,NA,101,NA,NJC,Bleda notatus morphometrics.xlsx,NA,NA,NA,NA
Bleda ugandae,NA,RMCA,NA,m,NA,NA,98,NA,NJC,Bleda notatus morphometrics.xlsx,NA,NA,NA,NA
Bleda notatus,notatus,RMCA,NA,m,NA,NA,102,NA,NJC,Bleda notatus morphometrics.xlsx,NA,NA,NA,NA
Bleda notatus,notatus,RMCA,NA,m,NA,NA,99,NA,NJC,Bleda notatus morphometrics.xlsx,NA,NA,NA,NA
Bleda notatus,notatus,RMCA,NA,m,NA,NA,89,NA,NJC,Bleda notatus morphometrics.xlsx,NA,NA,NA,NA
Bleda notatus,notatus,RMCA,NA,m,NA,NA,96,NA,NJC,Bleda notatus morphometrics.xlsx,NA,NA,NA,NA
Bleda notatus,notatus,RMCA,NA,m,NA,NA,94,NA,NJC,Bleda notatus morphometrics.xlsx,NA,NA,NA,NA
Bleda notatus,notatus,RMCA,NA,m,NA,NA,89,NA,NJC,Bleda notatus morphometrics.xlsx,NA,NA,NA,NA
Bleda notatus,notatus,RMCA,NA,m,NA,NA,88,NA,NJC,Bleda notatus morphometrics.xlsx,NA,NA,NA,NA
Bleda notatus,notatus,RMCA,NA,m,NA,NA,89,NA,NJC,Bleda notatus morphometrics.xlsx,NA,NA,NA,NA
Bleda notatus,notatus,RMCA,NA,m,NA,NA,96,NA,NJC,Bleda notatus morphometrics.xlsx,NA,NA,NA,NA
Bleda notatus,notatus,RMCA,NA,m,NA,NA,95,NA,NJC,Bleda notatus morphometrics.xlsx,NA,NA,NA,NA
Hypsipetes everetti,haynaldi,BMNH,94.4.20.44,m,30,116,108,NA,NJC,H.e.haynaldi-catarmanensis.xlsx,July 1893,Sibutu,NA,21
Hypsipetes everetti,haynaldi,BMNH,94.4.20.45,f,28,107,98,NA,NJC,H.e.haynaldi-catarmanensis.xlsx,July 1893,Sibutu,NA,21
Hypsipetes everetti,haynaldi,BMNH,94.4.20.46,m,26,102,96,NA,NJC,H.e.haynaldi-catarmanensis.xlsx,July 1893,Bongao,NA,20
Hypsipetes everetti,haynaldi,BMNH,94.4.20.47,f,26,103,101,NA,NJC,H.e.haynaldi-catarmanensis.xlsx,July 1893,Bongao,NA,21
Hypsipetes everetti,haynaldi,BMNH,1977.16.59,m,26,104,106,NA,NJC,H.e.haynaldi-catarmanensis.xlsx,03.12.1971,Tawitawi,NA,21
Hypsipetes everetti,haynaldi,USNM,233215,m,27,106,91,NA,NJC,H.e.haynaldi-catarmanensis.xlsx,16.10.1891,Tawitawi,NA,20
Hypsipetes everetti,haynaldi,USNM,315456,m,25,112,97,NA,NJC,H.e.haynaldi-catarmanensis.xlsx,21.10.1891,Tawitawi,NA,23
Hypsipetes everetti,haynaldi,USNM,315442,m,29,114,101,NA,NJC,H.e.haynaldi-catarmanensis.xlsx,12.10.1891,Tawitawi,NA,23
Hypsipetes everetti,haynaldi,USNM,315457,m,26,109,99,NA,NJC,H.e.haynaldi-catarmanensis.xlsx,02.11.1891,Tawitawi,NA,23
Hypsipetes everetti,haynaldi,USNM,315443,m,25,103,97,NA,NJC,H.e.haynaldi-catarmanensis.xlsx,17.10.1891,Tawitawi,NA,21
Hypsipetes everetti,everetti,BMNH,88.4.1.321,m,28,113,99,NA,NJC,H.e.haynaldi-catarmanensis.xlsx,May 1877,Surigao,NA,20
Hypsipetes everetti,everetti,BMNH,88.4.1.322,f,27,109,91,"Mark A was going to assign this or the next an ""A"" in catalogue to distinguish",NJC,H.e.haynaldi-catarmanensis.xlsx,May 1877,Surigao,NA,20
Hypsipetes everetti,everetti,BMNH,88.4.1.322,m,29,110,90,NA,NJC,H.e.haynaldi-catarmanensis.xlsx,May 1877,Surigao,NA,18
Hypsipetes everetti,everetti,BMNH,88.4.1.327,m,30,104,90,NA,NJC,H.e.haynaldi-catarmanensis.xlsx,June 1877,Dinagat,NA,19
Hypsipetes everetti,everetti,BMNH,88.4.1.328,m,29,111,92,NA,NJC,H.e.haynaldi-catarmanensis.xlsx,June 1877,Dinagat,NA,21
Hypsipetes everetti,everetti,BMNH,1905.11.26.82,m,30,114,95,NA,NJC,H.e.haynaldi-catarmanensis.xlsx,May.1905,SE MIndanao,NA,21
Hypsipetes everetti,everetti,BMNH,NA,m,28,113,96,NA,NJC,H.e.haynaldi-catarmanensis.xlsx,May 1877,Surigao,NA,21
Hypsipetes everetti,everetti,BMNH,1977.16.60,m,28,113,95,NA,NJC,H.e.haynaldi-catarmanensis.xlsx,19.03.1972,Dinagat,NA,21
Hypsipetes everetti,everetti,BMNH,1977.16.58,f,27,106,98,NA,NJC,H.e.haynaldi-catarmanensis.xlsx,10.04.1972,Dinagat,NA,22
Hypsipetes everetti,everetti,USNM,580052,f,27,113,93,NA,NJC,H.e.haynaldi-catarmanensis.xlsx,11.06.1965,Mindanao,NA,21
Hypsipetes everetti,samarensis,BMNH,97.5.13.522,m,28,116,93,NA,NJC,H.e.haynaldi-catarmanensis.xlsx,16.06.1896,Samar,NA,21
Hypsipetes everetti,samarensis,BMNH,97.5.13.523,f,NA,107,96,billtip chipped,NJC,H.e.haynaldi-catarmanensis.xlsx,07.07.1896,Samar,NA,19
Hypsipetes everetti,samarensis,BMNH,88.4.1.325,m,29,116,93,NA,NJC,H.e.haynaldi-catarmanensis.xlsx,Sep.1877,Panaon,NA,22
Hypsipetes everetti,samarensis,BMNH,88.4.1.326,m,29,116,94,NA,NJC,H.e.haynaldi-catarmanensis.xlsx,Oct.1877,Panaon,NA,20
Hypsipetes everetti,samarensis,BMNH,96.6.6.317,m,29,111,94,NA,NJC,H.e.haynaldi-catarmanensis.xlsx,11.04.18--,Samar,NA,21
Hypsipetes everetti,samarensis,BMNH,96.6.6.318,f,28,106,94,NA,NJC,H.e.haynaldi-catarmanensis.xlsx,04.04.18--,Samar,NA,20
Hypsipetes everetti,samarensis,BMNH,96.6.6.319,m,29,112,98,NA,NJC,H.e.haynaldi-catarmanensis.xlsx,13.04.1888,Leyte,NA,20
Hypsipetes everetti,samarensis,BMNH,96.6.6.320,f,27,111,97,NA,NJC,H.e.haynaldi-catarmanensis.xlsx,11.04.1888,Leyte,NA,20
Hypsipetes everetti,samarensis,USNM,537584,f,28,112,95,NA,NJC,H.e.haynaldi-catarmanensis.xlsx,29.05.1964,Leyte,NA,22
Hypsipetes everetti,samarensis,USNM,537580,f,30,111,97,NA,NJC,H.e.haynaldi-catarmanensis.xlsx,25.05.1964,Leyte,NA,21
Hypsipetes everetti,haynaldi,USNM,233215,m,27,106,91,NA,NJC,H.e.haynaldi-catarmanensis.xlsx,16.10.1891,Tawitawi,NA,20
Hypsipetes everetti,haynaldi,USNM,315456,m,25,112,97,NA,NJC,H.e.haynaldi-catarmanensis.xlsx,21.10.1891,Tawitawi,NA,23
Hypsipetes everetti,haynaldi,USNM,315442,m,29,114,101,NA,NJC,H.e.haynaldi-catarmanensis.xlsx,12.10.1891,Tawitawi,NA,23
Hypsipetes everetti,haynaldi,USNM,315457,m,26,109,99,NA,NJC,H.e.haynaldi-catarmanensis.xlsx,02.11.1891,Tawitawi,NA,23
Hypsipetes everetti,haynaldi,USNM,315443,m,25,103,97,NA,NJC,H.e.haynaldi-catarmanensis.xlsx,17.10.1891,Tawitawi,NA,21
Hypsipetes everetti,haynaldi,BMNH,94.4.20.44,m,29,115,105,NA,NJC,H.e.haynaldi-catarmanensis.xlsx,NA,Sibutu,NA,NA
Hypsipetes everetti,haynaldi,BMNH,94.4.20.46,m,25.7,101,97,NA,NJC,H.e.haynaldi-catarmanensis.xlsx,NA,Bongao,NA,NA
Hypsipetes everetti,haynaldi,BMNH,1977.16.59,m,25.2,105,98,NA,NJC,H.e.haynaldi-catarmanensis.xlsx,NA,Batu Batu,NA,NA
Hypsipetes everetti,everetti,BMNH,88.4.1.321,m,28,113,99,NA,NJC,H.e.haynaldi-catarmanensis.xlsx,May 1877,Surigao,NA,20
Hypsipetes everetti,everetti,BMNH,88.4.1.322,m,29,110,90,NA,NJC,H.e.haynaldi-catarmanensis.xlsx,May 1877,Surigao,NA,18
Hypsipetes everetti,everetti,BMNH,88.4.1.327,m,30,104,90,NA,NJC,H.e.haynaldi-catarmanensis.xlsx,June 1877,Dinagat,NA,19
Hypsipetes everetti,everetti,BMNH,88.4.1.328,m,29,111,92,NA,NJC,H.e.haynaldi-catarmanensis.xlsx,June 1877,Dinagat,NA,21
Hypsipetes everetti,everetti,BMNH,1905.11.26.82,m,30,114,95,NA,NJC,H.e.haynaldi-catarmanensis.xlsx,May.1905,SEMIndanao,NA,21
Hypsipetes everetti,everetti,BMNH,NA,m,28,113,96,NA,NJC,H.e.haynaldi-catarmanensis.xlsx,May 1877,Surigao,NA,21
Hypsipetes everetti,everetti,BMNH,1977.16.60,m,28,113,95,NA,NJC,H.e.haynaldi-catarmanensis.xlsx,19.03.1972,Dinagat,NA,21
Hypsipetes everetti,samarensis,BMNH,97.5.13.522,m,28,116,93,NA,NJC,H.e.haynaldi-catarmanensis.xlsx,16.06.1896,Samar,NA,21
Hypsipetes everetti,samarensis,BMNH,88.4.1.325,m,29,116,93,NA,NJC,H.e.haynaldi-catarmanensis.xlsx,Sep.1877,Panaon,NA,22
Hypsipetes everetti,samarensis,BMNH,88.4.1.326,m,29,116,94,NA,NJC,H.e.haynaldi-catarmanensis.xlsx,Oct.1877,Panaon,NA,20
Hypsipetes everetti,samarensis,BMNH,96.6.6.317,m,29,111,94,NA,NJC,H.e.haynaldi-catarmanensis.xlsx,11.04.18--,Samar,NA,21
Hypsipetes everetti,samarensis,BMNH,96.6.6.319,m,29,112,98,NA,NJC,H.e.haynaldi-catarmanensis.xlsx,13.04.1888,Leyte,NA,20
Hemixos cinereus,connectens,BMNH,NA,m,20.5,99,84,NA,NJC,Hemixos cinereus morphometrics.xlsx,NA,NA,NA,NA
Hemixos cinereus,connectens,BMNH,NA,m,20.1,104,81,NA,NJC,Hemixos cinereus morphometrics.xlsx,NA,NA,NA,NA
Hemixos cinereus,connectens,BMNH,NA,m,21,98,83,NA,NJC,Hemixos cinereus morphometrics.xlsx,NA,NA,NA,NA
Hemixos cinereus,connectens,BMNH,NA,m,21.6,95,82,NA,NJC,Hemixos cinereus morphometrics.xlsx,NA,NA,NA,NA
Hemixos cinereus,connectens,BMNH,NA,m,20.7,100,82,NA,NJC,Hemixos cinereus morphometrics.xlsx,NA,NA,NA,NA
Hemixos cinereus,connectens,BMNH,NA,m,22.2,95,80,NA,NJC,Hemixos cinereus morphometrics.xlsx,NA,NA,NA,NA
Hemixos cinereus,connectens,BMNH,NA,m,22.7,95,81,NA,NJC,Hemixos cinereus morphometrics.xlsx,NA,NA,NA,NA
Hemixos cinereus,connectens,BMNH,NA,m,21.7,88,79,NA,NJC,Hemixos cinereus morphometrics.xlsx,NA,NA,NA,NA
Hemixos cinereus,connectens,BMNH,NA,m,21.4,92,74,NA,NJC,Hemixos cinereus morphometrics.xlsx,NA,NA,NA,NA
Hemixos cinereus,connectens,BMNH,NA,m,20.5,95,81,NA,NJC,Hemixos cinereus morphometrics.xlsx,NA,NA,NA,NA
Hemixos cinereus,cinereus,BMNH,NA,m,20,96,84,NA,NJC,Hemixos cinereus morphometrics.xlsx,NA,NA,NA,NA
Hemixos cinereus,cinereus,BMNH,NA,m,21.2,96,82,NA,NJC,Hemixos cinereus morphometrics.xlsx,NA,NA,NA,NA
Hemixos cinereus,cinereus,BMNH,NA,m,20,98,85,NA,NJC,Hemixos cinereus morphometrics.xlsx,NA,NA,NA,NA
Hemixos cinereus,cinereus,BMNH,NA,m,21.1,100,87,NA,NJC,Hemixos cinereus morphometrics.xlsx,NA,NA,NA,NA
Hemixos cinereus,cinereus,BMNH,NA,m,21.3,103,88,NA,NJC,Hemixos cinereus morphometrics.xlsx,NA,NA,NA,NA
Hemixos cinereus,cinereus,BMNH,NA,m,20.3,98,85,NA,NJC,Hemixos cinereus morphometrics.xlsx,NA,NA,NA,NA
Hemixos cinereus,cinereus,BMNH,NA,m,19.6,94,81,NA,NJC,Hemixos cinereus morphometrics.xlsx,NA,NA,NA,NA
Hemixos cinereus,cinereus,BMNH,NA,m,20.3,98,85,NA,NJC,Hemixos cinereus morphometrics.xlsx,NA,NA,NA,NA
Hemixos cinereus,cinereus,BMNH,NA,m,19.2,93,80,NA,NJC,Hemixos cinereus morphometrics.xlsx,NA,NA,NA,NA
Hemixos cinereus,cinereus,BMNH,NA,m,19.4,97,82,NA,NJC,Hemixos cinereus morphometrics.xlsx,NA,NA,NA,NA
Hypsipetes moheliensis,NA,BMNH,NA,m,28.1,123,107,bill-tip off; Con must have estimated it and gives (Ibis 103b: 69) 29.5; type specimen,NJC,Hypsipetes parvirostris morphometrics.xlsx,NA,NA,NA,NA
Hypsipetes moheliensis,NA,RMCA,NA,u,27.2,125,103,NA,NJC,Hypsipetes parvirostris morphometrics.xlsx,NA,NA,NA,NA
Hypsipetes moheliensis,NA,RMCA,NA,u,27.4,113,101,NA,NJC,Hypsipetes parvirostris morphometrics.xlsx,NA,NA,NA,NA
Hypsipetes moheliensis,NA,RMCA,NA,u,28,124,104,NA,NJC,Hypsipetes parvirostris morphometrics.xlsx,NA,NA,NA,NA
Hypsipetes moheliensis,NA,RMCA,NA,u,27.7,119,99,NA,NJC,Hypsipetes parvirostris morphometrics.xlsx,NA,NA,NA,NA
Hypsipetes moheliensis,NA,RMCA,NA,u,29.2,122,104,NA,NJC,Hypsipetes parvirostris morphometrics.xlsx,NA,NA,NA,NA
Hypsipetes moheliensis,NA,RMCA,NA,u,28.8,115,98,NA,NJC,Hypsipetes parvirostris morphometrics.xlsx,NA,NA,NA,NA
Hypsipetes moheliensis,NA,RMCA,NA,u,26.1,121,102,NA,NJC,Hypsipetes parvirostris morphometrics.xlsx,NA,NA,NA,NA
Hypsipetes moheliensis,NA,RMCA,NA,u,28.4,116,98,NA,NJC,Hypsipetes parvirostris morphometrics.xlsx,NA,NA,NA,NA
Hypsipetes moheliensis,NA,RMCA,NA,u,26.9,117,98,NA,NJC,Hypsipetes parvirostris morphometrics.xlsx,NA,NA,NA,NA
Hypsipetes parvirostris,NA,BMNH,1959.5.188,m,24.1,115,93,NA,NJC,Hypsipetes parvirostris morphometrics.xlsx,NA,NA,NA,NA
Hypsipetes parvirostris,NA,BMNH,1959.5.190,m,26.2,115,95,NA,NJC,Hypsipetes parvirostris morphometrics.xlsx,NA,NA,NA,NA
Hypsipetes parvirostris,NA,BMNH,1959.5.191,m,24.7,106,90,NA,NJC,Hypsipetes parvirostris morphometrics.xlsx,NA,NA,NA,NA
Hypsipetes parvirostris,NA,RMCA,83-43-A-261,m,24.6,112,92,NA,NJC,Hypsipetes parvirostris morphometrics.xlsx,NA,NA,NA,NA
Hypsipetes parvirostris,NA,RMCA,83-43-A-262,m,25,117,95,NA,NJC,Hypsipetes parvirostris morphometrics.xlsx,NA,NA,NA,NA
Hypsipetes parvirostris,NA,RMCA,83-43-A-272,m,26.6,113,92,NA,NJC,Hypsipetes parvirostris morphometrics.xlsx,NA,NA,NA,NA
Hypsipetes parvirostris,NA,RMCA,83-43-A-275,m,25.9,113,95,NA,NJC,Hypsipetes parvirostris morphometrics.xlsx,NA,NA,NA,NA
Hypsipetes parvirostris,NA,RMCA,83-43-A-183,m,24.7,111,93,NA,NJC,Hypsipetes parvirostris morphometrics.xlsx,NA,NA,NA,NA
Hypsipetes parvirostris,NA,RMCA,83-43-A-280,m,25.7,111,93,NA,NJC,Hypsipetes parvirostris morphometrics.xlsx,NA,NA,NA,NA
Hypsipetes parvirostris,NA,RMCA,83-43-A-283,m,24.6,115,99,NA,NJC,Hypsipetes parvirostris morphometrics.xlsx,NA,NA,NA,NA
Hypsipetes rufigularis,NA,BMNH,NA,m,NA,115,NA,This exercise is just to prove that rufigularis really is much bigger than philippinus,NJC,Hypsipetes philippinus morphometrics.xlsx,NA,NA,NA,NA
Hypsipetes rufigularis,NA,BMNH,NA,m,NA,114,NA,"Technically we need parkesi from Burias to hold this down, but the real comparison is with saturiator from the rest of Mindanao",NJC,Hypsipetes philippinus morphometrics.xlsx,NA,NA,NA,NA
Hypsipetes rufigularis,NA,BMNH,NA,m,NA,118,NA,NA,NJC,Hypsipetes philippinus morphometrics.xlsx,NA,NA,NA,NA
Hypsipetes rufigularis,NA,BMNH,NA,m,NA,118,NA,NA,NJC,Hypsipetes philippinus morphometrics.xlsx,NA,NA,NA,NA
Hypsipetes guimarasensis,NA,BMNH,NA,m,NA,106,NA,NA,NJC,Hypsipetes philippinus morphometrics.xlsx,NA,NA,NA,NA
Hypsipetes guimarasensis,NA,BMNH,NA,m,NA,105,NA,NA,NJC,Hypsipetes philippinus morphometrics.xlsx,NA,NA,NA,NA
Hypsipetes guimarasensis,NA,BMNH,NA,m,NA,104,NA,NA,NJC,Hypsipetes philippinus morphometrics.xlsx,NA,NA,NA,NA
Hypsipetes guimarasensis,NA,BMNH,NA,m,NA,108,NA,NA,NJC,Hypsipetes philippinus morphometrics.xlsx,NA,NA,NA,NA
Hypsipetes philippinus,saturatior,BMNH,NA,m,NA,102,NA,NA,NJC,Hypsipetes philippinus morphometrics.xlsx,NA,NA,NA,NA
Hypsipetes philippinus,saturatior,BMNH,NA,m,NA,107,NA,NA,NJC,Hypsipetes philippinus morphometrics.xlsx,NA,NA,NA,NA
Hypsipetes philippinus,saturatior,BMNH,NA,m,NA,97,NA,NA,NJC,Hypsipetes philippinus morphometrics.xlsx,NA,NA,NA,NA
Hypsipetes philippinus,saturatior,BMNH,NA,m,NA,106,NA,NA,NJC,Hypsipetes philippinus morphometrics.xlsx,NA,NA,NA,NA
Hypsipetes philippinus,philippinus,BMNH,NA,m,NA,98,NA,NA,NJC,Hypsipetes philippinus morphometrics.xlsx,NA,NA,NA,NA
Hypsipetes philippinus,philippinus,BMNH,NA,m,NA,99,NA,NA,NJC,Hypsipetes philippinus morphometrics.xlsx,NA,NA,NA,NA
Hypsipetes philippinus,philippinus,BMNH,NA,m,NA,95,NA,NA,NJC,Hypsipetes philippinus morphometrics.xlsx,NA,NA,NA,NA
Hypsipetes philippinus,philippinus,BMNH,NA,m,NA,99,NA,NA,NJC,Hypsipetes philippinus morphometrics.xlsx,NA,NA,NA,NA
Hypsipetes mindorensis,NA,BMNH,NA,m,NA,103,NA,NA,NJC,Hypsipetes philippinus morphometrics.xlsx,NA,NA,NA,NA
Hypsipetes mindorensis,NA,BMNH,NA,m,NA,108,NA,NA,NJC,Hypsipetes philippinus morphometrics.xlsx,NA,NA,NA,NA
Hypsipetes mindorensis,NA,BMNH,NA,m,NA,103,NA,NA,NJC,Hypsipetes philippinus morphometrics.xlsx,NA,NA,NA,NA
Hypsipetes everetti,haynaldi,BMNH,94.4.20.44,m,29,115,105,NA,NJC,Ixos everetti morphometrics.xlsx,NA,Sibutu,NA,NA
Hypsipetes everetti,haynaldi,BMNH,94.4.20.46,m,25.7,101,97,NA,NJC,Ixos everetti morphometrics.xlsx,NA,Bongao,NA,NA
Hypsipetes everetti,haynaldi,BMNH,1977.16.59,m,25.2,105,98,NA,NJC,Ixos everetti morphometrics.xlsx,NA,Batu Batu,NA,NA
Hypsipetes everetti,haynaldi,BMNH,94.4.20.45,f,25.5,106,96,NA,NJC,Ixos everetti morphometrics.xlsx,NA,Sibutu,NA,NA
Hypsipetes everetti,haynaldi,BMNH,94.4.20.47,f,25.1,103,96,NA,NJC,Ixos everetti morphometrics.xlsx,NA,Bongao,NA,NA
Hypsipetes everetti,everetti,BMNH,88.4.1.321,m,27.9,116,98,NA,NJC,Ixos everetti morphometrics.xlsx,NA,NA,NA,NA
Hypsipetes everetti,everetti,BMNH,88.4.1.322,m,28.6,111,92,NA,NJC,Ixos everetti morphometrics.xlsx,NA,NA,NA,NA
Hypsipetes everetti,everetti,BMNH,88.4.1.325,m,28.2,116,94,NA,NJC,Ixos everetti morphometrics.xlsx,NA,NA,NA,NA
Hypsipetes everetti,everetti,BMNH,88.4.1.326,m,27.6,117,95,NA,NJC,Ixos everetti morphometrics.xlsx,NA,NA,NA,NA
Hypsipetes everetti,everetti,BMNH,88.4.1.327,m,28.6,NA,92,wing moult/damage,NJC,Ixos everetti morphometrics.xlsx,NA,NA,NA,NA
Hypsipetes everetti,everetti,BMNH,88.4.1.328,m,28.7,112,93,NA,NJC,Ixos everetti morphometrics.xlsx,NA,NA,NA,NA
Hypsipetes everetti,everetti,BMNH,96.6.6.317,m,29.1,112,95,NA,NJC,Ixos everetti morphometrics.xlsx,NA,NA,NA,NA
Hypsipetes everetti,everetti,BMNH,96.6.6.319,m,27.8,112,96,NA,NJC,Ixos everetti morphometrics.xlsx,NA,NA,NA,NA
Hypsipetes everetti,everetti,BMNH,97.5.13.522,m,27.3,116,95,NA,NJC,Ixos everetti morphometrics.xlsx,NA,NA,NA,NA
Hypsipetes everetti,everetti,BMNH,1905.11.26.82,m,28.4,116,95,NA,NJC,Ixos everetti morphometrics.xlsx,NA,NA,NA,NA
Hypsipetes everetti,everetti,BMNH,1977.16.60,m,27.5,114,91,NA,NJC,Ixos everetti morphometrics.xlsx,NA,NA,NA,NA
Hypsipetes everetti,everetti,BMNH,uncat,m,27.6,114,92,NA,NJC,Ixos everetti morphometrics.xlsx,NA,Surigao,NA,NA
Hypsipetes everetti,everetti,BMNH,88.4.1.323,f,26.6,110,90,NA,NJC,Ixos everetti morphometrics.xlsx,NA,NA,NA,NA
Hypsipetes everetti,everetti,BMNH,96.6.6.318,f,27.1,107,88,NA,NJC,Ixos everetti morphometrics.xlsx,NA,NA,NA,NA
Hypsipetes everetti,everetti,BMNH,96.6.6.320,f,26.9,112,90,NA,NJC,Ixos everetti morphometrics.xlsx,NA,NA,NA,NA
Hypsipetes everetti,everetti,BMNH,97.5.13.523,f,NA,106,91,bill-tip gone,NJC,Ixos everetti morphometrics.xlsx,NA,NA,NA,NA
Hypsipetes everetti,everetti,BMNH,1977.16.58,f,25.9,106,88,NA,NJC,Ixos everetti morphometrics.xlsx,NA,NA,NA,NA
Hypsipetes siquijorensis,cinereiceps,PNM,10981,m,33,126,109,NA,NJC,Ixos siquijorensis monticola morphometrics.xlsx,18.02.1972,Tablas,NA,23
Hypsipetes siquijorensis,cinereiceps,PNM,10982,f,NA,NA,NA,bill-tip snapped; wing and tail frayed,NJC,Ixos siquijorensis monticola morphometrics.xlsx,12.02.1972,Tablas,NA,23
Hypsipetes siquijorensis,cinereiceps,PNM,10983,f,31,118,NA,tail frayed,NJC,Ixos siquijorensis monticola morphometrics.xlsx,13.02.1972,Tablas,NA,22
Hypsipetes siquijorensis,cinereiceps,PNM,10984,f,33,120,107,"Label says Ambunan, Bagacay, Romblon; only ref to register shows this is Sibuyan",NJC,Ixos siquijorensis monticola morphometrics.xlsx,02.04.1972,Sibuyan,NA,22
Hypsipetes siquijorensis,cinereiceps,AMNH,307997,m,35,128,110,NA,NJC,Ixos siquijorensis monticola morphometrics.xlsx,05.09.1892,Romblon,NA,24
Hypsipetes siquijorensis,cinereiceps,AMNH,307998,f,32,122,109,NA,NJC,Ixos siquijorensis monticola morphometrics.xlsx,07.09.1892,Romblon,NA,24
Hypsipetes siquijorensis,cinereiceps,USNM,315421,m,34,126,112,NA,NJC,Ixos siquijorensis monticola morphometrics.xlsx,21.09.1892,Tablas,NA,27
Hypsipetes siquijorensis,cinereiceps,USNM,211054,f,32,120,108,NA,NJC,Ixos siquijorensis monticola morphometrics.xlsx,31.08.1905,Tablas,NA,24
Hypsipetes siquijorensis,cinereiceps,USNM,192640,m,34,130,111,NA,NJC,Ixos siquijorensis monticola morphometrics.xlsx,28.05.1904,Romblon,NA,24
Hypsipetes siquijorensis,cinereiceps,USNM,211053,m,32,125,107,NA,NJC,Ixos siquijorensis monticola morphometrics.xlsx,02.09.1905,Tablas,NA,23
Hypsipetes siquijorensis,siquijorensis,BMNH,91.4.25.14,f,30,120,108,NA,NJC,Ixos siquijorensis monticola morphometrics.xlsx,Feb 1888,Siquijor,NA,24
Hypsipetes siquijorensis,siquijorensis,BMNH,96.6.6.315,f,30,119,112,NA,NJC,Ixos siquijorensis monticola morphometrics.xlsx,10.02.18--,Siquijor,NA,25
Hypsipetes siquijorensis,siquijorensis,AMNH,459821,m,30,127,109,NA,NJC,Ixos siquijorensis monticola morphometrics.xlsx,01.06.1953,Siquijor,NA,24
Hypsipetes siquijorensis,siquijorensis,AMNH,459822,m,32,134,119,NA,NJC,Ixos siquijorensis monticola morphometrics.xlsx,02.06.1953,Siquijor,NA,25
Hypsipetes siquijorensis,siquijorensis,AMNH,459823,m,31,129,111,NA,NJC,Ixos siquijorensis monticola morphometrics.xlsx,02.06.1953,Siquijor,NA,25
Hypsipetes siquijorensis,siquijorensis,AMNH,459824,m,31,127,111,NA,NJC,Ixos siquijorensis monticola morphometrics.xlsx,02.06.1953,Siquijor,NA,24
Hypsipetes siquijorensis,siquijorensis,AMNH,459825,f,31,130,111,NA,NJC,Ixos siquijorensis monticola morphometrics.xlsx,31.05.1953,Siquijor,NA,24
Hypsipetes siquijorensis,siquijorensis,AMNH,459826,f,29,116,114,NA,NJC,Ixos siquijorensis monticola morphometrics.xlsx,02.06.1953,Siquijor,NA,24
Hypsipetes siquijorensis,siquijorensis,AMNH,307996,m,NA,128,115,bill snapped,NJC,Ixos siquijorensis monticola morphometrics.xlsx,01.04.1908,Siquijor,NA,24
Hypsipetes siquijorensis,siquijorensis,USNM,211050,f,31,119,109,NA,NJC,Ixos siquijorensis monticola morphometrics.xlsx,01.04.1908,Siquijor,NA,24
Hypsipetes siquijorensis,monticola,USNM,211056,m,29,120,105,In USNM extinct cases,NJC,Ixos siquijorensis monticola morphometrics.xlsx,30.10.1906,Cebu,NA,23
Hypsipetes siquijorensis,monticola,USNM,316152,f,31,111,105,In USNM extinct cases,NJC,Ixos siquijorensis monticola morphometrics.xlsx,26.06.1892,Cebu,NA,23
Ixos sumatranus,NA,BMNH,1920.6.29.297,f,20.3,91,81,NA,NJC,Ixos virescens morphometrics.xlsx,NA,NA,NA,NA
Ixos sumatranus,NA,BMNH,1920.6.29.298,f,19.2,86,76,NA,NJC,Ixos virescens morphometrics.xlsx,NA,NA,NA,NA
Ixos sumatranus,NA,BMNH,1920.6.29.300,f,19.2,91,82,NA,NJC,Ixos virescens morphometrics.xlsx,NA,NA,NA,NA
Ixos sumatranus,NA,BMNH,1920.6.29.305,f,19.6,83,76,NA,NJC,Ixos virescens morphometrics.xlsx,NA,NA,NA,NA
Ixos virescens,NA,BMNH,73.5.12.25,f,19.5,84,79,NA,NJC,Ixos virescens morphometrics.xlsx,NA,NA,NA,NA
Ixos virescens,NA,BMNH,81.3.13.1,f,20.8,77,70,NA,NJC,Ixos virescens morphometrics.xlsx,NA,NA,NA,NA
Ixos virescens,NA,BMNH,1919.12.12.105,f,19.3,84,76,NA,NJC,Ixos virescens morphometrics.xlsx,NA,NA,NA,NA
Ixos virescens,NA,BMNH,1919.12.12.106,f,19.7,95,79,NA,NJC,Ixos virescens morphometrics.xlsx,NA,NA,NA,NA
Ixos virescens,NA,BMNH,1927.4.18.598,f,20.4,83,80,NA,NJC,Ixos virescens morphometrics.xlsx,NA,NA,NA,NA
Ixos virescens,NA,BMNH,1927.4.18.599,f,19.8,88,82,NA,NJC,Ixos virescens morphometrics.xlsx,NA,NA,NA,NA
Ixos virescens,NA,BMNH,1927.4.18.602,f,21.4,88,85,NA,NJC,Ixos virescens morphometrics.xlsx,NA,NA,NA,NA
Ixos virescens,NA,BMNH,1929.3.16.84,f,20.8,83,76,NA,NJC,Ixos virescens morphometrics.xlsx,NA,NA,NA,NA
Ixos virescens,NA,BMNH,1969.41.982,f,NA,85,81,NA,NJC,Ixos virescens morphometrics.xlsx,NA,NA,NA,NA
Hypsipetes platenae,NA,RMNH,84768,m,26.7,117,107,Only one in RMNH,NJC,Morphometrics of Thapsinillas (all specimens).xlsx,NA,Sangihe,NA,18
Hypsipetes platenae,NA,SNMB,N13945,m,28,123,111,SNMB = Braunschweig,NJC,Morphometrics of Thapsinillas (all specimens).xlsx,NA,Sangihe,NA,21
Hypsipetes platenae,NA,SNMB,N43300,m,28.3,123,110,NA,NJC,Morphometrics of Thapsinillas (all specimens).xlsx,NA,Sangihe,NA,21
Hypsipetes aureus,NA,BMNH,88.4.1.448,m,27.1,124,111,NA,NJC,Morphometrics of Thapsinillas (all specimens).xlsx,NA,Togian,NA,21
Hypsipetes aureus,NA,ZMB,2000/26784,f,NA,110,105,bill-tip broken; lower mand almost intact:25.2,NJC,Morphometrics of Thapsinillas (all specimens).xlsx,NA,NA,NA,20
Hypsipetes lucasi,NA,RMNH,126615,m,23.6,106,87,Only one in RMNH,NJC,Morphometrics of Thapsinillas (all specimens).xlsx,NA,Obi,NA,19
Hypsipetes lucasi,NA,BMNH,1900.3.1.33,u,23.5,102,84,All the specimens in BMNH (type in AMNH),NJC,Morphometrics of Thapsinillas (all specimens).xlsx,NA,NA,NA,NA
Hypsipetes lucasi,NA,BMNH,1903.6.2.41,f,23.2,104,86,NA,NJC,Morphometrics of Thapsinillas (all specimens).xlsx,NA,NA,NA,19
Hypsipetes lucasi,NA,BMNH,1903.6.2.42,m,23.2,104,82,NA,NJC,Morphometrics of Thapsinillas (all specimens).xlsx,NA,NA,NA,19
Hypsipetes lucasi,NA,BMNH,1903.6.2.43,f,23.9,102,86,NA,NJC,Morphometrics of Thapsinillas (all specimens).xlsx,NA,NA,NA,18
Hypsipetes lucasi,NA,BMNH,1969.27.338,m,23.5,110,87,NA,NJC,Morphometrics of Thapsinillas (all specimens).xlsx,NA,NA,NA,18
Hypsipetes lucasi,NA,BMNH,1969.27.339,m,NA,103,86,NA,NJC,Morphometrics of Thapsinillas (all specimens).xlsx,NA,NA,NA,19
Hypsipetes lucasi,NA,BMNH,1969.27.340,m,23.6,108,86,NA,NJC,Morphometrics of Thapsinillas (all specimens).xlsx,NA,NA,NA,19
Hypsipetes lucasi,NA,BMNH,1969.27.341,m,23.1,105,86,NA,NJC,Morphometrics of Thapsinillas (all specimens).xlsx,NA,NA,NA,18
Hypsipetes lucasi,NA,BMNH,1969.27.342,m,24.3,106,90,NA,NJC,Morphometrics of Thapsinillas (all specimens).xlsx,NA,NA,NA,19
Hypsipetes lucasi,NA,BMNH,1969.27.343,f,22.9,110,89,NA,NJC,Morphometrics of Thapsinillas (all specimens).xlsx,NA,NA,NA,17
Hypsipetes lucasi,NA,BMNH,1969.27.344,f,22.2,101,88,NA,NJC,Morphometrics of Thapsinillas (all specimens).xlsx,NA,NA,NA,NA
Hypsipetes lucasi,NA,ZMB,2000/26787,f,23.7,101,85,NA,NJC,Morphometrics of Thapsinillas (all specimens).xlsx,NA,NA,NA,19
Hypsipetes longirostris,NA,RMNH,126611,u,31.1,111,104,NA,NJC,Morphometrics of Thapsinillas (all specimens).xlsx,NA,Sula,NA,21
Hypsipetes longirostris,NA,RMNH,126610,u,31.1,115,107,NA,NJC,Morphometrics of Thapsinillas (all specimens).xlsx,NA,Sula,NA,20
Hypsipetes longirostris,NA,RMNH,167467,u,29.9,117,104,mount,NJC,Morphometrics of Thapsinillas (all specimens).xlsx,NA,NA,NA,NA
Hypsipetes longirostris,NA,RMNH,167454,u,27.4,114,102,mount,NJC,Morphometrics of Thapsinillas (all specimens).xlsx,NA,NA,NA,22
Hypsipetes longirostris,NA,RMNH,167458,u,29.9,110,102,mount,NJC,Morphometrics of Thapsinillas (all specimens).xlsx,NA,NA,NA,NA
Hypsipetes longirostris,NA,RMNH,167490,u,29.9,116,102,mount,NJC,Morphometrics of Thapsinillas (all specimens).xlsx,NA,NA,NA,NA
Hypsipetes longirostris,NA,RMNH,167448,u,NA,117,114,mount,NJC,Morphometrics of Thapsinillas (all specimens).xlsx,NA,NA,NA,NA
Hypsipetes longirostris,NA,RMNH,167480,u,29.7,110,100,mount,NJC,Morphometrics of Thapsinillas (all specimens).xlsx,NA,NA,NA,NA
Hypsipetes longirostris,NA,RMNH,167503,u,27.6,112,103,mount,NJC,Morphometrics of Thapsinillas (all specimens).xlsx,NA,NA,NA,NA
Hypsipetes longirostris,NA,BMNH,62.12.21.8,u,30.9,119,111,NA,NJC,Morphometrics of Thapsinillas (all specimens).xlsx,NA,NA,NA,22
Hypsipetes longirostris,NA,BMNH,73.5.12.89,u,30.3,115,109,NA,NJC,Morphometrics of Thapsinillas (all specimens).xlsx,NA,NA,NA,21
Hypsipetes longirostris,NA,BMNH,88.4.1.451,u,31.7,126,113,NA,NJC,Morphometrics of Thapsinillas (all specimens).xlsx,NA,NA,NA,21
Hypsipetes longirostris,NA,BMNH,88.4.1.452,u,28.4,111,112,NA,NJC,Morphometrics of Thapsinillas (all specimens).xlsx,NA,NA,NA,22
Hypsipetes longirostris,NA,BMNH,1934.10.21.139,m,29.5,116,107,NA,NJC,Morphometrics of Thapsinillas (all specimens).xlsx,NA,NA,NA,21
Hypsipetes longirostris,NA,BMNH,1934.10.21.140,m,27.9,109,104,NA,NJC,Morphometrics of Thapsinillas (all specimens).xlsx,NA,NA,NA,22
Hypsipetes longirostris,NA,ZMB,2000/26785,u,28.6,122,115,NA,NJC,Morphometrics of Thapsinillas (all specimens).xlsx,NA,NA,NA,21
Hypsipetes longirostris,NA,SMTD,C45158,m,30.5,118,108,Dresden,NJC,Morphometrics of Thapsinillas (all specimens).xlsx,NA,Taliabu,NA,21
Hypsipetes longirostris,NA,SMTD,C45159,m,28.3,117,105,NA,NJC,Morphometrics of Thapsinillas (all specimens).xlsx,NA,Taliabu,NA,21
Hypsipetes longirostris,NA,SMTD,C45160,f,29.4,110,102,NA,NJC,Morphometrics of Thapsinillas (all specimens).xlsx,NA,Taliabu,NA,21
Hypsipetes longirostris,NA,SMTD,C16178,m,31,122,110,NA,NJC,Morphometrics of Thapsinillas (all specimens).xlsx,NA,Mangoli,NA,22
Hypsipetes longirostris,NA,SMTD,C16179,m,30.4,118,111,NA,NJC,Morphometrics of Thapsinillas (all specimens).xlsx,NA,Mangoli,NA,21
Hypsipetes longirostris,NA,SMTD,C16180,m,32,122,111,NA,NJC,Morphometrics of Thapsinillas (all specimens).xlsx,NA,Mangoli,NA,21
Hypsipetes longirostris,NA,SMTD,C16181,f,29.1,112,102,NA,NJC,Morphometrics of Thapsinillas (all specimens).xlsx,NA,Mangoli,NA,21
Hypsipetes harterti,NA,BMNH,1939.12.9.1980,u,NA,118,NA,bill-tip gone; only 2 rectrices,NJC,Morphometrics of Thapsinillas (all specimens).xlsx,NA,Peleng,NA,22
Hypsipetes harterti,NA,ZMB,33661,u,28.9,115,102,NA,NJC,Morphometrics of Thapsinillas (all specimens).xlsx,NA,Peleng,NA,21
Hypsipetes harterti,NA,SNMB,N20054,u,28.6,127,108,NA,NJC,Morphometrics of Thapsinillas (all specimens).xlsx,NA,Banggai,NA,21
Hypsipetes harterti,NA,SMTD,C14702,u,28.5,128,112,NA,NJC,Morphometrics of Thapsinillas (all specimens).xlsx,NA,Banggai,NA,22
Hypsipetes harterti,NA,SMTD,C14703,u,28.7,119,106,NA,NJC,Morphometrics of Thapsinillas (all specimens).xlsx,NA,Banggai,NA,20
Hypsipetes harterti,NA,SMTD,C14705,u,29.3,121,109,NA,NJC,Morphometrics of Thapsinillas (all specimens).xlsx,NA,Banggai,NA,20
Hypsipetes harterti,NA,SMTD,C14570,u,28.9,122,112,NA,NJC,Morphometrics of Thapsinillas (all specimens).xlsx,NA,Peleng,NA,21
Hypsipetes harterti,NA,SMTD,C14571,u,27.5,119,106,NA,NJC,Morphometrics of Thapsinillas (all specimens).xlsx,NA,Peleng,NA,21
Hypsipetes harterti,NA,SMTD,C14572,u,30.9,125,111,NA,NJC,Morphometrics of Thapsinillas (all specimens).xlsx,NA,Peleng,NA,22
Hypsipetes harterti,NA,SMTD,C14573,u,31.1,126,112,unmeasurable tarsi,NJC,Morphometrics of Thapsinillas (all specimens).xlsx,NA,Peleng,NA,NA
Hypsipetes harterti,NA,SMTD,C45155,f,27.6,114,105,NA,NJC,Morphometrics of Thapsinillas (all specimens).xlsx,NA,Peleng,NA,21
Hypsipetes harterti,NA,SMTD,C45156,f,27,112,NA,tail in moult,NJC,Morphometrics of Thapsinillas (all specimens).xlsx,NA,Peleng,NA,21
Hypsipetes harterti,NA,SMTD,C45157,m,29.5,123,113,NA,NJC,Morphometrics of Thapsinillas (all specimens).xlsx,NA,Peleng,NA,22
Hypsipetes mysticalis,NA,RMNH,27268,f,26,103,95,NA,NJC,Morphometrics of Thapsinillas (all specimens).xlsx,NA,Buru,NA,21
Hypsipetes mysticalis,NA,RMNH,27270,f,25.5,102,92,NA,NJC,Morphometrics of Thapsinillas (all specimens).xlsx,NA,Buru,NA,21
Hypsipetes mysticalis,NA,RMNH,27269,m,24.2,107,91,NA,NJC,Morphometrics of Thapsinillas (all specimens).xlsx,NA,NA,NA,20
Hypsipetes mysticalis,NA,RMNH,ZMA 8233,u,25,99,89,NA,NJC,Morphometrics of Thapsinillas (all specimens).xlsx,NA,NA,NA,20
Hypsipetes mysticalis,NA,RMNH,ZMA 8234,u,26.6,103,91,NA,NJC,Morphometrics of Thapsinillas (all specimens).xlsx,NA,NA,NA,18
Hypsipetes mysticalis,NA,RMNH,ZMA 8232,f,23.9,107,94,right wing measured,NJC,Morphometrics of Thapsinillas (all specimens).xlsx,NA,NA,NA,19
Hypsipetes mysticalis,NA,RMNH,ZMA 32.297,u,25.8,101,86,identified by CSR (correctly); had no data,NJC,Morphometrics of Thapsinillas (all specimens).xlsx,NA,NA,NA,21
Hypsipetes mysticalis,NA,RMNH,ZMA 1747,u,27.1,109,92,NA,NJC,Morphometrics of Thapsinillas (all specimens).xlsx,NA,NA,NA,20
Hypsipetes mysticalis,NA,BMNH,73.5.12.83,f,25.1,98,91,all males in BMNH; plus the needed 7 females,NJC,Morphometrics of Thapsinillas (all specimens).xlsx,NA,NA,NA,19
Hypsipetes mysticalis,NA,BMNH,99.5.24.2,f,25.6,102,92,NA,NJC,Morphometrics of Thapsinillas (all specimens).xlsx,NA,NA,NA,20
Hypsipetes mysticalis,NA,BMNH,1923.9.15.88,m,26,111,92,NA,NJC,Morphometrics of Thapsinillas (all specimens).xlsx,NA,NA,NA,20
Hypsipetes mysticalis,NA,BMNH,1923.9.15.89,u,26.8,114,100,NA,NJC,Morphometrics of Thapsinillas (all specimens).xlsx,NA,NA,NA,19
Hypsipetes mysticalis,NA,BMNH,1923.9.15.92,f,25.6,105,96,NA,NJC,Morphometrics of Thapsinillas (all specimens).xlsx,NA,NA,NA,19
Hypsipetes mysticalis,NA,BMNH,1923.9.15.93,f,24.8,101,88,NA,NJC,Morphometrics of Thapsinillas (all specimens).xlsx,NA,NA,NA,19
Hypsipetes mysticalis,NA,BMNH,1910.12.28.191,f,26.5,104,88,NA,NJC,Morphometrics of Thapsinillas (all specimens).xlsx,NA,NA,NA,NA
Hypsipetes mysticalis,NA,BMNH,1910.12.28.192,m,26.1,108,93,NA,NJC,Morphometrics of Thapsinillas (all specimens).xlsx,NA,NA,NA,20
Hypsipetes mysticalis,NA,BMNH,1969.29.200,f,26.3,103,91,wing moult,NJC,Morphometrics of Thapsinillas (all specimens).xlsx,NA,NA,NA,19
Hypsipetes mysticalis,NA,BMNH,1969.29.202,m,27,111,95,NA,NJC,Morphometrics of Thapsinillas (all specimens).xlsx,NA,NA,NA,19
Hypsipetes mysticalis,NA,BMNH,1969.29.203,f,26.1,106,95,NA,NJC,Morphometrics of Thapsinillas (all specimens).xlsx,NA,NA,NA,19
Hypsipetes mysticalis,NA,BMNH,1969.41.1038,u,24.7,100,98,wing-tips damaged,NJC,Morphometrics of Thapsinillas (all specimens).xlsx,NA,NA,NA,19
Hypsipetes mysticalis,NA,BMNH,1969.52.1047,u,25.5,98,91,NA,NJC,Morphometrics of Thapsinillas (all specimens).xlsx,NA,NA,NA,20
Hypsipetes affinis,affinis,BMNH,60.12.6.17,u,28.2,110,87,All BMNH material,NJC,Morphometrics of Thapsinillas (all specimens).xlsx,NA,Seram,NA,21
Hypsipetes affinis,affinis,BMNH,73.5.12.91,f,26.6,105,83,NA,NJC,Morphometrics of Thapsinillas (all specimens).xlsx,NA,NA,NA,20
Hypsipetes affinis,affinis,BMNH,73.5.12.92,m,28.5,108,88,NA,NJC,Morphometrics of Thapsinillas (all specimens).xlsx,NA,NA,NA,21
Hypsipetes affinis,affinis,BMNH,81.5.1.239,u,27.7,109,85,NA,NJC,Morphometrics of Thapsinillas (all specimens).xlsx,NA,NA,NA,20
Hypsipetes affinis,affinis,BMNH,81.5.1.240,u,28.9,117,94,NA,NJC,Morphometrics of Thapsinillas (all specimens).xlsx,NA,NA,NA,20
Hypsipetes affinis,affinis,BMNH,88.4.1.449,u,27.2,115,91,NA,NJC,Morphometrics of Thapsinillas (all specimens).xlsx,NA,NA,NA,19
Hypsipetes affinis,affinis,BMNH,98.10.2.361,u,28.6,109,85,NA,NJC,Morphometrics of Thapsinillas (all specimens).xlsx,NA,NA,NA,19
Hypsipetes affinis,affinis,BMNH,1910.12.28.188,m,27.5,107,84,NA,NJC,Morphometrics of Thapsinillas (all specimens).xlsx,NA,NA,NA,NA
Hypsipetes affinis,affinis,BMNH,1910.12.28.189,m,27.9,109,86,NA,NJC,Morphometrics of Thapsinillas (all specimens).xlsx,NA,NA,NA,20
Hypsipetes affinis,affinis,BMNH,1910.12.28.190,f,25.3,103,84,NA,NJC,Morphometrics of Thapsinillas (all specimens).xlsx,NA,NA,NA,20
Hypsipetes affinis,affinis,BMNH,1910.12.28.193,m,29.8,114,91,NA,NJC,Morphometrics of Thapsinillas (all specimens).xlsx,NA,NA,NA,19
Hypsipetes affinis,affinis,BMNH,1910.12.28.194,f,27.1,104,84,NA,NJC,Morphometrics of Thapsinillas (all specimens).xlsx,NA,NA,NA,21
Hypsipetes affinis,flavicaudus,BMNH,54.1.28.6,u,29.6,115,94,All BMNH material,NJC,Morphometrics of Thapsinillas (all specimens).xlsx,NA,NA,NA,20
Hypsipetes affinis,flavicaudus,BMNH,1913.6.10.136,m,28.9,114,95,NA,NJC,Morphometrics of Thapsinillas (all specimens).xlsx,NA,NA,NA,19
Hypsipetes affinis,flavicaudus,BMNH,1913.6.10.137,f,29.2,113,98,NA,NJC,Morphometrics of Thapsinillas (all specimens).xlsx,NA,NA,NA,21
Hypsipetes affinis,flavicaudus,BMNH,1913.6.10.138,m,27.3,109,94,NA,NJC,Morphometrics of Thapsinillas (all specimens).xlsx,NA,NA,NA,20
Hypsipetes affinis,flavicaudus,BMNH,1913.6.10.139,m,27.9,113,90,NA,NJC,Morphometrics of Thapsinillas (all specimens).xlsx,NA,NA,NA,19
Hypsipetes affinis,flavicaudus,ZMB,33/858,m,27,106,90,NA,NJC,Morphometrics of Thapsinillas (all specimens).xlsx,NA,NA,NA,21
Hypsipetes affinis,flavicaudus,SNMB,N6623,m,29,108,96,NA,NJC,Morphometrics of Thapsinillas (all specimens).xlsx,NA,NA,NA,19
Hypsipetes affinis,flavicaudus,SNMB,N43299,m,28.3,113,91,NA,NJC,Morphometrics of Thapsinillas (all specimens).xlsx,NA,NA,NA,21
Hypsipetes chloris,NA,BMNH,1969.27.329,m,23.8,99,82,"First 10 spex from Bacan, including all sexed spex",NJC,Morphometrics of Thapsinillas (all specimens).xlsx,NA,Bacan,NA,17
Hypsipetes chloris,NA,BMNH,1969.27.330,m,23.6,99,81,NA,NJC,Morphometrics of Thapsinillas (all specimens).xlsx,NA,Bacan,NA,19
Hypsipetes chloris,NA,BMNH,1969.27.331,m,NA,100,86,NA,NJC,Morphometrics of Thapsinillas (all specimens).xlsx,NA,Bacan,NA,19
Hypsipetes chloris,NA,BMNH,1969.27.332,f,21.6,96,80,NA,NJC,Morphometrics of Thapsinillas (all specimens).xlsx,NA,Bacan,NA,18
Hypsipetes chloris,NA,BMNH,1969.27.334,f,21.9,93,NA,NA,NJC,Morphometrics of Thapsinillas (all specimens).xlsx,NA,Bacan,NA,19
Hypsipetes chloris,NA,BMNH,1969.27.335,f,22.3,100,83,NA,NJC,Morphometrics of Thapsinillas (all specimens).xlsx,NA,Bacan,NA,19
Hypsipetes chloris,NA,BMNH,uncatalogued,m,23.3,102,81,"Bernstein, 27.12.1860",NJC,Morphometrics of Thapsinillas (all specimens).xlsx,NA,Bacan,NA,19
Hypsipetes chloris,NA,BMNH,1969.41.1037,u,24.5,102,84,NA,NJC,Morphometrics of Thapsinillas (all specimens).xlsx,NA,Bacan,NA,19
Hypsipetes chloris,NA,BMNH,60.2.4.27,u,21.1,96,86,NA,NJC,Morphometrics of Thapsinillas (all specimens).xlsx,NA,Bacan,NA,18
Hypsipetes chloris,NA,BMNH,60.2.4.28,u,21.3,93,85,NA,NJC,Morphometrics of Thapsinillas (all specimens).xlsx,NA,Bacan,NA,18
Hypsipetes chloris,NA,ZMB,27/77,m,22.4,97,82,NA,NJC,Morphometrics of Thapsinillas (all specimens).xlsx,NA,Bacan,NA,19
Hypsipetes chloris,NA,SNMB,N43298,m,21,101,87,NA,NJC,Morphometrics of Thapsinillas (all specimens).xlsx,NA,Bacan,NA,18
Hypsipetes chloris,NA,SNMB,N43296,f,21.6,101,79,13 from Bacan,NJC,Morphometrics of Thapsinillas (all specimens).xlsx,NA,Bacan,NA,18
Hypsipetes chloris,NA,BMNH,60.9.5.39,m,22.4,99,86,All 8 BMNH spex from Halmahera,NJC,Morphometrics of Thapsinillas (all specimens).xlsx,NA,Halmahera,NA,19
Hypsipetes chloris,NA,BMNH,62.9.11.18,u,22.2,91,80,NA,NJC,Morphometrics of Thapsinillas (all specimens).xlsx,NA,Halmahera,NA,19
Hypsipetes chloris,NA,BMNH,73.5.12.85,u,21.5,98,85,NA,NJC,Morphometrics of Thapsinillas (all specimens).xlsx,NA,Halmahera,NA,19
Hypsipetes chloris,NA,BMNH,88.4.1.446,u,21.6,99,86,NA,NJC,Morphometrics of Thapsinillas (all specimens).xlsx,NA,Halmahera,NA,19
Hypsipetes chloris,NA,BMNH,98.10.2.91,u,20.7,93,85,NA,NJC,Morphometrics of Thapsinillas (all specimens).xlsx,NA,Halmahera,NA,18
Hypsipetes chloris,NA,BMNH,98.10.2.92,u,23.1,107,85,NA,NJC,Morphometrics of Thapsinillas (all specimens).xlsx,NA,Halmahera,NA,19
Hypsipetes chloris,NA,BMNH,1969.27.336,f,20.8,97,82,NA,NJC,Morphometrics of Thapsinillas (all specimens).xlsx,NA,Halmahera,NA,18
Hypsipetes chloris,NA,BMNH,1969.52.1013,u,23.5,101,84,NA,NJC,Morphometrics of Thapsinillas (all specimens).xlsx,NA,Halmahera,NA,19
Hypsipetes chloris,NA,ZMB,55/209,f,21.1,93,81,NA,NJC,Morphometrics of Thapsinillas (all specimens).xlsx,NA,Halmahera,NA,18
Hypsipetes chloris,NA,ZMB,55/211,f,21.7,98,79,NA,NJC,Morphometrics of Thapsinillas (all specimens).xlsx,NA,Halmahera,NA,18
Hypsipetes chloris,NA,ZMB,55/208,m,23.6,95,81,NA,NJC,Morphometrics of Thapsinillas (all specimens).xlsx,NA,Halmahera,NA,18
Hypsipetes chloris,NA,ZMB,55/213,m,23,101,79,NA,NJC,Morphometrics of Thapsinillas (all specimens).xlsx,NA,Halmahera,NA,19
Hypsipetes chloris,NA,ZMB,2000/26786,u,23,100,85,NA,NJC,Morphometrics of Thapsinillas (all specimens).xlsx,NA,Halmahera,NA,18
Hypsipetes chloris,NA,ZMB,55/212,m,21.7,103,85,NA,NJC,Morphometrics of Thapsinillas (all specimens).xlsx,NA,Halmahera,NA,19
Hypsipetes chloris,NA,ZMB,55/210,m,21.7,102,81,NA,NJC,Morphometrics of Thapsinillas (all specimens).xlsx,NA,Halmahera,NA,18
Hypsipetes chloris,NA,SNMB,N43295,f,23.3,97,83,16 from Halmahera,NJC,Morphometrics of Thapsinillas (all specimens).xlsx,NA,Halmahera,NA,19
Hypsipetes chloris,NA,BMNH,1900.2.8.39,u,23.3,97,81,All 10 BMNH spex from Morotai,NJC,Morphometrics of Thapsinillas (all specimens).xlsx,NA,Morotai,NA,19
Hypsipetes chloris,NA,BMNH,1969.41.1021,u,22.4,97,81,NA,NJC,Morphometrics of Thapsinillas (all specimens).xlsx,NA,Morotai,NA,19
Hypsipetes chloris,NA,BMNH,1969.41.1023,u,24.2,97,85,NA,NJC,Morphometrics of Thapsinillas (all specimens).xlsx,NA,Morotai,NA,20
Hypsipetes chloris,NA,BMNH,1969.41.1024,u,21.8,96,81,NA,NJC,Morphometrics of Thapsinillas (all specimens).xlsx,NA,Morotai,NA,18
Hypsipetes chloris,NA,BMNH,1969.41.1026,u,23.4,99,84,NA,NJC,Morphometrics of Thapsinillas (all specimens).xlsx,NA,Morotai,NA,18
Hypsipetes chloris,NA,BMNH,1969.41.1027,u,24.2,99,83,NA,NJC,Morphometrics of Thapsinillas (all specimens).xlsx,NA,Morotai,NA,19
Hypsipetes chloris,NA,BMNH,1969.41.1029,u,21.9,NA,82,wing-tip damaged,NJC,Morphometrics of Thapsinillas (all specimens).xlsx,NA,Morotai,NA,19
Hypsipetes chloris,NA,BMNH,1969.41.1030,u,21.1,91,80,NA,NJC,Morphometrics of Thapsinillas (all specimens).xlsx,NA,Morotai,NA,19
Hypsipetes chloris,NA,BMNH,1969.41.1031,u,22,96,86,NA,NJC,Morphometrics of Thapsinillas (all specimens).xlsx,NA,Morotai,NA,19
Hypsipetes chloris,NA,BMNH,1969.41.1033,u,21.5,98,85,10 from Morotai,NJC,Morphometrics of Thapsinillas (all specimens).xlsx,NA,Morotai,NA,18
Pycnonotus snouckaerti,NA,RMNH,38155,m,17.4,94,100,type,NJC,Pycnonotus bimaculatus morphometrics.xlsx,8.4.20,"Lake Takengon, Atjeh",NA,NA
Pycnonotus snouckaerti,NA,RMNH,125775,m,17.3,93,100,NA,NJC,Pycnonotus bimaculatus morphometrics.xlsx,8.4.20,"Takengon, Atjeh",NA,NA
Pycnonotus snouckaerti,NA,RMNH,125776,f,18.2,99,100,NA,NJC,Pycnonotus bimaculatus morphometrics.xlsx,8.4.20,"Takengon, Atjeh",NA,NA
Pycnonotus snouckaerti,NA,RMNH,10259,m,19.2,97,100,"could be 9.2.30. ""bogen [or oogen] rood""",NJC,Pycnonotus bimaculatus morphometrics.xlsx,2.9.30,Taja Goengkalan bij Tang Mok,NA,NA
Pycnonotus snouckaerti,NA,RMNH,10260,m,18.9,96,105,"could be 9.2.30. ""bogen [or oogen] rood""",NJC,Pycnonotus bimaculatus morphometrics.xlsx,2.9.30,Taja Goengkalan bij Tang Mok,NA,NA
Pycnonotus snouckaerti,NA,RMNH,10261,m,18.8,99,96,"""oogen rood""",NJC,Pycnonotus bimaculatus morphometrics.xlsx,19.7.1930,Redelong,NA,NA
Pycnonotus snouckaerti,NA,RMNH,13772,u,17.6,95,102,"""Don. J. Moerkerk. Ingekomen 11 April 1949""",NJC,Pycnonotus bimaculatus morphometrics.xlsx,NA,no provenance,NA,NA
Pycnonotus snouckaerti,NA,RMNH,129252,m juv,17.1,88,97,NA,NJC,Pycnonotus bimaculatus morphometrics.xlsx,8.4.20,"Takengon, Atjeh",NA,NA
Pycnonotus snouckaerti,NA,MZB,8674,m,18.5,98,104,NA,NJC,Pycnonotus bimaculatus morphometrics.xlsx,4.9.1930,"Pajatoengkalan, Pangmoh, Atjeh, 2000m",NA,NA
Pycnonotus snouckaerti,NA,MZB,8676,m,17.6,96,96,NA,NJC,Pycnonotus bimaculatus morphometrics.xlsx,8.9.1930,"Pangmoh, Atjeh, 2000m",NA,NA
Pycnonotus snouckaerti,NA,MZB,10986,m,19.3,95,97,c.1000m (writing of locality difficult),NJC,Pycnonotus bimaculatus morphometrics.xlsx,2.4.1937,"Gajoc Locös, Atang Poetar, Takingjon",NA,NA
Pycnonotus snouckaerti,NA,MZB,11017,m,17.7,98,98,c.1000m (writing of locality difficult),NJC,Pycnonotus bimaculatus morphometrics.xlsx,4.4.1937,"Gajoc Locös, Atang Poetar, Takingjon",NA,NA
Pycnonotus snouckaerti,NA,MZB,11018,m,17.4,95,98,c.1000m (writing of locality difficult),NJC,Pycnonotus bimaculatus morphometrics.xlsx,4.4.1937,"Gajoc Locös, Atang Poetar, Takingjon",NA,NA
Pycnonotus snouckaerti,NA,MZB,10959,m,NA,99,100,850-1000m (writing of locality difficult),NJC,Pycnonotus bimaculatus morphometrics.xlsx,1.4.1938,"Gajoc Locös, Rékét, Atang Poetar",NA,NA
Pycnonotus snouckaerti,NA,MZB,10985,m,17.4,NA,98,c.1000m (writing of locality difficult),NJC,Pycnonotus bimaculatus morphometrics.xlsx,2.4.1937,"Gajoc Locös, Atang Poetar, Takingjon",NA,NA
Pycnonotus snouckaerti,NA,MZB,10050,m,19.1,100,104,c.1000m (writing of locality difficult),NJC,Pycnonotus bimaculatus morphometrics.xlsx,28.1.1937,"Gajoc Locös, Palok",NA,NA
Pycnonotus snouckaerti,NA,MZB,10227,f,16.1,93,97,c.1000m (writing of locality difficult),NJC,Pycnonotus bimaculatus morphometrics.xlsx,10.2.1937,"Gajoc Locös, Simpang Agoesan",NA,NA
Pycnonotus snouckaerti,NA,MZB,11088,f,NA,94,99,c.1000m (writing of locality difficult),NJC,Pycnonotus bimaculatus morphometrics.xlsx,7.4.1937,"Gajoc Locös, Atang Poetar/Rékét",NA,NA
Pycnonotus snouckaerti,NA,MZB,8675,f,18,92,93,NA,NJC,Pycnonotus bimaculatus morphometrics.xlsx,4.9.1930,"Pajatoengkalan, Pangmoh, Atjeh, 2000m",NA,NA
Pycnonotus bimaculatus,NA,RMNH,125777,m,17.2,86,92,Ask about location,NJC,Pycnonotus bimaculatus morphometrics.xlsx,1913,Sumatra (other details available),NA,NA
Pycnonotus bimaculatus,NA,RMNH,125779,m,18,89,95,Ask about location,NJC,Pycnonotus bimaculatus morphometrics.xlsx,1915,Sumatra (other details available),NA,NA
Pycnonotus bimaculatus,NA,RMNH,125782,m,18.4,94,89,Ask about location,NJC,Pycnonotus bimaculatus morphometrics.xlsx,1916,Sumatra (other details available),NA,NA
Pycnonotus bimaculatus,NA,RMNH,125784,m,18.5,88,89,Ask about location,NJC,Pycnonotus bimaculatus morphometrics.xlsx,1918,Sumatra (other details available),NA,NA
Pycnonotus bimaculatus,NA,RMNH,125787,m,16.1,87,91,Ask about location,NJC,Pycnonotus bimaculatus morphometrics.xlsx,1914,Sumatra (other details available),NA,NA
Pycnonotus bimaculatus,NA,RMNH,25559,m,15.9,85,92,Ask about location,NJC,Pycnonotus bimaculatus morphometrics.xlsx,1919,Sumatra (other details available),NA,NA
Pycnonotus bimaculatus,NA,RMNH,125786,m,NA,94,92,no head; Ask about location,NJC,Pycnonotus bimaculatus morphometrics.xlsx,1917,Sumatra (other details available),NA,NA
Pycnonotus bimaculatus,NA,RMNH,125778,f,17.7,85,89,Ask about location,NJC,Pycnonotus bimaculatus morphometrics.xlsx,1915,Sumatra (other details available),NA,NA
Pycnonotus bimaculatus,NA,RMNH,125783,f,16.9,84,86,Ask about location,NJC,Pycnonotus bimaculatus morphometrics.xlsx,1915,Sumatra (other details available),NA,NA
Pycnonotus bimaculatus,NA,RMNH,125780,f,17.4,85,91,Ask about location,NJC,Pycnonotus bimaculatus morphometrics.xlsx,1913,Sumatra (other details available),NA,NA
Pycnonotus bimaculatus,NA,RMNH,125785,f,17.1,87,89,Ask about location,NJC,Pycnonotus bimaculatus morphometrics.xlsx,1884,Sumatra (other details available),NA,NA
Pycnonotus bimaculatus,NA,MZB,8672,m,18.8,83,83,Ask about location,NJC,Pycnonotus bimaculatus morphometrics.xlsx,1936,Sumatra (other details available),NA,NA
Pycnonotus bimaculatus,NA,MZB,5532,m,NA,91,91,Ask about location,NJC,Pycnonotus bimaculatus morphometrics.xlsx,1914,Sumatra (other details available),NA,NA
Pycnonotus bimaculatus,NA,BMNH,88.4.1.573,m,17.6,87,86,Ask about location,NJC,Pycnonotus bimaculatus morphometrics.xlsx,1878,Sumatra (other details available),NA,NA
Pycnonotus bimaculatus,NA,BMNH,1920.6.29.214,m,18,91,89,Ask about location,NJC,Pycnonotus bimaculatus morphometrics.xlsx,1914,Sumatra (other details available),NA,NA
Pycnonotus bimaculatus,NA,BMNH,1920.6.29.215,m,17.3,95,91,Ask about location,NJC,Pycnonotus bimaculatus morphometrics.xlsx,1914,Sumatra (other details available),NA,NA
Pycnonotus bimaculatus,NA,BMNH,1920.6.29.217,m,18.2,92,91,Ask about location,NJC,Pycnonotus bimaculatus morphometrics.xlsx,1914,Sumatra (other details available),NA,NA
Pycnonotus bimaculatus,NA,NA,NA,m,17.2,86,92,NA,NJC,Pycnonotus bimaculatus morphometrics.xlsx,NA,Sumatra,NA,NA
Pycnonotus bimaculatus,NA,NA,NA,m,18,89,95,NA,NJC,Pycnonotus bimaculatus morphometrics.xlsx,NA,Sumatra,NA,NA
Pycnonotus bimaculatus,NA,NA,NA,m,18.4,94,89,NA,NJC,Pycnonotus bimaculatus morphometrics.xlsx,NA,Sumatra,NA,NA
Pycnonotus bimaculatus,NA,NA,NA,m,18.5,88,89,NA,NJC,Pycnonotus bimaculatus morphometrics.xlsx,NA,Sumatra,NA,NA
Pycnonotus bimaculatus,NA,NA,NA,m,16.1,87,91,NA,NJC,Pycnonotus bimaculatus morphometrics.xlsx,NA,Sumatra,NA,NA
Pycnonotus bimaculatus,NA,NA,NA,m,15.9,85,92,NA,NJC,Pycnonotus bimaculatus morphometrics.xlsx,NA,Sumatra,NA,NA
Pycnonotus bimaculatus,NA,NA,NA,m,NA,94,92,NA,NJC,Pycnonotus bimaculatus morphometrics.xlsx,NA,Sumatra,NA,NA
Pycnonotus bimaculatus,NA,NA,NA,m,18.8,83,83,NA,NJC,Pycnonotus bimaculatus morphometrics.xlsx,NA,Sumatra,NA,NA
Pycnonotus bimaculatus,NA,NA,NA,m,NA,91,91,NA,NJC,Pycnonotus bimaculatus morphometrics.xlsx,NA,Sumatra,NA,NA
Pycnonotus bimaculatus,NA,NA,NA,m,17.6,87,86,NA,NJC,Pycnonotus bimaculatus morphometrics.xlsx,NA,Sumatra,NA,NA
Pycnonotus bimaculatus,NA,NA,NA,m,18,91,89,NA,NJC,Pycnonotus bimaculatus morphometrics.xlsx,NA,Sumatra,NA,NA
Pycnonotus bimaculatus,NA,NA,NA,m,17.3,95,91,NA,NJC,Pycnonotus bimaculatus morphometrics.xlsx,NA,Sumatra,NA,NA
Pycnonotus bimaculatus,NA,NA,NA,m,18.2,92,91,NA,NJC,Pycnonotus bimaculatus morphometrics.xlsx,NA,Sumatra,NA,NA
Pycnonotus bimaculatus,NA,RMNH,NA,m,17.1,87,88,NA,NJC,Pycnonotus bimaculatus morphometrics.xlsx,NA,NA,NA,NA
Pycnonotus bimaculatus,NA,RMNH,NA,m,17,84,90,NA,NJC,Pycnonotus bimaculatus morphometrics.xlsx,NA,NA,NA,NA
Pycnonotus bimaculatus,NA,RMNH,NA,m,18.6,91,91,NA,NJC,Pycnonotus bimaculatus morphometrics.xlsx,NA,NA,NA,NA
Pycnonotus bimaculatus,NA,RMNH,NA,m,17.1,88,91,NA,NJC,Pycnonotus bimaculatus morphometrics.xlsx,NA,NA,NA,NA
Pycnonotus bimaculatus,NA,RMNH,NA,m,18.3,85,83,NA,NJC,Pycnonotus bimaculatus morphometrics.xlsx,NA,NA,NA,NA
Pycnonotus blanfordi,NA,BMNH,NA,m,16.4,88,84,Will try and confirm spec number + location,NJC,Pycnonotus blanfordi iris colour + mmts.xlsx,NA,NA,NA,NA
Pycnonotus blanfordi,NA,BMNH,NA,m,16.4,84,79,Will try and confirm spec number + location,NJC,Pycnonotus blanfordi iris colour + mmts.xlsx,NA,NA,NA,NA
Pycnonotus blanfordi,NA,BMNH,NA,m,17.9,79,76,Will try and confirm spec number + location,NJC,Pycnonotus blanfordi iris colour + mmts.xlsx,NA,NA,NA,NA
Pycnonotus blanfordi,NA,BMNH,NA,m,16.9,85,77,Will try and confirm spec number + location,NJC,Pycnonotus blanfordi iris colour + mmts.xlsx,NA,NA,NA,NA
Pycnonotus blanfordi,NA,BMNH,NA,m,19.1,77,76,Will try and confirm spec number + location,NJC,Pycnonotus blanfordi iris colour + mmts.xlsx,NA,NA,NA,NA
Pycnonotus blanfordi,NA,BMNH,NA,m,17.5,87,78,Will try and confirm spec number + location,NJC,Pycnonotus blanfordi iris colour + mmts.xlsx,NA,NA,NA,NA
Pycnonotus blanfordi,NA,BMNH,NA,m,17.8,81,78,Will try and confirm spec number + location,NJC,Pycnonotus blanfordi iris colour + mmts.xlsx,NA,NA,NA,NA
Pycnonotus blanfordi,NA,BMNH,NA,m,17.1,79,79,Will try and confirm spec number + location,NJC,Pycnonotus blanfordi iris colour + mmts.xlsx,NA,NA,NA,NA
Pycnonotus blanfordi,NA,BMNH,NA,m,18.4,87,80,Will try and confirm spec number + location,NJC,Pycnonotus blanfordi iris colour + mmts.xlsx,NA,NA,NA,NA
Pycnonotus blanfordi,NA,BMNH,NA,m,17.3,75,76,Will try and confirm spec number + location,NJC,Pycnonotus blanfordi iris colour + mmts.xlsx,NA,NA,NA,NA
Pycnonotus blanfordi,NA,BMNH,NA,m,17.1,83,77,Will try and confirm spec number + location,NJC,Pycnonotus blanfordi iris colour + mmts.xlsx,NA,NA,NA,NA
Pycnonotus blanfordi,NA,BMNH,NA,m,16.7,89,77,Will try and confirm spec number + location,NJC,Pycnonotus blanfordi iris colour + mmts.xlsx,NA,NA,NA,NA
Pycnonotus blanfordi,NA,BMNH,NA,m,16.9,85,82,Will try and confirm spec number + location,NJC,Pycnonotus blanfordi iris colour + mmts.xlsx,NA,NA,NA,NA
Pycnonotus blanfordi,NA,BMNH,NA,m,18,79,75,Will try and confirm spec number + location,NJC,Pycnonotus blanfordi iris colour + mmts.xlsx,NA,NA,NA,NA
Pycnonotus blanfordi,NA,BMNH,NA,m,16.8,80,78,Will try and confirm spec number + location,NJC,Pycnonotus blanfordi iris colour + mmts.xlsx,NA,NA,NA,NA
Pycnonotus conradi,NA,BMNH,NA,m,18.5,85,80,Will try and confirm spec number + location,NJC,Pycnonotus blanfordi iris colour + mmts.xlsx,NA,NA,NA,NA
Pycnonotus conradi,NA,BMNH,NA,m,17.5,80,79,Will try and confirm spec number + location,NJC,Pycnonotus blanfordi iris colour + mmts.xlsx,NA,NA,NA,NA
Pycnonotus conradi,NA,BMNH,NA,m,18.4,78,77,Will try and confirm spec number + location,NJC,Pycnonotus blanfordi iris colour + mmts.xlsx,NA,NA,NA,NA
Pycnonotus conradi,NA,BMNH,NA,m,18.2,84,82,Will try and confirm spec number + location,NJC,Pycnonotus blanfordi iris colour + mmts.xlsx,NA,NA,NA,NA
Pycnonotus conradi,NA,BMNH,NA,m,17.5,83,80,Will try and confirm spec number + location,NJC,Pycnonotus blanfordi iris colour + mmts.xlsx,NA,NA,NA,NA
Pycnonotus conradi,NA,BMNH,NA,m,19.1,81,81,Will try and confirm spec number + location,NJC,Pycnonotus blanfordi iris colour + mmts.xlsx,NA,NA,NA,NA
Pycnonotus conradi,NA,BMNH,NA,m,17.6,84,84,Will try and confirm spec number + location,NJC,Pycnonotus blanfordi iris colour + mmts.xlsx,NA,NA,NA,NA
Pycnonotus conradi,NA,BMNH,NA,m,17.5,87,83,Will try and confirm spec number + location,NJC,Pycnonotus blanfordi iris colour + mmts.xlsx,NA,NA,NA,NA
Pycnonotus conradi,NA,BMNH,NA,m,19.5,85,80,Will try and confirm spec number + location,NJC,Pycnonotus blanfordi iris colour + mmts.xlsx,NA,NA,NA,NA
Pycnonotus conradi,NA,BMNH,NA,m,17.7,87,80,Will try and confirm spec number + location,NJC,Pycnonotus blanfordi iris colour + mmts.xlsx,NA,NA,NA,NA
Pycnonotus conradi,NA,BMNH,NA,m,18.9,86,83,Will try and confirm spec number + location,NJC,Pycnonotus blanfordi iris colour + mmts.xlsx,NA,NA,NA,NA
Pycnonotus conradi,NA,BMNH,NA,m,18.5,84,85,Will try and confirm spec number + location,NJC,Pycnonotus blanfordi iris colour + mmts.xlsx,NA,NA,NA,NA
Pycnonotus conradi,NA,BMNH,NA,m,18.6,85,79,Will try and confirm spec number + location,NJC,Pycnonotus blanfordi iris colour + mmts.xlsx,NA,NA,NA,NA
Pycnonotus conradi,NA,BMNH,NA,m,18.7,85,88,Will try and confirm spec number + location,NJC,Pycnonotus blanfordi iris colour + mmts.xlsx,NA,NA,NA,NA
Pycnonotus conradi,NA,BMNH,NA,m,18.8,84,81,Will try and confirm spec number + location,NJC,Pycnonotus blanfordi iris colour + mmts.xlsx,NA,NA,NA,NA
Rubigula dispar,NA,NHMUK,73.5.12.30,m,16.2,79,78,unsexed and imms not measured,NJC,Pycnonotus dispar mmts.xlsx,NA,Java,NA,NA
Rubigula dispar,NA,NHMUK,1927.4.18.640,m,15.3,80,76,NA,NJC,Pycnonotus dispar mmts.xlsx,NA,Java,NA,NA
Rubigula dispar,NA,NHMUK,1927.4.18.641,m,15.1,83,78,NA,NJC,Pycnonotus dispar mmts.xlsx,NA,Java,NA,NA
Rubigula dispar,NA,NHMUK,1927.4.18.642,m,16,80,72,NA,NJC,Pycnonotus dispar mmts.xlsx,NA,Java,NA,NA
Rubigula dispar,NA,NHMUK,1927.4.18.644,m,16.3,80,76,NA,NJC,Pycnonotus dispar mmts.xlsx,NA,Java,NA,NA
Rubigula dispar,NA,ZSM,1910/878,m,16.4,76,69,NA,NJC,Pycnonotus dispar mmts.xlsx,NA,Java,NA,NA
Rubigula dispar,NA,ZSM,1910/879,m,15.8,76,69,NA,NJC,Pycnonotus dispar mmts.xlsx,NA,Java,NA,NA
Rubigula dispar,NA,ZMB,28/96,m,NA,78,72,NA,NJC,Pycnonotus dispar mmts.xlsx,NA,Java,NA,NA
Rubigula dispar,NA,USNM,219935,m,15.6,77,74,NA,NJC,Pycnonotus dispar mmts.xlsx,NA,Java,NA,NA
Rubigula dispar,NA,RMNH,125538,m,15,76,71,NA,NJC,Pycnonotus dispar mmts.xlsx,NA,Java (Pelabuhan Ratu),NA,NA
Rubigula dispar,NA,RMNH,62899,m,16.6,78,72,NA,NJC,Pycnonotus dispar mmts.xlsx,NA,Java,NA,NA
Rubigula dispar,NA,RMNH,62900,m,16.2,79,72,NA,NJC,Pycnonotus dispar mmts.xlsx,NA,Java,NA,NA
Rubigula dispar,NA,RMNH,62902,m,16.1,78,69,NA,NJC,Pycnonotus dispar mmts.xlsx,NA,Java,NA,NA
Rubigula dispar,NA,RMNH,62903,m,15.9,78,69,NA,NJC,Pycnonotus dispar mmts.xlsx,NA,Java,NA,NA
Rubigula dispar,NA,RMNH,62904,m,15.2,79,75,NA,NJC,Pycnonotus dispar mmts.xlsx,NA,Java,NA,NA
Rubigula dispar,NA,RMNH,62905,m,15.3,79,69,NA,NJC,Pycnonotus dispar mmts.xlsx,NA,Java,NA,NA
Rubigula dispar,NA,RMNH,62906,m,15,77,69,NA,NJC,Pycnonotus dispar mmts.xlsx,NA,Java,NA,NA
Rubigula dispar,NA,RMNH,62907,m,15.3,76,69,NA,NJC,Pycnonotus dispar mmts.xlsx,NA,Java,NA,NA
Rubigula dispar,NA,RMNH,62908,m,16.4,80,72,NA,NJC,Pycnonotus dispar mmts.xlsx,NA,Java,NA,NA
Rubigula dispar,NA,RMNH,62909,m,16.4,76,70,NA,NJC,Pycnonotus dispar mmts.xlsx,NA,Java,NA,NA
Rubigula dispar,NA,RMNH,62911,m,15.1,78,68,NA,NJC,Pycnonotus dispar mmts.xlsx,NA,Java,NA,NA
Rubigula dispar,NA,RMNH,62912,m,16.7,78,69,NA,NJC,Pycnonotus dispar mmts.xlsx,NA,Java,NA,NA
Rubigula dispar,NA,RMNH,62913,m,15.1,77,69,NA,NJC,Pycnonotus dispar mmts.xlsx,NA,Java,NA,NA
Rubigula dispar,NA,RMNH,62914,m,16.2,79,71,NA,NJC,Pycnonotus dispar mmts.xlsx,NA,Java,NA,NA
Rubigula dispar,NA,RMNH,62915,m,15.7,79,71,NA,NJC,Pycnonotus dispar mmts.xlsx,NA,Java,NA,NA
Rubigula dispar,NA,RMNH,62916,m,15.3,79,69,NA,NJC,Pycnonotus dispar mmts.xlsx,NA,Java,NA,NA
Rubigula dispar,NA,RMNH,62917,m,15.7,79,70,NA,NJC,Pycnonotus dispar mmts.xlsx,NA,Java,NA,NA
Rubigula dispar,NA,RMNH,62918,m,15.8,79,72,NA,NJC,Pycnonotus dispar mmts.xlsx,NA,Java,NA,NA
Rubigula dispar,NA,RMNH,62920,m,16.1,77,72,NA,NJC,Pycnonotus dispar mmts.xlsx,NA,Java,NA,NA
Rubigula dispar,NA,RMNH,62921,m,15.8,75,71,NA,NJC,Pycnonotus dispar mmts.xlsx,NA,Java,NA,NA
Rubigula dispar,NA,RMNH,62922,m,16.3,79,72,NA,NJC,Pycnonotus dispar mmts.xlsx,NA,Java,NA,NA
Rubigula dispar,NA,RMNH,62923,m,15.2,78,71,NA,NJC,Pycnonotus dispar mmts.xlsx,NA,Java,NA,NA
Rubigula dispar,NA,RMNH,62924,m,15.3,76,71,NA,NJC,Pycnonotus dispar mmts.xlsx,NA,Java,NA,NA
Rubigula dispar,NA,RMNH,62925,m,15.9,79,76,NA,NJC,Pycnonotus dispar mmts.xlsx,NA,Java,NA,NA
Rubigula dispar,NA,RMNH,62927,m,15.3,77,72,NA,NJC,Pycnonotus dispar mmts.xlsx,NA,Java,NA,NA
Rubigula dispar,NA,RMNH,62928,m,15.2,76,70,NA,NJC,Pycnonotus dispar mmts.xlsx,NA,Java,NA,NA
Rubigula dispar,NA,RMNH,62929,m,NA,78,72,NA,NJC,Pycnonotus dispar mmts.xlsx,NA,Java,NA,NA
Rubigula dispar,NA,RMNH,62930,m,15.3,79,70,NA,NJC,Pycnonotus dispar mmts.xlsx,NA,Java,NA,NA
Rubigula dispar,NA,RMNH,62931,m,15.2,80,71,NA,NJC,Pycnonotus dispar mmts.xlsx,NA,Java,NA,NA
Rubigula dispar,NA,RMNH,62934,m,15.2,79,71,NA,NJC,Pycnonotus dispar mmts.xlsx,NA,Java,NA,NA
Rubigula dispar,NA,RMNH,62935,m,16.1,78,69,NA,NJC,Pycnonotus dispar mmts.xlsx,NA,Java,NA,NA
Rubigula dispar,NA,RMNH,62937,m,17.1,81,78,NA,NJC,Pycnonotus dispar mmts.xlsx,NA,Java,NA,NA
Rubigula dispar,NA,RMNH,62938,m,14.6,82,80,NA,NJC,Pycnonotus dispar mmts.xlsx,NA,Java,NA,NA
Rubigula dispar,NA,RMNH,62939,m,14.7,82,77,NA,NJC,Pycnonotus dispar mmts.xlsx,NA,Java,NA,NA
Rubigula dispar,NA,RMNH,62941,m,14.9,80,74,NA,NJC,Pycnonotus dispar mmts.xlsx,NA,Java,NA,NA
Rubigula dispar,NA,RMNH,61189,m,16,78,69,NA,NJC,Pycnonotus dispar mmts.xlsx,NA,Java,NA,NA
Rubigula dispar,NA,RMNH,61190,m,16.5,81,75,NA,NJC,Pycnonotus dispar mmts.xlsx,NA,Java,NA,NA
Rubigula dispar,NA,RMNH,66884,m,15.3,76,73,NA,NJC,Pycnonotus dispar mmts.xlsx,NA,Java,NA,NA
Rubigula dispar,NA,RMNH,66886,m,15.2,76,72,NA,NJC,Pycnonotus dispar mmts.xlsx,NA,Java,NA,NA
Rubigula dispar,NA,RMNH,125570,m,16.1,77,71,NA,NJC,Pycnonotus dispar mmts.xlsx,NA,Java,NA,NA
Rubigula dispar,NA,NHMUK,88.4.1.724,m,16.8,82,76,NA,NJC,Pycnonotus dispar mmts.xlsx,NA,Sumatra,NA,NA
Rubigula dispar,NA,AMNH,568962,m,17.7,85,76,NA,NJC,Pycnonotus dispar mmts.xlsx,NA,Sumatra,NA,NA
Rubigula dispar,NA,AMNH,568963,m,16.9,76,73,NA,NJC,Pycnonotus dispar mmts.xlsx,NA,Sumatra,NA,NA
Rubigula dispar,NA,AMNH,568964,m,18.1,76,71,NA,NJC,Pycnonotus dispar mmts.xlsx,NA,Sumatra,NA,NA
Rubigula dispar,NA,AMNH,568966,m,17.3,82,74,NA,NJC,Pycnonotus dispar mmts.xlsx,NA,Sumatra,NA,NA
Rubigula dispar,NA,AMNH,568967,m,NA,77,70,NA,NJC,Pycnonotus dispar mmts.xlsx,NA,Sumatra,NA,NA
Rubigula dispar,NA,AMNH,568968,m,17.2,81,74,NA,NJC,Pycnonotus dispar mmts.xlsx,NA,Sumatra,NA,NA
Rubigula dispar,NA,AMNH,568969,m,16.5,79,70,NA,NJC,Pycnonotus dispar mmts.xlsx,NA,Sumatra,NA,NA
Rubigula dispar,NA,AMNH,568970,m,18,82,73,NA,NJC,Pycnonotus dispar mmts.xlsx,NA,Sumatra,NA,NA
Rubigula dispar,NA,AMNH,568971,m,16.4,79,70,NA,NJC,Pycnonotus dispar mmts.xlsx,NA,Sumatra,NA,NA
Rubigula dispar,NA,AMNH,568972,m,17,82,77,NA,NJC,Pycnonotus dispar mmts.xlsx,NA,Sumatra,NA,NA
Rubigula dispar,NA,AMNH,568973,m,16.8,84,75,NA,NJC,Pycnonotus dispar mmts.xlsx,NA,Sumatra,NA,NA
Rubigula dispar,NA,AMNH,568974,m,16.9,80,71,NA,NJC,Pycnonotus dispar mmts.xlsx,NA,Sumatra,NA,NA
Rubigula dispar,NA,AMNH,568977,m,NA,80,70,NA,NJC,Pycnonotus dispar mmts.xlsx,NA,Sumatra,NA,NA
Rubigula dispar,NA,AMNH,568978,m,NA,79,69,NA,NJC,Pycnonotus dispar mmts.xlsx,NA,Sumatra,NA,NA
Rubigula dispar,NA,MNHN,2001.1473,m,15.6,92,76,NA,NJC,Pycnonotus dispar mmts.xlsx,NA,Sumatra,NA,NA
Rubigula dispar,NA,MSNG,26587,m,15.8,80,72,NA,NJC,Pycnonotus dispar mmts.xlsx,NA,Sumatra,NA,NA
Rubigula dispar,NA,RMNH,125534,m,16.6,80,74,NA,NJC,Pycnonotus dispar mmts.xlsx,NA,Sumatra,NA,NA
Rubigula dispar,NA,RMNH,125532,m,NA,84,72,NA,NJC,Pycnonotus dispar mmts.xlsx,NA,Sumatra,NA,NA
Rubigula dispar,NA,RMNH,125531,m,16.2,79,71,NA,NJC,Pycnonotus dispar mmts.xlsx,NA,Sumatra,NA,NA
Rubigula dispar,NA,RMNH,125530,m,16.2,79,70,NA,NJC,Pycnonotus dispar mmts.xlsx,NA,Sumatra,NA,NA
Rubigula dispar,NA,RMNH,125528,m,17.5,79,68,NA,NJC,Pycnonotus dispar mmts.xlsx,NA,Sumatra,NA,NA
Rubigula dispar,NA,RMNH,125527,m,17,83,75,NA,NJC,Pycnonotus dispar mmts.xlsx,NA,Sumatra,NA,NA
Rubigula dispar,NA,RMNH,125526,m,16.4,81,71,NA,NJC,Pycnonotus dispar mmts.xlsx,NA,Sumatra,NA,NA
Rubigula dispar,NA,RMNH,125525,m,17,83,72,NA,NJC,Pycnonotus dispar mmts.xlsx,NA,Sumatra,NA,NA
Rubigula dispar,NA,RMNH,125524,m,15.9,79,75,NA,NJC,Pycnonotus dispar mmts.xlsx,NA,Sumatra,NA,NA
Rubigula dispar,NA,RMNH,125523,m,15.9,85,75,NA,NJC,Pycnonotus dispar mmts.xlsx,NA,Sumatra,NA,NA
Rubigula dispar,NA,RMNH,125535,m,17,85,74,NA,NJC,Pycnonotus dispar mmts.xlsx,NA,Sumatra,NA,NA
Rubigula dispar,NA,RMNH,125536,m,16.5,80,73,NA,NJC,Pycnonotus dispar mmts.xlsx,NA,Sumatra,NA,NA
Rubigula dispar,NA,RMNH,125539,m,16.5,80,75,NA,NJC,Pycnonotus dispar mmts.xlsx,NA,Sumatra,NA,NA
Rubigula dispar,NA,RMNH,125546,m,17.8,78,74,NA,NJC,Pycnonotus dispar mmts.xlsx,NA,Sumatra,NA,NA
Rubigula dispar,NA,RMNH,125565,m,17,85,78,NA,NJC,Pycnonotus dispar mmts.xlsx,NA,Sumatra,NA,NA
Rubigula dispar,NA,RMNH,125550,m,16.8,80,73,NA,NJC,Pycnonotus dispar mmts.xlsx,NA,Sumatra,NA,NA
Rubigula dispar,NA,RMNH,125552,m,16.7,80,77,NA,NJC,Pycnonotus dispar mmts.xlsx,NA,Sumatra,NA,NA
Rubigula dispar,NA,RMNH,125553,m,17.2,81,75,NA,NJC,Pycnonotus dispar mmts.xlsx,NA,Sumatra,NA,NA
Rubigula dispar,NA,RMNH,125554,m,17.7,79,77,NA,NJC,Pycnonotus dispar mmts.xlsx,NA,Sumatra,NA,NA
Rubigula dispar,NA,RMNH,125555,m,17.3,81,75,NA,NJC,Pycnonotus dispar mmts.xlsx,NA,Sumatra,NA,NA
Rubigula dispar,NA,NHMUK,1927.4.18.639,f,16.3,77,70,NA,NJC,Pycnonotus dispar mmts.xlsx,NA,Java,NA,NA
Rubigula dispar,NA,NHMUK,1927.4.18.643,f,15.2,79,69,NA,NJC,Pycnonotus dispar mmts.xlsx,NA,Java,NA,NA
Rubigula dispar,NA,RMNH,125541,f,16.4,80,76,NA,NJC,Pycnonotus dispar mmts.xlsx,NA,Java (Pelabuhan Ratu),NA,NA
Rubigula dispar,NA,RMNH,125542,f,16.2,77,71,NA,NJC,Pycnonotus dispar mmts.xlsx,NA,Java (Pelabuhan Ratu),NA,NA
Rubigula dispar,NA,RMNH,27249,f,16.7,75,69,NA,NJC,Pycnonotus dispar mmts.xlsx,NA,Java,NA,NA
Rubigula dispar,NA,RMNH,62901,f,15.5,78,68,NA,NJC,Pycnonotus dispar mmts.xlsx,NA,Java,NA,NA
Rubigula dispar,NA,RMNH,62910,f,15.3,74,69,NA,NJC,Pycnonotus dispar mmts.xlsx,NA,Java,NA,NA
Rubigula dispar,NA,RMNH,62926,f,16.3,76,69,NA,NJC,Pycnonotus dispar mmts.xlsx,NA,NA,NA,NA
Rubigula dispar,NA,RMNH,62932,f,15.7,76,68,NA,NJC,Pycnonotus dispar mmts.xlsx,NA,NA,NA,NA
Rubigula dispar,NA,RMNH,62933,f,15.9,77,70,NA,NJC,Pycnonotus dispar mmts.xlsx,NA,NA,NA,NA
Rubigula dispar,NA,RMNH,62936,f,15.7,80,75,NA,NJC,Pycnonotus dispar mmts.xlsx,NA,NA,NA,NA
Rubigula dispar,NA,RMNH,62940,f,14.8,77,71,NA,NJC,Pycnonotus dispar mmts.xlsx,NA,NA,NA,NA
Rubigula dispar,NA,RMNH,61188,f,16.1,74,68,NA,NJC,Pycnonotus dispar mmts.xlsx,NA,NA,NA,NA
Rubigula dispar,NA,RMNH,81977,f,14.1,78,71,NA,NJC,Pycnonotus dispar mmts.xlsx,NA,NA,NA,NA
Rubigula dispar,NA,RMNH,125567,f,16.2,78,71,NA,NJC,Pycnonotus dispar mmts.xlsx,NA,NA,NA,NA
Rubigula dispar,NA,RMNH,125569,f,16.7,78,74,NA,NJC,Pycnonotus dispar mmts.xlsx,NA,NA,NA,NA
Rubigula dispar,NA,RMNH,125571,f,16.1,78,69,NA,NJC,Pycnonotus dispar mmts.xlsx,NA,NA,NA,NA
Rubigula dispar,NA,RMNH,125572,f,15.2,78,73,NA,NJC,Pycnonotus dispar mmts.xlsx,NA,NA,NA,NA
Rubigula dispar,NA,NHMUK,73.5.12.31,f,16.2,77,69,NA,NJC,Pycnonotus dispar mmts.xlsx,NA,Sumatra,NA,NA
Rubigula dispar,NA,RMNH,125529,f,16.5,81,76,NA,NJC,Pycnonotus dispar mmts.xlsx,NA,Sumatra,NA,NA
Rubigula dispar,NA,RMNH,125537,f,17.1,81,74,NA,NJC,Pycnonotus dispar mmts.xlsx,NA,Sumatra,NA,NA
Rubigula dispar,NA,RMNH,125540,f,16.7,79,73,NA,NJC,Pycnonotus dispar mmts.xlsx,NA,Sumatra,NA,NA
Rubigula dispar,NA,RMNH,125543,f,16.9,78,71,NA,NJC,Pycnonotus dispar mmts.xlsx,NA,Sumatra (Aceh),NA,NA
Rubigula dispar,NA,RMNH,125544,f,18.2,82,76,NA,NJC,Pycnonotus dispar mmts.xlsx,NA,Sumatra (Aceh),NA,NA
Rubigula dispar,NA,RMNH,26047,f,16.6,80,71,NA,NJC,Pycnonotus dispar mmts.xlsx,NA,Sumatra,NA,NA
Rubigula dispar,NA,RMNH,125548,f,17,79,74,NA,NJC,Pycnonotus dispar mmts.xlsx,NA,Sumatra,NA,NA
Rubigula dispar,NA,RMNH,125549,f,16.3,80,75,NA,NJC,Pycnonotus dispar mmts.xlsx,NA,Sumatra,NA,NA
Rubigula dispar,NA,RMNH,125551,f,14.9,79,72,NA,NJC,Pycnonotus dispar mmts.xlsx,NA,Sumatra,NA,NA
Pycnonotus davisoni,NA,ZMB,2000.14144,f,18.2,85,75,NA,NJC,Pycnonotus finlaysoni morphometrics.xlsx,NA,NA,NA,NA
Pycnonotus davisoni,NA,BMNH,2165,f,18.7,86,76,NA,NJC,Pycnonotus finlaysoni morphometrics.xlsx,NA,NA,NA,NA
Pycnonotus davisoni,NA,BMNH,NA,f,17.3,80,73,NA,NJC,Pycnonotus finlaysoni morphometrics.xlsx,NA,NA,NA,NA
Pycnonotus davisoni,NA,BMNH,1392,f,17.3,75,73,NA,NJC,Pycnonotus finlaysoni morphometrics.xlsx,NA,NA,NA,NA
Pycnonotus davisoni,NA,BMNH,2,f,17.7,84,77,NA,NJC,Pycnonotus finlaysoni morphometrics.xlsx,NA,NA,NA,NA
Pycnonotus davisoni,NA,BMNH,158,m,18.1,85,79,NA,NJC,Pycnonotus finlaysoni morphometrics.xlsx,NA,NA,NA,NA
Pycnonotus davisoni,NA,BMNH,1337,m,18,84,81,NA,NJC,Pycnonotus finlaysoni morphometrics.xlsx,NA,NA,NA,NA
Pycnonotus davisoni,NA,BMNH,2166,m,18.5,85,76,NA,NJC,Pycnonotus finlaysoni morphometrics.xlsx,NA,NA,NA,NA
Pycnonotus davisoni,NA,BMNH,1393,m,18.5,86,78,NA,NJC,Pycnonotus finlaysoni morphometrics.xlsx,NA,NA,NA,NA
Pycnonotus davisoni,NA,BMNH,159,m,18.8,88,82,NA,NJC,Pycnonotus finlaysoni morphometrics.xlsx,NA,NA,NA,NA
Pycnonotus davisoni,NA,AMNH,568573,m,18.8,84,80,NA,NJC,Pycnonotus finlaysoni morphometrics.xlsx,NA,NA,NA,NA
Pycnonotus davisoni,NA,AMNH,568674,m,18.4,85,81,NA,NJC,Pycnonotus finlaysoni morphometrics.xlsx,NA,NA,NA,NA
Pycnonotus finlaysoni,finlaysoni,BMNH,263,m,17.5,79,79,NA,NJC,Pycnonotus finlaysoni morphometrics.xlsx,NA,NA,NA,NA
Pycnonotus finlaysoni,finlaysoni,BMNH,1934,m,17.5,78,76,NA,NJC,Pycnonotus finlaysoni morphometrics.xlsx,NA,NA,NA,NA
Pycnonotus finlaysoni,finlaysoni,BMNH,1936,m,17.9,82,74,NA,NJC,Pycnonotus finlaysoni morphometrics.xlsx,NA,NA,NA,NA
Pycnonotus finlaysoni,finlaysoni,BMNH,12,m,17.6,78,72,NA,NJC,Pycnonotus finlaysoni morphometrics.xlsx,NA,NA,NA,NA
Pycnonotus finlaysoni,finlaysoni,BMNH,1936.4.12,m,17.7,78,69,NA,NJC,Pycnonotus finlaysoni morphometrics.xlsx,NA,NA,NA,NA
Pycnonotus finlaysoni,finlaysoni,BMNH,5603,m,16.7,78,77,NA,NJC,Pycnonotus finlaysoni morphometrics.xlsx,NA,NA,NA,NA
Pycnonotus finlaysoni,finlaysoni,BMNH,1935,m,16.9,79,74,NA,NJC,Pycnonotus finlaysoni morphometrics.xlsx,NA,NA,NA,NA
Pycnonotus finlaysoni,finlaysoni,BMNH,1942,m,NA,79,79,NA,NJC,Pycnonotus finlaysoni morphometrics.xlsx,NA,NA,NA,NA
Pycnonotus finlaysoni,finlaysoni,BMNH,1943,m,17.6,78,73,NA,NJC,Pycnonotus finlaysoni morphometrics.xlsx,NA,NA,NA,NA
Pycnonotus finlaysoni,finlaysoni,BMNH,262,m,16.2,74,72,NA,NJC,Pycnonotus finlaysoni morphometrics.xlsx,NA,NA,NA,NA
Pycnonotus finlaysoni,finlaysoni,ZMB,NA,f,17.3,76,74,NA,NJC,Pycnonotus finlaysoni morphometrics.xlsx,NA,NA,NA,NA
Pycnonotus finlaysoni,finlaysoni,ZMB,NA,f,17.8,79,74,NA,NJC,Pycnonotus finlaysoni morphometrics.xlsx,NA,NA,NA,NA
Pycnonotus finlaysoni,finlaysoni,ZMB,NA,u,17.5,75,74,NA,NJC,Pycnonotus finlaysoni morphometrics.xlsx,NA,NA,NA,NA
Pycnonotus leucops,NA,AMNH,568939,m,17,90,90,NA,NJC,Pycnonotus flavescens morphometrics.xlsx,NA,NA,NA,NA
Pycnonotus leucops,NA,AMNH,265495,m,16.5,89,93,NA,NJC,Pycnonotus flavescens morphometrics.xlsx,NA,NA,NA,NA
Pycnonotus leucops,NA,BMNH,98.10.2.184,m,16.6,82,87,NA,NJC,Pycnonotus flavescens morphometrics.xlsx,NA,NA,NA,NA
Pycnonotus leucops,NA,BMNH,98.10.2.185,m,16.8,89,93,NA,NJC,Pycnonotus flavescens morphometrics.xlsx,NA,NA,NA,NA
Pycnonotus leucops,NA,BMNH,92.10.30.46,m,17.2,90,89,NA,NJC,Pycnonotus flavescens morphometrics.xlsx,NA,NA,NA,NA
Pycnonotus leucops,NA,RMNH,125861,m,19.5,89,82,NA,NJC,Pycnonotus flavescens morphometrics.xlsx,NA,NA,NA,NA
Pycnonotus leucops,NA,RMNH,125849,m,18.5,89,84,NA,NJC,Pycnonotus flavescens morphometrics.xlsx,NA,NA,NA,NA
Pycnonotus leucops,NA,RMNH,125858,m,18.4,89,80,NA,NJC,Pycnonotus flavescens morphometrics.xlsx,NA,NA,NA,NA
Pycnonotus leucops,NA,RMNH,125853,m,18.1,90,80,NA,NJC,Pycnonotus flavescens morphometrics.xlsx,NA,NA,NA,NA
Pycnonotus leucops,NA,RMNH,125857,m,17.6,86,82,NA,NJC,Pycnonotus flavescens morphometrics.xlsx,NA,NA,NA,NA
Pycnonotus flavescens,sordidus,BMNH,NA,m,17.4,84,93,NA,NJC,Pycnonotus flavescens morphometrics.xlsx,NA,NA,NA,NA
Pycnonotus flavescens,sordidus,BMNH,NA,m,17.3,84,96,NA,NJC,Pycnonotus flavescens morphometrics.xlsx,NA,NA,NA,NA
Pycnonotus flavescens,sordidus,BMNH,NA,m,17.3,86,95,NA,NJC,Pycnonotus flavescens morphometrics.xlsx,NA,NA,NA,NA
Pycnonotus flavescens,sordidus,BMNH,NA,m,16.5,91,94,NA,NJC,Pycnonotus flavescens morphometrics.xlsx,NA,NA,NA,NA
Pycnonotus flavescens,sordidus,BMNH,NA,m,16.9,83,92,NA,NJC,Pycnonotus flavescens morphometrics.xlsx,NA,NA,NA,NA
Pycnonotus flavescens,sordidus,AMNH,NA,m,17,84,96,NA,NJC,Pycnonotus flavescens morphometrics.xlsx,NA,NA,NA,NA
Pycnonotus flavescens,sordidus,USNM,358959,m,16.4,85,92,NA,NJC,Pycnonotus flavescens morphometrics.xlsx,NA,NA,NA,NA
Pycnonotus flavescens,sordidus,USNM,358961,m,17.2,84,94,NA,NJC,Pycnonotus flavescens morphometrics.xlsx,NA,NA,NA,NA
Pycnonotus flavescens,sordidus,USNM,360985,m,18.3,83,95,NA,NJC,Pycnonotus flavescens morphometrics.xlsx,NA,NA,NA,NA
Pycnonotus flavescens,sordidus,USNM,360987,m,16.5,85,96,NA,NJC,Pycnonotus flavescens morphometrics.xlsx,NA,NA,NA,NA
Microtarsus nieuwenhuisii,nieuwenhuisii,NA,NA,m,NA,87.2,68.7,bill-tip broken at very end. Bill fsk measures without it 16.7.,NJC,Pynonotus nieuwenhuisi morphometrics.xlsx,NA,NA,NA,16.7
Microtarsus nieuwenhuisii,inexspectatus,NA,NA,m,18.2,82.1,68.6,NA,NJC,Pynonotus nieuwenhuisi morphometrics.xlsx,NA,NA,NA,16.1
Microtarsus melanocephalos,NA,BMNH,1969.1002,m,16.1,74.2,64.7,NA,NJC,Pynonotus nieuwenhuisi morphometrics.xlsx,NA,NA,NA,14.3
Microtarsus melanocephalos,NA,BMNH,1935.10.22.345,m,15,75.5,64.1,NA,NJC,Pynonotus nieuwenhuisi morphometrics.xlsx,NA,NA,NA,15
Microtarsus melanocephalos,NA,BMNH,1927.4.18.610,m,16,76.5,66.3,NA,NJC,Pynonotus nieuwenhuisi morphometrics.xlsx,NA,NA,NA,14.9
Microtarsus melanocephalos,NA,BMNH,75.8.16.19,m,15.1,74.1,63.3,NA,NJC,Pynonotus nieuwenhuisi morphometrics.xlsx,NA,NA,NA,13.9
Microtarsus melanocephalos,NA,BMNH,1927.4.18.606,m,14.9,79.5,64.3,NA,NJC,Pynonotus nieuwenhuisi morphometrics.xlsx,NA,NA,NA,14.7
Microtarsus melanocephalos,NA,BMNH,1927.4.18.607,m,15.3,77.5,65.1,NA,NJC,Pynonotus nieuwenhuisi morphometrics.xlsx,NA,NA,NA,15
Microtarsus melanocephalos,NA,BMNH,1969.41.1003,m,15,78.7,64.8,NA,NJC,Pynonotus nieuwenhuisi morphometrics.xlsx,NA,NA,NA,15.3
Rubigula cyaniventris,NA,BMNH,1932.12.21.45,m,14.1,71.2,62.6,NA,NJC,Pynonotus nieuwenhuisi morphometrics.xlsx,NA,NA,NA,14.3
Rubigula cyaniventris,NA,BMNH,1956.60.295,m,15.3,76,61.4,NA,NJC,Pynonotus nieuwenhuisi morphometrics.xlsx,NA,NA,NA,14.5
Rubigula cyaniventris,NA,BMNH,1900.2.15.48,m,NA,74.7,61.1,NA,NJC,Pynonotus nieuwenhuisi morphometrics.xlsx,NA,NA,NA,14.2
Pycnonotus plumosus,NA,BMNH,1969.41.1016,m,17.9,82.6,72.6,bill too deep,NJC,Pynonotus nieuwenhuisi morphometrics.xlsx,NA,NA,NA,21.5
Pycnonotus plumosus,NA,BMNH,75.8.16.15,m,17.9,79,68.7,NA,NJC,Pynonotus nieuwenhuisi morphometrics.xlsx,NA,NA,NA,21.9
Pycnonotus plumosus,NA,BMNH,1969.50.8,m,16.8,79,67.7,NA,NJC,Pynonotus nieuwenhuisi morphometrics.xlsx,NA,NA,NA,19.8
Pycnonotus plumosus,NA,BMNH,1935.10.22.376,m,17.3,85.4,72.2,NA,NJC,Pynonotus nieuwenhuisi morphometrics.xlsx,NA,NA,NA,21.4
Pycnonotus plumosus,NA,BMNH,1935.10.22.378,m,17.6,80.1,67.8,NA,NJC,Pynonotus nieuwenhuisi morphometrics.xlsx,NA,NA,NA,21.1
Pycnonotus plumosus,NA,BMNH,1935.10.22.379,m,16.9,85,73.3,NA,NJC,Pynonotus nieuwenhuisi morphometrics.xlsx,NA,NA,NA,21.5
Pycnonotus plumosus,NA,BMNH,74.12.9.5,m,18.3,79.4,70.6,NA,NJC,Pynonotus nieuwenhuisi morphometrics.xlsx,NA,NA,NA,21
Pycnonotus simplex,NA,BMNH,1956.60.302,m,15.9,82.4,69.3,NA,NJC,Pynonotus nieuwenhuisi morphometrics.xlsx,NA,NA,NA,18.5
Pycnonotus simplex,NA,BMNH,1956.60.303,m,16.4,81.6,70.7,NA,NJC,Pynonotus nieuwenhuisi morphometrics.xlsx,NA,NA,NA,18.2
Pycnonotus simplex,NA,BMNH,1956.60.305,m,15.6,78.5,71.4,NA,NJC,Pynonotus nieuwenhuisi morphometrics.xlsx,NA,NA,NA,18
Pycnonotus simplex,NA,BMNH,1956.60.306,m,16.6,78.9,69.9,NA,NJC,Pynonotus nieuwenhuisi morphometrics.xlsx,NA,NA,NA,NA
Pycnonotus simplex,NA,BMNH,1956.60.307,m,16.6,81,71.4,NA,NJC,Pynonotus nieuwenhuisi morphometrics.xlsx,NA,NA,NA,18.8
Pycnonotus simplex,NA,BMNH,73.5.12.1403,m,16.3,79.2,69.5,NA,NJC,Pynonotus nieuwenhuisi morphometrics.xlsx,NA,NA,NA,17.2
Pycnonotus simplex,NA,BMNH,76.7.28.30,m,16,75.9,69.9,NA,NJC,Pynonotus nieuwenhuisi morphometrics.xlsx,NA,NA,NA,17.4
Pycnonotus brunneus,NA,BMNH,73.5.12.1404,m,16.8,81.7,74.4,NA,NJC,Pynonotus nieuwenhuisi morphometrics.xlsx,NA,NA,NA,19.3
Pycnonotus brunneus,NA,BMNH,1958.3.37,m,16.7,84.7,75,NA,NJC,Pynonotus nieuwenhuisi morphometrics.xlsx,NA,NA,NA,19.5
Pycnonotus brunneus,NA,BMNH,1935.10.22.368,m,17,83.5,71.1,NA,NJC,Pynonotus nieuwenhuisi morphometrics.xlsx,NA,NA,NA,19.8
Pycnonotus brunneus,NA,BMNH,1935.10.22.369,m,16.1,83.6,71.3,NA,NJC,Pynonotus nieuwenhuisi morphometrics.xlsx,NA,NA,NA,19.3
Pycnonotus brunneus,NA,BMNH,1935.10.22.371,m,17.1,83.9,73,NA,NJC,Pynonotus nieuwenhuisi morphometrics.xlsx,NA,NA,NA,20
Rubigula erythropthalmos,NA,BMNH,79.5.3.36,m,13.2,71,65.4,NA,NJC,Pynonotus nieuwenhuisi morphometrics.xlsx,NA,NA,NA,15.9
Rubigula erythropthalmos,NA,BMNH,1927.4.18.582A,m,13.7,72.5,61,NA,NJC,Pynonotus nieuwenhuisi morphometrics.xlsx,NA,NA,NA,15.1
Rubigula erythropthalmos,NA,BMNH,1927.4.18.583A,m,13.6,75.9,63.4,NA,NJC,Pynonotus nieuwenhuisi morphometrics.xlsx,NA,NA,NA,15.6
Rubigula erythropthalmos,NA,BMNH,1927.4.18.584A,m,13,73.1,60.3,NA,NJC,Pynonotus nieuwenhuisi morphometrics.xlsx,NA,NA,NA,14.8
Rubigula erythropthalmos,NA,BMNH,73.5.12.1395,m,13.7,73.3,65.1,NA,NJC,Pynonotus nieuwenhuisi morphometrics.xlsx,NA,NA,NA,16
Rubigula erythropthalmos,NA,BMNH,75.8.16.22,m,13.9,71.2,61.3,NA,NJC,Pynonotus nieuwenhuisi morphometrics.xlsx,NA,NA,NA,15.1
Rubigula erythropthalmos,NA,BMNH,93.7.2.73,m,13.9,73,62.4,NA,NJC,Pynonotus nieuwenhuisi morphometrics.xlsx,NA,NA,NA,15.3
Rubigula erythropthalmos,NA,BMNH,1969.29.193,m,NA,77.8,66.9,NA,NJC,Pynonotus nieuwenhuisi morphometrics.xlsx,NA,NA,NA,15.6
Rubigula erythropthalmos,NA,BMNH,1912.12.28.83,m,13.5,75.6,65.8,NA,NJC,Pynonotus nieuwenhuisi morphometrics.xlsx,NA,NA,NA,15
Pycnonotus goiavier,NA,BMNH,75.8.16.291,m,17.6,83.8,84,NA,NJC,Pynonotus nieuwenhuisi morphometrics.xlsx,NA,NA,NA,20.3
Pycnonotus goiavier,NA,BMNH,1908.12.9.36,m,17.8,83.4,81.7,NA,NJC,Pynonotus nieuwenhuisi morphometrics.xlsx,NA,NA,NA,21.7
Pycnonotus goiavier,NA,BMNH,1969.27.303,m,NA,87,82.3,NA,NJC,Pynonotus nieuwenhuisi morphometrics.xlsx,NA,NA,NA,21.2
Pycnonotus goiavier,NA,BMNH,1969.27.305,m,18.3,86.8,85.1,NA,NJC,Pynonotus nieuwenhuisi morphometrics.xlsx,NA,NA,NA,20.3