CatalogNumber,Collection,Scientific Name,priority,Sex,Date,Country,Locality,Total.culmen,Length.of.bill.from.nostril,Bill.width,Bill.depth,Gape.width,Tarsus.length,Tail.length,Wing.length,First.secondary.length,Measurer,Lat,Lon
57570,University of Michigan Museum of Zoology,Pycnonotus sinensis,1,f,NA,China,Nanking,14.35,8.62,4.38,5.41,11.04,22.49,72.94,85.67,68.79,BRW,32.0406765,118.77388
185327,University of Michigan Museum of Zoology,Rubigula flaviventris,NA,m,NA,India,"Khasi Hills, Mawrygkneng",15.06,9.39,4.46,5.9,9.89,15.33,77.46,85.73,72.63,BRW,25.554509,92.060499
185292,University of Michigan Museum of Zoology,Rubigula flaviventris,NA,f,NA,India,Pai Khai,15.08,8.37,5.13,4.7,9.46,17.02,78.71,87.65,73.45,BRW,23.6333333,92.75
185345,University of Michigan Museum of Zoology,Rubigula flaviventris,NA,m,NA,India,Bamanigaon,15.09,10.72,5.31,5.38,11.95,18.8,81.28,89.4,77.35,BRW,26.070875,91.423048
185307,University of Michigan Museum of Zoology,Rubigula flaviventris,NA,m,NA,India,Blue Mountain,15.15,9.74,5.29,4.86,10.53,16.2,80.33,89.58,75.09,BRW,23.390356,92.718309
185302,University of Michigan Museum of Zoology,Rubigula flaviventris,NA,f,NA,India,Sangau,15.2,8.77,4.5,5.01,9.66,16.97,74.97,85.4,73.16,BRW,22.7413563,93.0572032
238802,University of Michigan Museum of Zoology,Rubigula flaviventris,NA,f,NA,India,Mawryngkneng,15.29,NA,NA,NA,8.5,15.9,77.27,81.91,70.38,BRW,25.554509,92.060499
23664,University of Michigan Museum of Zoology,Rubigula squamata,1,m,NA,Malaysia,no specific locality,15.39,8.49,4.45,4.01,8.05,16.15,60.73,76.78,68.59,BRW,2.326361,102.281699
185288,University of Michigan Museum of Zoology,Rubigula flaviventris,NA,f,NA,India,Aizawl,15.4,10.34,4.71,4.89,9.43,15.28,77.44,84.26,72.1,BRW,23.7333345,92.7166634
185344,University of Michigan Museum of Zoology,Rubigula flaviventris,NA,m,NA,India,Haflong,15.47,8.26,4.01,5.07,9.77,16.34,83.12,89,77.57,BRW,25.1833324,93.0333366
185308,University of Michigan Museum of Zoology,Rubigula flaviventris,NA,m,NA,India,Tura,15.51,9.25,4.6,4.69,10.04,16.88,79.22,90.39,75.63,BRW,25.514671,90.201036
185294,University of Michigan Museum of Zoology,Rubigula flaviventris,NA,m,NA,India,Pai Khai,15.52,8.99,4.62,4.93,11.18,16.08,80.06,87.38,77.08,BRW,23.6333333,92.75
185286,University of Michigan Museum of Zoology,Rubigula flaviventris,NA,f,NA,India,Lechiwala,15.58,8.33,4.96,5.02,10.8,16.52,80.36,90.15,78.19,BRW,30.210677,78.135177
204711,University of Michigan Museum of Zoology,Arizelocichla montana,1,u,NA,Nigeria,Obudu Plateau,15.61,8.09,4.1,4.1,8.96,21.52,75.03,79.23,68.96,BRW,6.6666667,9.15
91734,University of Michigan Museum of Zoology,Ixonotus guttatus,1,m,NA,DRC,Saidi,15.69,9.39,4.37,4.6,11.05,19.2,75.45,87.92,NA,BRW,NA,NA
185304,University of Michigan Museum of Zoology,Rubigula flaviventris,NA,m,NA,India,Sangau,15.7,8.9,4.78,4.77,10.09,15.83,84.08,90.12,77.81,BRW,22.7413563,93.0572032
185310,University of Michigan Museum of Zoology,Rubigula flaviventris,NA,m,NA,India,Tura,15.72,8.42,4.23,4.77,9.46,16.09,78.52,86.41,74.77,BRW,25.514671,90.201036
185303,University of Michigan Museum of Zoology,Rubigula flaviventris,NA,f,NA,India,Sangau,15.76,9.25,4.76,4.57,10.66,15.79,78.57,84.18,72.47,BRW,22.7413563,93.0572032
185341,University of Michigan Museum of Zoology,Rubigula flaviventris,NA,m,NA,India,Haflong,15.78,10.07,4.63,4.95,9.85,15.95,81.84,86.54,75.35,BRW,25.1833324,93.0333366
185317,University of Michigan Museum of Zoology,Rubigula flaviventris,NA,f,NA,India,Nichuguard,15.87,8.51,4.36,5.07,9.98,16.6,76.97,86.11,73.77,BRW,25.8166676,93.7833336
185335,University of Michigan Museum of Zoology,Rubigula flaviventris,NA,m,NA,India,"Khasi Hills, Mawphlang",15.87,8.43,4.33,4.96,9.23,17.51,76.08,88.36,75.72,BRW,25.4666667,91.7666667
185282,University of Michigan Museum of Zoology,Rubigula flaviventris,NA,f,NA,India,Lechiwala,15.88,9.62,4.28,5.11,10.6,16.53,80.77,92.11,78.9,BRW,30.210677,78.135177
185343,University of Michigan Museum of Zoology,Rubigula flaviventris,NA,m,NA,India,Haflong,15.89,8.67,3.43,5.03,10.32,NA,81.74,87.18,75.55,BRW,25.1833324,93.0333366
185315,University of Michigan Museum of Zoology,Rubigula flaviventris,NA,f,NA,India,Kohima,16,9.56,4.14,4.58,8.58,17.11,74.03,85.14,73.18,BRW,25.6666667,94.1166649
185284,University of Michigan Museum of Zoology,Rubigula flaviventris,NA,m,NA,India,Lechiwala,16.02,9.65,5.23,5.48,10.32,16.59,83.71,92.82,76.91,BRW,30.210677,78.135177
185293,University of Michigan Museum of Zoology,Rubigula flaviventris,NA,m,NA,India,Pai Khai,16.05,10.83,5.14,5,10.23,16.25,77.87,89,76.61,BRW,23.6333333,92.75
185309,University of Michigan Museum of Zoology,Rubigula flaviventris,NA,m,NA,India,Tura,16.08,10.08,4.08,4.91,9.75,16.65,79.75,86.93,74.51,BRW,25.514671,90.201036
185320,University of Michigan Museum of Zoology,Rubigula flaviventris,NA,u,NA,India,"Khasi Hills, Mawrygkneng",16.11,8.33,3.97,4.75,9.56,15.61,72.04,84.87,72.01,BRW,25.554509,92.060499
185287,University of Michigan Museum of Zoology,Rubigula flaviventris,NA,m,NA,India,Aizawl,16.13,9.35,4.56,5.1,10.25,16.45,73.89,88.44,77.04,BRW,23.7333345,92.7166634
91735,University of Michigan Museum of Zoology,Ixonotus guttatus,1,f,NA,DRC,Saidi,16.16,9.37,4.88,5,9.09,17.64,74.72,92.17,74.37,BRW,NA,NA
185314,University of Michigan Museum of Zoology,Rubigula flaviventris,NA,m,NA,India,Kohima,16.18,8.18,4.42,4.94,9.08,17.29,77.02,88.53,74.37,BRW,25.6666667,94.1166649
185328,University of Michigan Museum of Zoology,Rubigula flaviventris,NA,m,NA,India,"Khasi Hills, Mawrygkneng",16.23,11,5.15,5.02,11.73,16.58,80.24,90.5,77.89,BRW,25.554509,92.060499
185324,University of Michigan Museum of Zoology,Rubigula flaviventris,NA,m,NA,India,"Khasi Hills, Mawrygkneng",16.25,9.28,4.45,5.33,10.27,17.44,78.63,86.24,72.72,BRW,25.554509,92.060499
185326,University of Michigan Museum of Zoology,Rubigula flaviventris,NA,m,NA,India,"Khasi Hills, Mawrygkneng",16.25,10.61,4.38,4.77,8.65,16.84,79.63,86.76,74.68,BRW,25.554509,92.060499
185316,University of Michigan Museum of Zoology,Rubigula flaviventris,NA,m,NA,India,Kohima,16.3,8.42,4.23,5.1,8.71,16.88,79.58,91.08,75.9,BRW,25.6666667,94.1166649
185298,University of Michigan Museum of Zoology,Rubigula flaviventris,NA,m,NA,India,Sangau,16.31,9.16,4.12,5.02,10.35,15.59,68.92,85.73,73.46,BRW,22.7413563,93.0572032
185337,University of Michigan Museum of Zoology,Rubigula flaviventris,NA,m,NA,India,Laikul,16.4,9.02,4.34,4.63,9.53,16.19,81.52,90.12,77.33,BRW,25.113956,92.945386
185342,University of Michigan Museum of Zoology,Rubigula flaviventris,NA,m,NA,India,Haflong,16.43,9.21,4.58,5.16,8.94,16.41,79.8,86.56,73.74,BRW,25.1833324,93.0333366
238801,University of Michigan Museum of Zoology,Rubigula flaviventris,NA,f,NA,India,Kohima,16.44,9.45,4.28,4.81,10.86,16.03,76.15,85.82,73.54,BRW,25.6666667,94.1166649
185319,University of Michigan Museum of Zoology,Rubigula flaviventris,NA,f,NA,India,"Khasi Hills, Mawrygkneng",16.44,10.72,4.76,4.81,9.46,16.24,73.06,85.81,71.89,BRW,25.554509,92.060499
185301,University of Michigan Museum of Zoology,Rubigula flaviventris,NA,m,NA,India,Sangau,16.45,8.97,4.75,5.02,10.25,18.1,81.57,91.19,76.8,BRW,22.7413563,93.0572032
185291,University of Michigan Museum of Zoology,Rubigula flaviventris,NA,m,NA,India,Pai Khai,16.45,9.35,4.6,5.53,10.91,16.98,77.7,88.9,75.76,BRW,23.6333333,92.75
185323,University of Michigan Museum of Zoology,Rubigula flaviventris,NA,u,NA,India,"Khasi Hills, Mawrygkneng",16.52,9.88,4.64,5.13,8.82,15.79,81.37,88.12,75.52,BRW,25.554509,92.060499
185305,University of Michigan Museum of Zoology,Rubigula flaviventris,NA,f,NA,India,Sangau,16.52,8.04,4.38,4.67,9.66,18.12,NA,85.77,71.69,BRW,22.7413563,93.0572032
185339,University of Michigan Museum of Zoology,Rubigula flaviventris,NA,m,NA,India,Haflong,16.55,9.22,4.28,4.92,8.68,16.69,75.97,82.6,73.14,BRW,25.1833324,93.0333366
185322,University of Michigan Museum of Zoology,Rubigula flaviventris,NA,m,NA,India,"Khasi Hills, Mawrygkneng",16.58,10.6,4.83,4.88,9.47,NA,75.75,89.21,75.38,BRW,25.554509,92.060499
185318,University of Michigan Museum of Zoology,Rubigula flaviventris,NA,m,NA,India,Nichuguard,16.59,10.03,5.28,5.52,10.08,17.94,81.75,90.65,76.25,BRW,25.8166676,93.7833336
185299,University of Michigan Museum of Zoology,Rubigula flaviventris,NA,m,NA,India,Sangau,16.61,11.01,5.66,5.45,10.41,18.08,79.99,89.92,78,BRW,22.7413563,93.0572032
185340,University of Michigan Museum of Zoology,Rubigula flaviventris,NA,m,NA,India,Haflong,16.63,9.18,3.78,4.84,9.36,16.73,81.26,88.63,75.08,BRW,25.1833324,93.0333366
185296,University of Michigan Museum of Zoology,Rubigula flaviventris,NA,m,NA,India,Sangau,16.63,9.08,4.44,4.94,10.35,16.72,78.8,85.54,73.33,BRW,22.7413563,93.0572032
68994,University of Michigan Museum of Zoology,Rubigula flaviventris,NA,m,NA,Laos,Bountai,16.65,8.75,4.71,4.91,10.31,16.54,83.71,86.79,77.13,BRW,NA,NA
185336,University of Michigan Museum of Zoology,Rubigula flaviventris,NA,m,NA,India,Laikul,16.67,9.51,4.33,4.72,8.88,16.67,75.99,88.28,76.48,BRW,25.113956,92.945386
185285,University of Michigan Museum of Zoology,Rubigula flaviventris,NA,m,NA,India,Lechiwala,16.68,9.06,4.23,4.69,10.42,16.06,83.2,91.32,76.08,BRW,30.210677,78.135177
185306,University of Michigan Museum of Zoology,Rubigula flaviventris,NA,m,NA,India,Sangau,16.68,9.58,5.55,5.25,9.82,16.54,79.49,89.63,76.23,BRW,22.7413563,93.0572032
185321,University of Michigan Museum of Zoology,Rubigula flaviventris,NA,m,NA,India,"Khasi Hills, Mawrygkneng",16.92,9.69,4.24,5.06,9.73,17.21,80.31,89.32,75.42,BRW,25.554509,92.060499
185289,University of Michigan Museum of Zoology,Rubigula flaviventris,NA,m,NA,India,Aizawl,16.95,8.86,4.64,4.94,10.86,16.53,81.28,89.54,75.11,BRW,23.7333345,92.7166634
96616,University of Michigan Museum of Zoology,Pycnonotus taivanus,1,f,NA,China,Taihoku,17.44,9.88,4.42,4.79,10.17,22.18,68.78,80.55,69.48,BRW,25.047763,121.531846
114806,University of Michigan Museum of Zoology,Pycnonotus xanthorrhous,1,m,NA,China,Tung-lu,17.47,9.92,4.12,4.98,9.7,21.01,83.29,87.69,74.22,BRW,28.716777,121.923991
114807,University of Michigan Museum of Zoology,Pycnonotus xanthorrhous,1,f,NA,China,Tung-lu,17.49,9.28,4.68,4.78,9.45,20.76,83.08,86.22,72.47,BRW,28.716777,121.923991
185297,University of Michigan Museum of Zoology,Rubigula flaviventris,NA,f,NA,India,Sangau,17.53,9.93,3.62,5.22,9.39,16.79,74.94,86.62,73.63,BRW,22.7413563,93.0572032
94827,University of Michigan Museum of Zoology,Pycnonotus penicillatus,1,f,NA,Sri Lanka,Punduloya,17.71,9.37,5.01,5.36,10.88,19.39,74.22,79.78,69.97,BRW,NA,NA
114805,University of Michigan Museum of Zoology,Pycnonotus sinensis,NA,m,NA,China,Tung-lu,17.78,9.34,4.56,5.03,11.41,20.87,70.64,85.92,65.79,BRW,28.716777,121.923991
25618,University of Michigan Museum of Zoology,Pycnonotus taivanus,1,u,NA,Taiwan,no specific locality,17.79,10.12,4.66,5.09,10.48,20.63,68.86,80.36,67.65,BRW,NA,NA
185118,University of Michigan Museum of Zoology,Alcurus striatus,NA,f,NA,India,"Khasi Hills, Mawphlang",17.79,11.05,4.79,5.55,10.35,19.13,88.79,99.73,79.67,BRW,25.4666667,91.7666667
68991,University of Michigan Museum of Zoology,Pycnonotus xanthorrhous,1,m,NA,Laos,Phong Saly,17.86,9.28,4.5,4.78,9.26,20.84,80.64,87.74,75.39,BRW,21.683722,102.105357
239657,University of Michigan Museum of Zoology,Arizelocichla montana,1,m,NA,Cameroon,Mt Oku,18.1,10.38,3.78,4.77,8.55,25.36,78.88,88,78.88,BRW,6.2,10.5166667
185098,University of Michigan Museum of Zoology,Alcurus striatus,NA,f,NA,India,Kohima,18.29,10.81,4.47,5.51,10.57,19.08,90.97,106.37,83.73,BRW,25.6666667,94.1166649
23293,University of Michigan Museum of Zoology,Pycnonotus taivanus,1,m,NA,Taiwan,Takao,18.38,9.64,4.18,5.48,9.53,19.98,72.26,83.67,70.88,BRW,NA,NA
185100,University of Michigan Museum of Zoology,Alcurus striatus,NA,m,NA,India,Laitlyngkot,18.41,10.52,4.96,5.59,11.24,18.43,92.23,101.52,81.4,BRW,25.431716,91.856221
185128,University of Michigan Museum of Zoology,Alcurus striatus,NA,f,NA,India,"Khasi Hills, Mawphlang",18.42,11.51,5.26,5.33,10.51,18.66,84.42,98.58,79.26,BRW,25.4666667,91.7666667
185121,University of Michigan Museum of Zoology,Alcurus striatus,NA,f,NA,India,"Khasi Hills, Mawphlang",18.44,10.95,4.83,5.88,10.32,17.51,82.36,95.75,75.99,BRW,25.4666667,91.7666667
185136,University of Michigan Museum of Zoology,Alcurus striatus,NA,u,NA,India,Cherrapunji,18.48,11.47,5.45,5.35,10.6,19.09,84.73,103.48,81.76,BRW,25.3000002,91.7000008
185125,University of Michigan Museum of Zoology,Alcurus striatus,NA,f,NA,India,"Khasi Hills, Mawphlang",18.82,10.23,4.61,5.16,11.43,18.79,88.87,102.32,80.07,BRW,25.4666667,91.7666667
94957,University of Michigan Museum of Zoology,Pycnonotus barbatus,1,f,NA,Tanzania,"Mount Meru, E side",18.89,9.69,4.83,5.5,10.33,21.14,75.36,85.43,75.05,BRW,NA,NA
185126,University of Michigan Museum of Zoology,Alcurus striatus,NA,f,NA,India,"Khasi Hills, Mawphlang",18.92,10.5,5.32,5.74,10.25,20.6,87.06,104.47,81.44,BRW,25.4666667,91.7666667
185132,University of Michigan Museum of Zoology,Alcurus striatus,NA,f,NA,India,"Khasi Hills, Mawphlang",18.95,10.04,4.88,5.61,10.21,17.95,81.86,97.66,78.03,BRW,25.4666667,91.7666667
239656,University of Michigan Museum of Zoology,Arizelocichla montana,1,m,NA,Cameroon,Mt Oku,18.96,11.49,4.42,4.8,8.78,25.73,79.69,86.16,78.82,BRW,6.2,10.5166667
214771,University of Michigan Museum of Zoology,Pycnonotus barbatus,1,f,NA,Mozambique,"Dondo, near, Dondo Forest",19.01,10.17,4.59,5.37,10.75,22.74,79.81,91.36,76.95,BRW,-19.6,34.7166667
185142,University of Michigan Museum of Zoology,Alcurus striatus,NA,m,NA,India,Blue Mountain,19.03,11.23,5.05,5.61,10.47,18.85,90.56,103.55,82.19,BRW,23.390356,92.718309
185219,University of Michigan Museum of Zoology,Pycnonotus jocosus,1,m,NA,India,Londa,19.04,11.1,4.61,4.81,9.95,21.18,79.84,84.72,75.6,BRW,15.47,74.52
185137,University of Michigan Museum of Zoology,Alcurus striatus,NA,f,NA,India,Hmuntha,19.09,10.34,5.19,5.41,10.88,19.71,87.73,103.23,81.8,BRW,23.4832432,92.9330062
185528,University of Michigan Museum of Zoology,Iole cacharensis,1,m,NA,India,Tura Mountain,19.14,11.45,4.98,4.86,9.61,17.17,70.87,83.65,70.81,BRW,25.5166667,90.2166667
185108,University of Michigan Museum of Zoology,Alcurus striatus,NA,u,NA,India,"Khasi Hills, Mawphlang",19.2,10.56,4.96,5.52,10.45,19.26,84.19,94.69,78.27,BRW,25.4666667,91.7666667
184924,University of Michigan Museum of Zoology,Pycnonotus cafer,1,m,NA,India,Bheraghat,19.36,10.05,4.41,5.06,12.06,22.99,80.28,93.26,78.64,BRW,23.1343615,79.8009109
185144,University of Michigan Museum of Zoology,Alcurus striatus,NA,m,NA,India,Blue Mountain,19.38,11.16,5.25,5.53,9.62,20.39,86.98,102.57,81.07,BRW,23.390356,92.718309
185088,University of Michigan Museum of Zoology,Alcurus striatus,NA,m,NA,India,Laikul,19.39,11.16,5.22,5.75,10.9,19.05,91.29,107.03,83.84,BRW,25.113956,92.945386
185089,University of Michigan Museum of Zoology,Alcurus striatus,NA,m,NA,India,Tackubama,19.51,11.23,4.34,5.17,9.82,19.76,84.61,100.88,79.82,BRW,25.9252778,94.5222222
185101,University of Michigan Museum of Zoology,Alcurus striatus,NA,m,NA,India,Laitlyngkot,19.54,11.34,5.15,6.17,10.36,17.71,86.52,102.38,82.03,BRW,25.431716,91.856221
185127,University of Michigan Museum of Zoology,Alcurus striatus,NA,m,NA,India,"Khasi Hills, Mawphlang",19.59,10.96,4.8,5.52,9.22,18.61,83.92,104.54,80.55,BRW,25.4666667,91.7666667
185123,University of Michigan Museum of Zoology,Alcurus striatus,NA,f,NA,India,"Khasi Hills, Mawphlang",19.61,10.43,4.58,5.35,11.3,18.99,80.28,98.52,78.13,BRW,25.4666667,91.7666667
185093,University of Michigan Museum of Zoology,Alcurus striatus,NA,f,NA,India,Kohima,19.61,11.19,5.38,5.53,10.05,19.18,89.69,105.53,83.04,BRW,25.6666667,94.1166649
185120,University of Michigan Museum of Zoology,Alcurus striatus,NA,m,NA,India,"Khasi Hills, Mawphlang",19.61,11.45,5.12,5.3,9.6,18.09,86.1,100.77,83.81,BRW,25.4666667,91.7666667
185124,University of Michigan Museum of Zoology,Alcurus striatus,NA,m,NA,India,"Khasi Hills, Mawphlang",19.62,11.62,4.7,5.51,9.21,17.52,86.86,102.99,80.52,BRW,25.4666667,91.7666667
185086,University of Michigan Museum of Zoology,Alcurus striatus,NA,f,NA,India,Laikul,19.63,12.05,5.84,6.06,10.92,18.15,88.6,97.96,78.17,BRW,25.113956,92.945386
185149,University of Michigan Museum of Zoology,Alcurus striatus,NA,f,NA,India,Blue Mountain,19.65,10.52,5.23,5.62,9.87,18.02,86.8,99.93,80.46,BRW,23.390356,92.718309
185106,University of Michigan Museum of Zoology,Alcurus striatus,NA,f,NA,India,Laitlyngkot,19.66,10.39,5.3,5.62,10.24,19.34,89.29,98.87,80.68,BRW,25.431716,91.856221
185102,University of Michigan Museum of Zoology,Alcurus striatus,NA,m,NA,India,Laitlyngkot,19.67,11.4,5.14,6.04,10.8,20.2,86.42,101.45,81.53,BRW,25.431716,91.856221
185122,University of Michigan Museum of Zoology,Alcurus striatus,NA,f,NA,India,"Khasi Hills, Mawphlang",19.76,10.48,4.53,5.48,10.19,19.92,NA,98.11,76.37,BRW,25.4666667,91.7666667
185130,University of Michigan Museum of Zoology,Alcurus striatus,NA,m,NA,India,"Khasi Hills, Mawphlang",19.78,14.13,5.23,5.71,11,20.23,92.23,107.32,81.37,BRW,25.4666667,91.7666667
209116,University of Michigan Museum of Zoology,Alcurus striatus,NA,f,NA,Nepal,"Ropeway, 2 mi E, in valley",19.8,11.21,5.45,5.54,10.87,18.9,91.36,105.91,83.58,BRW,28,84
68992,University of Michigan Museum of Zoology,Iole propinqua,1,m,NA,Vietnam,S of Lai Chi,19.89,11.26,5.04,5.11,9.2,18.14,82.09,87.93,74.06,BRW,NA,NA
185104,University of Michigan Museum of Zoology,Alcurus striatus,NA,m,NA,India,Laitlyngkot,19.91,11.04,5.59,6.42,11.76,19.14,90.11,104.48,80.19,BRW,25.431716,91.856221
185107,University of Michigan Museum of Zoology,Alcurus striatus,NA,NA,NA,India,"Khasi Hills, Mawphlang",19.94,10.67,4.65,5.29,10.51,19.91,85.69,93.46,74.73,BRW,25.4666667,91.7666667
185356,University of Michigan Museum of Zoology,Alophoixus flaveolus,1,m,NA,India,Haflong,19.96,13.15,6.32,7.27,11.32,20.45,84.46,98.42,81.03,BRW,25.1833324,93.0333366
185090,University of Michigan Museum of Zoology,Alcurus striatus,NA,m,NA,India,Tackubama,20.01,13.86,5.81,5.74,11.38,20.23,94.42,106.41,82.91,BRW,25.9252778,94.5222222
185115,University of Michigan Museum of Zoology,Alcurus striatus,NA,m,NA,India,"Khasi Hills, Mawphlang",20.15,11.15,5.33,5.52,10.36,19.9,NA,NA,NA,BRW,25.4666667,91.7666667
185409,University of Michigan Museum of Zoology,Alophoixus flaveolus,NA,m,NA,India,Sangau,20.19,12.59,5.58,7.35,11.28,19.88,86.9,102.63,83.72,BRW,22.7413563,93.0572032
185145,University of Michigan Museum of Zoology,Alcurus striatus,NA,m,NA,India,Blue Mountain,20.21,11,4.21,5.81,11.05,20.03,87.61,105.33,82.08,BRW,23.390356,92.718309
185138,University of Michigan Museum of Zoology,Alcurus striatus,NA,m,NA,India,Hmuntha,20.25,12.43,5.24,5.95,11.48,19,88.79,105.78,82.12,BRW,23.4832432,92.9330062
185110,University of Michigan Museum of Zoology,Alcurus striatus,NA,f,NA,India,"Khasi Hills, Mawphlang",20.27,11.68,5.13,5.72,10.28,19.23,83.11,98.53,80.05,BRW,25.4666667,91.7666667
185103,University of Michigan Museum of Zoology,Alcurus striatus,NA,m,NA,India,Laitlyngkot,20.3,11.91,5.21,5.53,11.19,19.24,87.03,100.21,79.3,BRW,25.431716,91.856221
185378,University of Michigan Museum of Zoology,Alophoixus flaveolus,NA,f,NA,India,Cherrapunji,20.42,11.4,5.9,6.74,12.66,21.11,91.47,100.62,84.3,BRW,25.3000002,91.7000008
185097,University of Michigan Museum of Zoology,Alcurus striatus,NA,f,NA,India,Kohima,20.42,10.83,4.97,5.64,10.64,18.16,84.79,103.79,81.84,BRW,25.6666667,94.1166649
78942,University of Michigan Museum of Zoology,Pycnonotus cafer,1,f,NA,India,Arsu,20.45,11.2,4.79,5.1,10.44,22.91,81.81,95.48,82.14,BRW,32.0480556,77.1372222
185396,University of Michigan Museum of Zoology,Alophoixus flaveolus,NA,m,NA,India,Aizawl,20.46,12.2,5.17,6.98,10.72,20.37,89.64,101.61,81.64,BRW,23.7333345,92.7166634
185099,University of Michigan Museum of Zoology,Alcurus striatus,NA,f,NA,India,Laitlyngkot,20.59,10.56,5.16,6,11.27,19.14,88.57,102.58,82.32,BRW,25.431716,91.856221
185087,University of Michigan Museum of Zoology,Alcurus striatus,NA,f,NA,India,Laikul,20.6,11.9,4.99,5.55,10.46,18.5,84.35,101.99,81.38,BRW,25.113956,92.945386
185113,University of Michigan Museum of Zoology,Alcurus striatus,NA,m,NA,India,"Khasi Hills, Mawphlang",20.64,12.49,5.84,6.27,10.9,19.37,87.44,104.89,83.34,BRW,25.4666667,91.7666667
185403,University of Michigan Museum of Zoology,Alophoixus flaveolus,NA,m,NA,India,Sangau,20.71,11.96,5.95,7.23,12.06,19.73,88.98,103.04,85.85,BRW,22.7413563,93.0572032
185148,University of Michigan Museum of Zoology,Alcurus striatus,NA,m,NA,India,Blue Mountain,20.72,11.35,5.29,6.01,12.83,19.4,84.73,100.41,80.13,BRW,23.390356,92.718309
185355,University of Michigan Museum of Zoology,Alophoixus flaveolus,1,m,NA,India,Haflong,20.76,12.93,5.3,7.65,12.93,20.07,91.48,103.58,86.27,BRW,25.1833324,93.0333366
185140,University of Michigan Museum of Zoology,Alcurus striatus,NA,NA,NA,India,Sangau,20.77,11.34,5.8,5.44,11.69,19.39,86.12,100.41,80.37,BRW,22.7413563,93.0572032
185135,University of Michigan Museum of Zoology,Alcurus striatus,NA,m,NA,India,Cherrapunji,20.84,12.16,4.81,5.44,10.58,17.99,83.55,103.47,NA,BRW,25.3000002,91.7000008
185092,University of Michigan Museum of Zoology,Alcurus striatus,NA,m,NA,India,Kohima,20.84,11.02,5.09,5.84,10.88,21.13,90.06,106.12,84.58,BRW,25.6666667,94.1166649
185096,University of Michigan Museum of Zoology,Alcurus striatus,NA,m,NA,India,Kohima,20.84,12.11,5.22,5.63,10.75,19.93,92.97,106.28,84.48,BRW,25.6666667,94.1166649
185147,University of Michigan Museum of Zoology,Alcurus striatus,NA,m,NA,India,Blue Mountain,20.85,11,5.05,5.45,11.74,18.8,92.91,105.47,82.83,BRW,23.390356,92.718309
185095,University of Michigan Museum of Zoology,Alcurus striatus,NA,m,NA,India,Kohima,20.88,11.32,5.46,5.27,10.03,19.8,88.48,105.54,83.11,BRW,25.6666667,94.1166649
185105,University of Michigan Museum of Zoology,Alcurus striatus,NA,m,NA,India,Laitlyngkot,20.96,11.21,5.06,5.45,11.3,20.46,84.75,101.07,82.16,BRW,25.431716,91.856221
185141,University of Michigan Museum of Zoology,Alcurus striatus,NA,f,NA,India,Blue Mountain,20.96,10.97,4.86,5.66,11.12,19.78,88.96,99.3,80.3,BRW,23.390356,92.718309
185385,University of Michigan Museum of Zoology,Alophoixus flaveolus,NA,f,NA,India,Cherrapunji,21.03,12.13,5.34,7.48,13.31,21.08,82.71,97.92,81.31,BRW,25.3000002,91.7000008
23534,University of Michigan Museum of Zoology,Alophoixus tephrogenys,NA,u,NA,Malaysia,Malacca,21.05,12.73,5.3,6.99,11.49,19.14,81.49,96.08,80.69,BRW,2.326361,102.281699
185359,University of Michigan Museum of Zoology,Alophoixus flaveolus,NA,f,NA,India,Laikul,21.07,12.7,5.38,7.3,12.15,19.48,84.5,98.76,82.31,BRW,25.113956,92.945386
185094,University of Michigan Museum of Zoology,Alcurus striatus,NA,m,NA,India,Kohima,21.3,11.49,5.45,5.73,11.2,19.1,90.33,102.12,81.01,BRW,25.6666667,94.1166649
185348,University of Michigan Museum of Zoology,Alophoixus flaveolus,1,f,NA,Nepal,Hetora [Hetauda],21.31,12.84,5.41,6.91,11.7,20.67,86.37,100.5,85.03,BRW,27.416667,85.0333366
185395,University of Michigan Museum of Zoology,Alophoixus flaveolus,NA,m,NA,India,Aizawl,21.46,12.5,5.75,7.24,10.66,19.04,89.53,100.8,82.59,BRW,23.7333345,92.7166634
185139,University of Michigan Museum of Zoology,Alcurus striatus,NA,m,NA,India,Sangau,21.46,12.15,5.42,5.71,10.55,17.99,87.11,104.75,82.48,BRW,22.7413563,93.0572032
185054,University of Michigan Museum of Zoology,Pycnonotus cafer,1,f,NA,India,Karong,21.6,10.97,5,5.25,9.35,23.86,87.9,94.64,77.11,BRW,25.2999992,94.0500031
185146,University of Michigan Museum of Zoology,Alcurus striatus,NA,m,NA,India,Blue Mountain,21.68,12.27,5.08,5.95,12.14,22.62,88.92,106.93,83.71,BRW,23.390356,92.718309
23766,University of Michigan Museum of Zoology,Alophoixus tephrogenys,1,u,NA,Malaysia,no specific locality,21.69,13.39,5.47,7.52,12.8,19.99,83.9,100.42,81.23,BRW,2.326361,102.281699
229707,University of Michigan Museum of Zoology,Alcurus striatus,NA,m,NA,India,Sangau,21.84,11.9,5,5.83,10.71,19.09,84.15,102.5,79.27,BRW,22.7413563,93.0572032
184976,University of Michigan Museum of Zoology,Pycnonotus cafer,1,f,NA,India,Palasbari,21.99,11.73,4.77,5.27,11.89,21.17,82.02,91.05,76.85,BRW,26.1333333,91.5
210938,University of Michigan Museum of Zoology,Bleda syndactylus,1,f,NA,Kenya,Kakamega Forest,22.03,14.12,4.98,6.85,12.28,26.03,89.18,102.14,88.43,BRW,0.2833333,34.75
184962,University of Michigan Museum of Zoology,Pycnonotus cafer,1,m,NA,India,Palasbari,22.17,11.98,4.98,4.98,11.82,24.14,96.15,103.11,87.93,BRW,26.1333333,91.5
118974,University of Michigan Museum of Zoology,Thescelocichla leucopleura,1,m,NA,Cameroon,Sakbayeme,24.48,13.98,5.66,6.64,12.34,24.51,99.17,117.28,98.42,BRW,NA,NA
118976,University of Michigan Museum of Zoology,Thescelocichla leucopleura,1,m,NA,Cameroon,Sakbayeme,24.88,13.1,5.89,6.55,12.11,24.84,101.52,117.86,97.37,BRW,NA,NA
185587,University of Michigan Museum of Zoology,Ixos mcclellandii,1,m,NA,India,Pynursla,25.22,16.57,5.29,5.85,10.37,17.77,91.56,107.75,91.36,BRW,25.3166676,91.8999977
118975,University of Michigan Museum of Zoology,Thescelocichla leucopleura,1,m,NA,Cameroon,Sakbayeme,25.24,15.01,5.66,6.25,13.41,24.96,100.72,117.21,97.67,BRW,NA,NA
98579,University of Michigan Museum of Zoology,Hypsipetes madagascariensis,1,u,NA,Madagascar,Manjakatompo,25.43,16.55,7.26,6.28,12.77,19.46,98.46,117.18,91,BRW,NA,NA
208377,University of Michigan Museum of Zoology,Hypsipetes madagascariensis,1,m,NA,Madagascar,Perinet,26.3,14.8,5.15,6.48,11.65,20.22,89.76,107.53,84.35,BRW,-18.9333333,48.4166667
25570,University of Michigan Museum of Zoology,Hypsipetes guimarasensis,1,m,NA,Philippines,no specific locality,27.29,17.03,5.69,6.86,12.27,20.24,85.24,104.34,86.89,BRW,10,123
210039,University of Michigan Museum of Zoology,Hypsipetes crassirostris,1,m,NA,Seychelles,Praslin,28.62,17.33,7.51,8.26,16.23,24.86,108.43,130.37,104.03,BRW,-4.3166667,55.7333333
210038,University of Michigan Museum of Zoology,Hypsipetes crassirostris,1,m,NA,Seychelles,Make,29.4,17.17,7.31,7.98,16.2,26.32,110.14,142.21,109.71,BRW,-4.5833333,55.6666667
23619,University of Michigan Museum of Zoology,Rubigula squamata,1,m,NA,Malaysia,no specific locality,NA,NA,4.22,4,9.24,15.4,61.12,74.91,63.59,BRW,2.326361,102.281699
185346,University of Michigan Museum of Zoology,Rubigula flaviventris,NA,m,NA,India,Karong,NA,NA,4.33,5.08,9.86,17.8,79,93.49,78.19,BRW,25.2999992,94.0500031
185091,University of Michigan Museum of Zoology,Alcurus striatus,NA,f,NA,India,Kohima,NA,NA,4.69,5.48,10.51,17.94,83.69,101.91,81.78,BRW,25.6666667,94.1166649
185134,University of Michigan Museum of Zoology,Alcurus striatus,NA,m,NA,India,Cherrapunji,NA,NA,5.71,5.8,11.76,16.77,81.51,103.5,80.8,BRW,25.3000002,91.7000008
185143,University of Michigan Museum of Zoology,Alcurus striatus,NA,m,NA,India,Blue Mountain,NA,NA,4.69,5.45,10.99,18.68,90.97,104.96,83.13,BRW,23.390356,92.718309