Country,Site,Date,Species,Age,Sex,Weight,Measurer,Band_ID,Wing_length,Tarsus_length,Bill_length,Bill_height,Bill_width,,,
Malaysia,Bishop,27-May-16,Alophoixus ochraceus,A,F,48,MCKS,2UWA16K,105,21.2,20.45,7.56,7.23,,,
Malaysia,Bishop,27-May-16,Alophoixus ochraceus,A,F,43.5,MCKS,4UWA16K,106,21.68,20.65,6.69,7.05,,,
Malaysia,Bishop,27-May-16,Alophoixus ochraceus,A,Unsure,43,MCKS,5UWA16K,110,21.55,21.2,7.6,6.22,,,
Malaysia,Brinchang,04-Jun-16,Ixos mcclellandi,A,M,32.5,MCKS,9UWA16G,95,17.14,21.1,5.6,7.18,,,
Malaysia,Forestry ,07-Jun-16,Ixos mcclellandi,A,M,33,MCKS,14UWA16G,99,16.2,21.86,5.9,7.29,,,
Malaysia,Tea ,08-Jun-16,Pycnonotus goiavier,A,F,28,MCKS,15UWA16G,84,21.03,16.07,5.2,5.98,,,
Malaysia,Tea ,08-Jun-16,Pycnonotus goiavier,A,F,26.5,MCKS,16UWA16G,78,19.83,16.15,5.07,6.38,,,
Malaysia,Tea ,09-Jun-16,Pycnonotus goiavier,A,M,30,MCKS,20UWA16G,85,20.43,16.62,5.17,6.32,,,
Malaysia,Lojing logged,15-Jun-16,Ixos mcclellandi,A,M,26,MCKS,90UWA16E,92,17.34,23.74,5.67,6.6,,,
Malaysia,Lojing logged,15-Jun-16,Ixos mcclellandi,A,M,32,MCKS,91UWA16E,96,16.62,22.23,5.91,6.08,,,
Malaysia,Lojing logged,15-Jun-16,Pycnonotus finlaysoni,A,F,25,MCKS,29UWA16G,80,18.86,16.62,5.17,6.36,,,
Malaysia,Lojing logged,15-Jun-16,Pycnonotus finlaysoni,A,Unsure,28,MCKS,30UWA16G,80,19.57,16.04,5.51,6.24,,,
Malaysia,Lojing logged,15-Jun-16,Pycnonotus finlaysoni,A,Unsure,26,MCKS,31UWA16G,76,19.32,14.91,5.39,5.79,,,
Malaysia,Lojing logged,15-Jun-16,Ixos mcclellandi,A,Unsure,30,MCKS,NA,91,17.37,23.68,5.16,5.67,,,
Malaysia,Pine,03-Aug-16,Alophoixus ochraceus,A,Unsure,42,MCKS,7UWA16K,100,21.32,22.33,7.46,8.26,,,
Malaysia,Bishop,05-Aug-16,Alophoixus ochraceus,A,Unsure,47,MCKS,8UWA16K,114,19.99,22.17,7.46,8.04,,,
Malaysia,Forestry ,15-Aug-16,Ixos mcclellandi,A,M,32,MCKS,37UWA16G,104,17.12,23.57,5.47,5.96,,,
Malaysia,Lojing logged,24-Aug-16,Ixos mcclellandi,A,M,32,MCKS,155UWA16E,97,17.3,24.95,5.64,5.83,,,
Malaysia,Lojing logged,24-Aug-16,Rubigula flaviventris,A,M,24.5,MCKS,157UWA16E,80,16.42,16.53,5.13,6.96,,,
Malaysia,Lojing logged,24-Aug-16,Rubigula flaviventris,A,F,27,MCKS,158UWA16E,76,15.5,16.64,4.59,6.29,,,
Malaysia,Lojing logged,24-Aug-16,Ixos mcclellandi,A,F,32,MCKS,164UWA16E,93,17.35,22.24,5.12,5.95,,,
Malaysia,Bishop ,05-Nov-16,Ixos mcclellandi,A,M,33,MCKS,175UWA16E,99,17.15,22.63,5.88,6.88,,,
Malaysia,Bishop ,05-Nov-16,Ixos mcclellandi,A,F,29.5,MCKS,176UWA16E,93,16.46,23.56,5.8,7.1,,,
Malaysia,Tea ,16-Nov-16,Pycnonotus goiavier,A,Unsure,29.5,MCKS,53UWA16G,88,22.02,16.3,4.96,6.24,,,
Malaysia,Forestry ,17-Nov-16,Ixos mcclellandi,A,Unsure,32.5,MCKS,205UWA16E,94,17.87,23.34,5.91,7.03,,,
Malaysia,Forestry ,17-Nov-16,Ixos mcclellandi,A ,Unsure,38,MCKS,206UWA16E,100,18.6,26.72,6.14,6.68,,,
Malaysia,Forestry ,17-Nov-16,Ixos mcclellandi,A,Unsure,34,MCKS,207UWA16E,99,17.44,25.96,5.92,7.11,,,
Malaysia,Forestry ,17-Nov-16,Ixos mcclellandi,J,Unsure,29.5,MCKS,208UWA16E,92,17.62,22.65,5.21,6.35,,,
Malaysia,Lojing logged,23-Nov-16,Pycnonotus finlaysoni,A,Unsure,28.5,AAB,61UWA16G,80,17.47,15.67,5.8,6.09,,,
Malaysia,Lojing logged,23-Nov-16,Ixos mcclellandi,A,Unsure,32,AAB,224UWA16G,91,15.24,18.32,5.32,5.95,,,
Malaysia,Tea ,04-Jan-17,Pycnonotus goiavier,A,Unsure,32,DK,67UWA16G,90,22.63,16.09,5.54,5.19,,,
Malaysia,Tea ,04-Jan-17,Pycnonotus goiavier,A,F,30,DK,68UWA16G,84,23.88,16.1,5.31,6.13,,,
Malaysia,Tea ,04-Jan-17,Pycnonotus goiavier,A,F,32,DK,69UWA16G,91,22.31,17.72,5.34,4.96,,,
Malaysia,Tea ,04-Jan-17,Pycnonotus goiavier,A,F,33,DK,70UWA16G,87,21.75,16.11,5.66,5.25,,,
Malaysia,Tea ,04-Jan-17,Pycnonotus goiavier,J,F,26,MCKS,71UWA16G,81,19.62,18.05,4.49,5.69,,,
Malaysia,Tea ,04-Jan-17,Pycnonotus goiavier,J,Unsure,34,MCKS,72UWA16G,89,21.09,18.17,5.25,6.3,,,
Malaysia,Yong Belar,09-Jan-17,Ixos mcclellandi,A,Unsure,29,MCKS,245UWA16E,105,17.46,23.86,5.35,6.54,,,
Malaysia,Bishop ,25-Jan-17,Alophoixus ochraceus,A,F,43,MCKS,18UWA16K,100,21.08,23.03,7.24,6.77,,,
Malaysia,Bishop ,25-Jan-17,Alophoixus ochraceus,A,Unsure,43,MCKS,20UWA16K,107,20.47,22.23,7.31,7.6,,,
Malaysia,Henmant,27-Jan-17,Ixos mcclellandi,A,Unsure,31,MCKS,277UWA16E,95,17.36,23.24,5.48,6.12,,,
Malaysia,Henmant,27-Jan-17,Ixos mcclellandi,A,Unsure,31,MCKS,282UWA16E,96,17.42,24.84,5.11,5.54,,,
Malaysia,Henmant,27-Jan-17,Ixos mcclellandi,A,Unsure,37,MCKS,283UWA16E,100,17.14,25,5.89,6.46,,,
Malaysia,Tea ,30-Mar-17,Pycnonotus goiavier,A,F,32,DK,91UWA16G,93,24.43,16.65,5.5,6.21,,,
Malaysia,Tea ,30-Mar-17,Pycnonotus goiavier,A,Unsure,31.5,MCKS,92UWA16G,87,20.43,17.65,4.98,5.54,,,
Malaysia,Lojing logged,08-Apr-17,Pycnonotus finlaysoni,A,Unsure,28,MCKS,101UWA16G,79,19.99,17.75,5.34,5.84,,,
Malaysia,Lojing logged,08-Apr-17,Pycnonotus finlaysoni,A,Unsure,25.5,MCKS,102UWA16G,75,19.29,17.21,5.29,6.1,,,
Malaysia,Tea ,25-May-17,Pycnonotus goiavier,A,M,31,MCKS,113UWA16G,80,21.12,17.48,5.09,6.15,,,
Malaysia,Lojing logged,03-Jun-17,Rubigula flaviventris,A,M,26.5,MCKS,119UWA16G,82,16.75,16.83,4.95,5.96,,,
Malaysia,Lojing logged,03-Jun-17,Rubigula flaviventris,A,F,29,MCKS,120UWA17G,80,15.91,16.23,4.68,5.14,,,
Malaysia,Lojing logged,03-Jun-17,Pycnonotus goiavier,A,Unsure,29.5,MCKS,122UWA16G,82,21.13,18.29,5.09,6.01,,,
Malaysia,Lojing logged,03-Jun-17,Pycnonotus goiavier,A,Unsure,30.5,MCKS,123UWA16G,85,20.96,19.95,5.24,5.55,,,
Malaysia,Lojing logged,03-Jun-17,Pycnonotus finlaysoni,A,F,29,MCKS,125UWA16G,77,19.01,17.38,5.56,6.39,,,
Malaysia,Lojing logged,03-Jun-17,Ixos mcclellandi,A,F,39,MCKS,350UWA16E,95,17.52,23.64,5.48,7.4,,,
Malaysia,Lojing logged,04-Jun-17,Rubigula flaviventris,A,Unsure,24.5,MCKS,Missing (127G),83,16.31,15.92,4.64,6.5,,,
Malaysia,Lojing logged,04-Jun-17,Rubigula flaviventris,A,Unsure,22.5,MCKS,126UWA16G,78,16.28,15.47,4.55,5.58,,,
Malaysia,Lojing logged,04-Jun-17,Rubigula flaviventris,A,Unsure,24,MCKS,128UWA16G,80,15.37,16.43,4.38,5.37,,,
Malaysia,Fragment,12-Sep-17,Ixos mcclellandi,A,M,34,MCKS,389UWA16E,97,16.3,22.53,5.58,6.34,,,
Malaysia,Fragment,12-Sep-17,Ixos mcclellandi,A,M,36.5,MCKS,391UWA16E,101,17.4,23.49,6.09,6.69,,,
Malaysia,Fragment,13-Sep-17,Ixos mcclellandi,A,M,30,MCKS,404UA16E,96,17.55,22.38,5.9,7.39,,,
Malaysia,Fragment,09-Nov-17,Ixos mcclellandi,A,Unsure,28.5,MCKS,416UWA16E,96,16.96,19.97,5.54,6.15,,,
Malaysia,Fragment,09-Nov-17,Ixos mcclellandi,A,Unsure,35.5,MCKS,417UWA16E,94,16.72,24.13,5.56,6.56,,,