speciesID,Family,English.Name,Scientific_Name,Collection,Number/Code,Date.collected,Locality,Country,Sex,Bill_TotalCulmen1,Bill_TotalCulmen2,Bill_TotalCulmen3,Bill_Width,Bill_Depth,Tarsus_Length_Left1,Tarsus_Length_Left2,Tarsus_Length_Left3,Tarsus_Length_Right1,Tarsus_Length_Right2,Tarsus_Length_Right3,Wing_Chord_Left,Wing_Chord_Right,Longest_primary,Longest_secondary,Sec_1,Kipp's_Distance,Tail_Length,Subspecies,Weight(g),Comments,Age,Measurer,Team
NA,Pycnonotidae,Red-whiskered Bulbul,Pycnonotus jocosus,Indian Institute of Science Education and Research Tirupati,a_4476,NA,"Kodaikanal, Tamil Nadu",India,U,15.8,16.1,15.7,5.2,5.2,21.5,22,21.9,22.3,22,22.1,71,72,70,62,NA,NA,NA,fuscicaudatus,31.21,NA,a,Faizee,Ashwin/Chiti
NA,Pycnonotidae,Red-whiskered Bulbul,Pycnonotus jocosus,Indian Institute of Science Education and Research Tirupati,a_7397,NA,"Kodaikanal, Tamil Nadu",India,U,20.6,20.9,20.8,6.1,5.6,20.5,20.8,20.3,20.7,20.7,20.7,80,85,73,61,NA,NA,84,fuscicaudatus,32.12,NA,a,Mubeen,Ashwin/Chiti
NA,Pycnonotidae,Red-whiskered Bulbul,Pycnonotus jocosus,Indian Institute of Science Education and Research Tirupati,a_271225,NA,"Kookal, Tamil Nadu",India,U,16.2,16.3,16.3,4.6,5,19.5,19.5,19.4,19.7,19.8,19.8,84,85,73,70,NA,NA,89,fuscicaudatus,30,NA,a,Chiti_Arvind,Ashwin/Chiti
NA,Pycnonotidae,Red-whiskered Bulbul,Pycnonotus jocosus,Indian Institute of Science Education and Research Tirupati,ab_159096,NA,"Kookal, Tamil Nadu",India,U,19.2,19.3,19.4,5.1,5.3,22.8,22.7,22.7,22.9,22.8,23,90,90,70,66,NA,NA,91,fuscicaudatus,39.5,NA,a,Archita_Sharma,Ashwin/Chiti
NA,Pycnonotidae,Red-whiskered Bulbul,Pycnonotus jocosus,Indian Institute of Science Education and Research Tirupati,a_271261,NA,"Kookal, Tamil Nadu",India,U,18.9,18.9,18.6,5.7,4.8,22.5,22.3,22.4,22.5,22.9,22.8,76,74,71,66,NA,NA,95,fuscicaudatus,35,NA,a,Chiti_Arvind,Ashwin/Chiti
NA,Pycnonotidae,Yellow-browed Bulbul,Acritillas indica,Indian Institute of Science Education and Research Tirupati,a_271263,NA,"Kookal, Tamil Nadu",India,U,18.6,18.6,18.6,5.5,5.1,16.7,16.7,16.6,16.7,16.7,16.7,87,87,65,60,NA,NA,81,indica,34,NA,a,Viral_Joshi,Ashwin/Chiti
NA,Pycnonotidae,Square-tailed Bulbul,Hypsipetes ganeesa,Indian Institute of Science Education and Research Tirupati,a_271264,NA,"Kookal, Tamil Nadu",India,U,25,25,24.9,6.4,6.1,18.4,18.3,18.4,18.4,18.4,18.4,113,113,95,78,NA,NA,100,ganeesa,47.5,NA,a,Chiti_Arvind,Ashwin/Chiti
NA,Pycnonotidae,Red-whiskered Bulbul,Pycnonotus jocosus,Indian Institute of Science Education and Research Tirupati,a_271267,NA,"Kookal, Tamil Nadu",India,U,18.8,18.6,18.1,4.9,5,21.9,21.5,21.3,21.4,21.8,21.9,93,93,79,72,NA,NA,100,fuscicaudatus,37,NA,a,Viral_Joshi,Ashwin/Chiti
NA,Pycnonotidae,Red-whiskered Bulbul,Pycnonotus jocosus,Indian Institute of Science Education and Research Tirupati,a_271268,NA,"Kookal, Tamil Nadu",India,U,15.3,15.6,15.4,5.1,5.6,20.5,20.9,20.4,20.9,20.8,20.3,89,88,78,70,NA,NA,92,fuscicaudatus,35,NA,a,Viral_Joshi,Ashwin/Chiti
NA,Pycnonotidae,Red-whiskered Bulbul,Pycnonotus jocosus,Indian Institute of Science Education and Research Tirupati,a_271269,NA,"Kookal, Tamil Nadu",India,U,17.8,17.7,17.9,5.3,5.5,22.5,22.7,22.5,22.5,22.4,22.5,89,90,69,68,NA,NA,90,fuscicaudatus,39,NA,a,Archita_Sharma,Ashwin/Chiti
NA,Pycnonotidae,Red-whiskered Bulbul,Pycnonotus jocosus,Indian Institute of Science Education and Research Tirupati,a_271270,NA,"Kookal, Tamil Nadu",India,U,17.7,17.7,17.5,5.8,5,22,21.8,21.9,21.8,21.8,22,87,87,65,65,NA,NA,87,fuscicaudatus,36.5,NA,a,Archita_Sharma,Ashwin/Chiti
NA,Pycnonotidae,Red-whiskered Bulbul,Pycnonotus jocosus,Indian Institute of Science Education and Research Tirupati,ab_159421,NA,"Kookal, Tamil Nadu",India,U,19,19.1,18.9,6.1,4.8,21.8,21.5,21.9,22.4,22.2,22.3,91,90,80,69,NA,NA,92,fuscicaudatus,36.5,NA,a,Ashwin_Warudkar,Ashwin/Chiti
NA,Pycnonotidae,Red-whiskered Bulbul,Pycnonotus jocosus,Indian Institute of Science Education and Research Tirupati,a_271278,NA,"Kookal, Tamil Nadu",India,U,18.1,18.2,18.5,5.6,5.1,22.4,22.5,22.8,21.2,21.2,21.1,88,89,78,66,NA,NA,95,fuscicaudatus,38,NA,a,Ashwin_Warudkar,Ashwin/Chiti
NA,Pycnonotidae,Red-whiskered Bulbul,Pycnonotus jocosus,Indian Institute of Science Education and Research Tirupati,a_271279,NA,"Kookal, Tamil Nadu",India,U,20,20.1,20.3,5.4,5.2,21.7,21.6,21.4,21.5,21.5,21.5,83,83,73,66,NA,NA,85,fuscicaudatus,31,NA,j,Ashwin_Warudkar,Ashwin/Chiti
NA,Pycnonotidae,Red-whiskered Bulbul,Pycnonotus jocosus,Indian Institute of Science Education and Research Tirupati,a_271280,NA,"Kookal, Tamil Nadu",India,U,19.5,19.6,19.4,5.4,4.7,20.6,20.5,20.4,20.9,20.8,20.7,85,85,72,67,NA,NA,84,fuscicaudatus,32,NA,a,Ashwin_Warudkar,Ashwin/Chiti
NA,Pycnonotidae,Red-whiskered Bulbul,Pycnonotus jocosus,Indian Institute of Science Education and Research Tirupati,a_271281,NA,"Kookal, Tamil Nadu",India,U,17.8,17.6,17.6,5.9,4.7,21.7,21.6,21.4,21.6,21.6,21.5,85,85,68,65,NA,NA,85,fuscicaudatus,31,NA,a,Archita_Sharma,Ashwin/Chiti
NA,Pycnonotidae,Red-whiskered Bulbul,Pycnonotus jocosus,Indian Institute of Science Education and Research Tirupati,a_271289,NA,"Kookal, Tamil Nadu",India,U,18,18,18.1,5.4,4.8,22,22.1,22,22,22.1,22.2,85,85,69,65,NA,NA,89,fuscicaudatus,35,NA,a,Archita_Sharma,Ashwin/Chiti
NA,Pycnonotidae,Red-whiskered Bulbul,Pycnonotus jocosus,Indian Institute of Science Education and Research Tirupati,a_271290,NA,"Kookal, Tamil Nadu",India,U,20.7,20.2,20.3,5,4.6,20.5,20.5,20.5,20.4,20.4,20.6,87,87,80,78,NA,NA,87,fuscicaudatus,38,NA,a,Ashwin_Warudkar,Ashwin/Chiti
NA,Pycnonotidae,Square-tailed Bulbul,Hypsipetes ganeesa,Indian Institute of Science Education and Research Tirupati,a_271292,NA,"Kookal, Tamil Nadu",India,U,23.7,23.6,23.6,7,5.6,17,17,17,17.2,17,17,107,108,80,73,NA,NA,93,ganeesa,46,NA,a,Ashwin_Warudkar,Ashwin/Chiti
NA,Pycnonotidae,Square-tailed Bulbul,Hypsipetes ganeesa,Indian Institute of Science Education and Research Tirupati,a_271293,NA,"Kookal, Tamil Nadu",India,U,29.2,29.2,29.3,6.9,6.2,18.6,18.6,18.6,18.7,18.7,18.8,120,120,105,85,NA,NA,106,ganeesa,52,NA,a,Ashwin_Warudkar,Ashwin/Chiti
NA,Pycnonotidae,Red-whiskered Bulbul,Pycnonotus jocosus,Indian Institute of Science Education and Research Tirupati,a_271298,NA,"Kookal, Tamil Nadu",India,U,19.4,19.4,19.3,6,5,22,22.1,21.9,21.9,21.7,21.8,87,87,76,67,NA,NA,86,fuscicaudatus,33,NA,a,Ashwin_Warudkar,Ashwin/Chiti
NA,Pycnonotidae,Grey-headed Bulbul,Microtarsus priocephalus,Indian Institute of Science Education and Research Tirupati,a_271300,NA,"Kookal, Tamil Nadu",India,U,15.4,15.2,15.3,4.6,3.9,14.6,14.6,14.4,14.5,14.4,14.3,77,77,66,63,NA,NA,76,NA,24,NA,a,Ashwin_Warudkar,Ashwin/Chiti
NA,Pycnonotidae,Red-whiskered Bulbul,Pycnonotus jocosus,Indian Institute of Science Education and Research Tirupati,a_269478,NA,"Bandar, Tamil Nadu",India,U,19,18.9,19,5.4,5.3,21.3,21.5,21.4,21.6,21.8,21.4,88,87,77,68,NA,NA,86,fuscicaudatus,31,NA,a,Ashwin_Warudkar,Ashwin/Chiti
NA,Pycnonotidae,Red-whiskered Bulbul,Pycnonotus jocosus,Indian Institute of Science Education and Research Tirupati,a_269486,NA,"Bandar, Tamil Nadu",India,U,20.3,20.1,20.6,5.6,5.1,23.3,23.4,23.5,23.1,23.1,23,85,84,74,66,NA,NA,85,fuscicaudatus,35,NA,a,Ashwin_Warudkar,Ashwin/Chiti
NA,Pycnonotidae,Square-tailed Bulbul,Hypsipetes ganeesa,Indian Institute of Science Education and Research Tirupati,ab_1965,NA,"Bandar, Tamil Nadu",India,U,26.6,26.7,26.7,7.4,6,17.8,17.9,17.8,17.8,17.9,17.8,120,120,104,80,NA,NA,105,ganeesa,48.01,NA,a,Ashwin_Warudkar,Ashwin
NA,Pycnonotidae,Square-tailed Bulbul,Hypsipetes ganeesa,Indian Institute of Science Education and Research Tirupati,a_264498,NA,"Bandar, Tamil Nadu",India,U,28.2,28.5,28.5,5.8,6.5,17.8,18,18,17.7,17.9,17.9,121,120,100,84,NA,NA,106,ganeesa,47.81,NA,a,Arpitha,Ashwin
NA,Pycnonotidae,Square-tailed Bulbul,Hypsipetes ganeesa,Indian Institute of Science Education and Research Tirupati,a_4412,NA,"Bandar, Tamil Nadu",India,U,25.6,25.9,25.7,6,5.7,18.9,18.8,18.7,18.9,18.7,18.9,112,110,94,81,NA,NA,100,ganeesa,48.64,NA,a,Ashwin_Warudkar,Ashwin
NA,Pycnonotidae,Red-whiskered Bulbul,Pycnonotus jocosus,Indian Institute of Science Education and Research Tirupati,a_264417,NA,"Munnar, Kerala",India,U,19.3,19.4,19.4,5.1,4.9,22.3,22.3,22.3,22.3,22.4,22.3,84,84,75,66,NA,NA,84,fuscicaudatus,37,NA,a,Ashwin_Warudkar,Ashwin
NA,Pycnonotidae,Red-whiskered Bulbul,Pycnonotus jocosus,Indian Institute of Science Education and Research Tirupati,ab_1912,NA,"Munnar, Kerala",India,U,20,19.8,19.9,5.8,5.9,23.7,24,23.8,24.2,24.2,24.3,89,89,81,61,NA,NA,89,fuscicaudatus,37.5,NA,a,Ashwin_Warudkar,Ashwin
NA,Pycnonotidae,Red-whiskered Bulbul,Pycnonotus jocosus,Indian Institute of Science Education and Research Tirupati,ab_2509,NA,"Highwavys, Kerala",India,U,17.5,17.3,17.5,4.9,5.1,21.3,21.1,21.3,21,21,20.9,81,81,67,65,NA,NA,77,fuscicaudatus,34.17,NA,a,Arpitha,Chiti
NA,Pycnonotidae,Yellow-browed Bulbul,Acritillas indica,Indian Institute of Science Education and Research Tirupati,a_7374,NA,"Mathikettan, Kerala",India,U,20.3,20.4,20.4,4.5,4.6,17.9,17.9,17.9,17.5,17.5,17.6,89,89,70,67,NA,NA,81,indica,30.41,NA,a,Chiti_Arvind,Chiti
NA,Pycnonotidae,Yellow-browed Bulbul,Acritillas indica,Indian Institute of Science Education and Research Tirupati,a_7375,NA,"Mathikettan, Kerala",India,U,20.8,20.9,20.9,5.2,5.1,18.5,18.5,18.7,19.4,19.3,19.1,86,87,66,64,NA,NA,77,indica,31.93,NA,a,Chiti_Arvind,Chiti
NA,Pycnonotidae,Yellow-browed Bulbul,Acritillas indica,Indian Institute of Science Education and Research Tirupati,a_7377,NA,"Mathikettan, Kerala",India,U,19.6,19.8,19.8,5.9,5.1,18.6,18.4,18.3,18.7,18.7,18.5,89,89,71,67,NA,NA,80.5,indica,34.26,NA,a,Arpitha,Chiti
NA,Pycnonotidae,Yellow-browed Bulbul,Acritillas indica,Indian Institute of Science Education and Research Tirupati,a_7387,NA,"Mathikettan, Kerala",India,U,18.3,18.2,18.3,4.9,4.5,18.3,18.2,18.2,18.6,18.8,18.6,91,89,74,69,NA,NA,83,indica,31.86,NA,a,Arpitha,Chiti
NA,Pycnonotidae,Square-tailed Bulbul,Hypsipetes ganeesa,Indian Institute of Science Education and Research Tirupati,a_4620,NA,"Anaimudi, Kerala",India,U,28.2,28.2,28.1,7.3,5.7,18.1,18.1,18.2,18.8,18.6,18.6,117,117,95,65,NA,NA,102,ganeesa,51.77,NA,a,Subash,Chiti
NA,Pycnonotidae,Red-whiskered Bulbul,Pycnonotus jocosus,Indian Institute of Science Education and Research Tirupati,a_4614,NA,"Anaimudi, Kerala",India,U,19.6,19.5,19.6,6.5,5,21.7,21.7,21.7,22.4,22.3,22.4,89,89,79,72,NA,NA,92,fuscicaudatus,36.51,Primaries are in molt,a,Aparna,Chiti
NA,Pycnonotidae,Red-whiskered Bulbul,Pycnonotus jocosus,Indian Institute of Science Education and Research Tirupati,a_264442,NA,"Devikulam, Kerala",India,U,20.4,20.2,20.3,4.9,5,22.7,22.4,22.4,22.7,22.7,22.6,85,85,74,68,NA,NA,83,fuscicaudatus,37.96,NA,a,Ashwin_Warudkar,Ashwin
NA,Pycnonotidae,Yellow-browed Bulbul,Acritillas indica,Indian Institute of Science Education and Research Tirupati,_264443,NA,"Devikulam, Kerala",India,U,20.3,20.3,20.5,5.8,5.8,20.7,20.7,20.5,20.2,20.1,20.4,89,88,73,62,NA,NA,91,indica,34.61,NA,NA,Ashwin_Warudkar,Ashwin
NA,Pycnonotidae,Square-tailed Bulbul,Hypsipetes ganeesa,Indian Institute of Science Education and Research Tirupati,ab_2600,NA,"Devikulam, Kerala",India,U,29,29.1,29,7.7,6.9,18.5,18.5,18.4,18.8,18.8,18.8,115,115,94,78,NA,NA,103,ganeesa,50.77,NA,a,Shivam,Ashwin
NA,Pycnonotidae,Red-whiskered Bulbul,Pycnonotus jocosus,Indian Institute of Science Education and Research Tirupati,a_264448,NA,"Devikulam, Kerala",India,U,19.7,20.4,20,5.7,5.3,22.1,22.4,21.9,22.3,22.5,22.4,79,81,62,58,NA,NA,80,fuscicaudatus,29.7,NA,a,Akshay,Ashwin
NA,Pycnonotidae,Yellow-browed Bulbul,Acritillas indica,Indian Institute of Science Education and Research Tirupati,a_264453,NA,"Devikulam, Kerala",India,U,20.2,20.4,20.3,5.8,5.2,18.2,18.2,18,18.6,18.6,18.8,88,89,75,68,NA,NA,85,indica,26,NA,a,Arpitha,Ashwin
NA,Pycnonotidae,Yellow-browed Bulbul,Acritillas indica,Indian Institute of Science Education and Research Tirupati,a_264458,NA,"Devikulam, Kerala",India,U,21.1,21,20.9,6.3,5.1,19.5,19.6,19.7,19.8,19.7,19.7,91,92,77,66,NA,NA,85,indica,33.41,NA,a,Akshay,Ashwin
NA,Pycnonotidae,Yellow-browed Bulbul,Acritillas indica,Indian Institute of Science Education and Research Tirupati,a_264459,NA,"Devikulam, Kerala",India,U,19.8,19.8,19.8,5.8,5.2,17.9,17.6,17.4,17.9,17.2,17.8,86,87,61,48,NA,NA,78,indica,32.22,NA,a,Gayatri,Ashwin
NA,Pycnonotidae,Square-tailed Bulbul,Hypsipetes ganeesa,Indian Institute of Science Education and Research Tirupati,a_264470,NA,"Devikulam, Kerala",India,U,24.8,24.7,24.8,6.4,5.9,17,17.1,17,17,17.1,16.9,110,109,89,74,NA,NA,97,ganeesa,44.39,NA,a,Arpitha,Ashwin
NA,Pycnonotidae,Red-whiskered Bulbul,Pycnonotus jocosus,Indian Institute of Science Education and Research Tirupati,a_264474,NA,"Devikulam, Kerala",India,U,19.1,19.2,19.2,5.4,5.2,24.2,24.3,24.5,24.2,24.3,24.3,87,87,71,65,NA,NA,86,fuscicaudatus,33.63,NA,a,Akshay,Ashwin
NA,Pycnonotidae,Red-whiskered Bulbul,Pycnonotus jocosus,Indian Institute of Science Education and Research Tirupati,a_264493,NA,"Devikulam, Kerala",India,U,17.9,18.1,18,5.5,5.1,21.8,21.9,21.8,22,21.9,22,84,84,69,64,NA,NA,85,fuscicaudatus,32.57,NA,a,Arpitha,Ashwin
NA,Pycnonotidae,Yellow-browed Bulbul,Acritillas indica,Indian Institute of Science Education and Research Tirupati,a_18,NA,"Chandoli NP, Maharasthra",India,U,20.6,20.6,20.6,6.1,5.7,19.5,19.5,19.4,20.2,20.1,19.8,89,87,82,67,NA,NA,80,icterica,34,NA,a,Naman_Goyal,Naman
NA,Pycnonotidae,Red-whiskered Bulbul,Pycnonotus jocosus,Indian Institute of Science Education and Research Tirupati,ab_99,NA,"Dajipur, Maharasthra",India,U,15.6,15.4,15.5,5.5,5.2,18.4,18.7,18.6,18.7,18.5,18.4,81,80,66,61,NA,NA,78,fuscicaudatus,24,NA,a,Vishnu,Naman
NA,Pycnonotidae,Yellow-throated Bulbul,Pycnonotus xantholaemus,Indian Institute of Science Education and Research Tirupati,ab_98,NA,"Dajipur, Maharasthra",India,U,17.7,17.8,17.7,6,NA,17.5,17.6,17.5,17.9,17.9,17.9,90,90,79,64,NA,NA,80,icterica,30,NA,a,Vishnu,Naman
NA,Pycnonotidae,Red-whiskered Bulbul,Pycnonotus jocosus,Indian Institute of Science Education and Research Tirupati,ab_97,NA,"Dajipur, Maharasthra",India,U,17.5,17.6,17.6,6.5,5.3,20.2,20.1,20.2,20,20.1,19.9,85,84,NA,NA,NA,NA,82,fuscicaudatus,NA,NA,a,Vishnu,Naman
NA,Pycnonotidae,Red-whiskered Bulbul,Pycnonotus jocosus,Indian Institute of Science Education and Research Tirupati,ab_22,NA,"Dajipur, Maharasthra",India,U,16.9,16.9,17.1,5.3,5.5,19.5,19.6,19.5,20.2,20.1,20.1,85,83,73,62,NA,NA,83,fuscicaudatus,29,NA,a,Vishnu,Naman
NA,Pycnonotidae,Yellow-browed Bulbul,Acritillas indica,Indian Institute of Science Education and Research Tirupati,ab_23,NA,"Dajipur, Maharasthra",India,U,19.6,19.7,19.8,6,6,18.3,18.2,18.2,18.1,18.1,18.3,94,92,80,74,NA,NA,84,icterica,32,NA,a,Vishnu,Naman
NA,Pycnonotidae,Yellow-browed Bulbul,Acritillas indica,Indian Institute of Science Education and Research Tirupati,ab_27,NA,"Dajipur, Maharasthra",India,U,17.7,17.7,17.8,5.8,5.1,18.9,18.2,18.8,19.5,19.3,19.3,85,86,71,62,NA,NA,72,icterica,26,NA,a,Vishnu,Naman
NA,Pycnonotidae,Red-whiskered Bulbul,Pycnonotus jocosus,Indian Institute of Science Education and Research Tirupati,ab_28,NA,"Dajipur, Maharasthra",India,U,18.4,18.5,18.5,5.1,4.8,17.9,17.8,17.8,17.8,17.7,17.6,86,85,82,75,NA,NA,84,fuscicaudatus,30,NA,a,Vishnu,Naman
NA,Pycnonotidae,Red-whiskered Bulbul,Pycnonotus jocosus,Indian Institute of Science Education and Research Tirupati,ab_29,NA,"Dajipur, Maharasthra",India,U,16.5,16.6,16.5,5.1,4.6,19.6,19.5,19.5,20.1,19.8,19.8,81,80,69,58,NA,NA,83,fuscicaudatus,26.5,NA,a,Vishnu,Naman
NA,Pycnonotidae,Yellow-browed Bulbul,Acritillas indica,Indian Institute of Science Education and Research Tirupati,ab_31,NA,"Dajipur, Maharasthra",India,U,18.3,18.2,18.1,6.3,5.3,19,19.4,19.5,19.3,19.9,20,92,91,86,65,NA,NA,83,icterica,32,NA,a,Vishnu,Naman
NA,Pycnonotidae,Red-whiskered Bulbul,Pycnonotus jocosus,Indian Institute of Science Education and Research Tirupati,ab_35,NA,"Dajipur, Maharasthra",India,U,15.9,16,16,5.4,5.3,20.5,20.5,20.3,21.1,21.2,21.2,81,81,73,58,NA,NA,78,fuscicaudatus,27,NA,a,Vishnu,Naman
NA,Pycnonotidae,Red-whiskered Bulbul,Pycnonotus jocosus,Indian Institute of Science Education and Research Tirupati,ab_38,NA,"Dajipur, Maharasthra",India,U,16.5,16.6,16.5,5.8,5.3,21.8,21.8,21.7,21.7,21.6,21.8,82,81,71,63,NA,NA,83,fuscicaudatus,31,NA,a,Vishnu,Naman
NA,Pycnonotidae,Yellow-browed Bulbul,Acritillas indica,Indian Institute of Science Education and Research Tirupati,ab_40,NA,"Dajipur, Maharasthra",India,U,18.3,18,17.9,6,5,17.5,17.6,17.6,17.7,17.8,17.8,88,87,72,59,NA,NA,79,icterica,25,NA,a,Vishnu,Naman
NA,Pycnonotidae,Red-whiskered Bulbul,Pycnonotus jocosus,Indian Institute of Science Education and Research Tirupati,ab_44,NA,"Dajipur, Maharasthra",India,U,16.1,16.2,16.2,5.5,4.8,21.2,21.3,21.2,21.2,21.3,21,87,86,76,70,NA,NA,87,fuscicaudatus,29,NA,a,Vishnu,Naman
NA,Pycnonotidae,Red-whiskered Bulbul,Pycnonotus jocosus,Indian Institute of Science Education and Research Tirupati,ab_46,NA,"Dajipur, Maharasthra",India,U,16.7,16.3,16.1,5.6,5.2,21.5,21.4,21.4,21.3,21.2,21.1,84,84,71,67,NA,NA,81,fuscicaudatus,29,NA,a,Vishnu,Naman
NA,Pycnonotidae,Yellow-browed Bulbul,Acritillas indica,Indian Institute of Science Education and Research Tirupati,ab_48,NA,"Dajipur, Maharasthra",India,U,18.2,18,17.9,5.9,5.5,19,19.4,19.4,19.3,19.5,19.6,88,87,74,64,NA,NA,80,icterica,28,NA,a,Vishnu,Naman
NA,Pycnonotidae,Red-whiskered Bulbul,Pycnonotus jocosus,Indian Institute of Science Education and Research Tirupati,ab_50,NA,"Dajipur, Maharasthra",India,U,16,16.3,16,5.4,4.9,20,20,19.9,20.2,20.2,20,76,76,62,53,NA,NA,78,fuscicaudatus,24,NA,a,Vishnu,Naman
NA,Pycnonotidae,Red-whiskered Bulbul,Pycnonotus jocosus,Indian Institute of Science Education and Research Tirupati,ab_51,NA,"Dajipur, Maharasthra",India,U,16.3,16.1,16.5,5.2,5,21.4,21.5,21.4,21.5,21.7,21.8,82,81,70,63,NA,NA,79,fuscicaudatus,25.5,NA,a,Vishnu,Naman
NA,Pycnonotidae,Red-whiskered Bulbul,Pycnonotus jocosus,Indian Institute of Science Education and Research Tirupati,ab_52,NA,"Dajipur, Maharasthra",India,U,15.6,15.4,15.5,5.4,5.2,21.5,21.6,21.9,21.9,21.7,22,80,81,70,60,NA,NA,79,fuscicaudatus,26,NA,a,Vishnu,Naman
NA,Pycnonotidae,Red-whiskered Bulbul,Pycnonotus jocosus,Indian Institute of Science Education and Research Tirupati,ab_58,NA,"Dajipur, Maharasthra",India,U,15.1,15.3,15.3,4.7,4.9,19,19.4,19.3,20,19.7,20.1,84,84,70,63,NA,NA,84,fuscicaudatus,29,NA,a,Vishnu,Naman
NA,Pycnonotidae,Red-whiskered Bulbul,Pycnonotus jocosus,Indian Institute of Science Education and Research Tirupati,ab_60,NA,"Dajipur, Maharasthra",India,U,16.6,16.6,17,6.5,5.4,23,22.5,22.6,22.8,22.9,23,NA,NA,NA,NA,NA,NA,NA,fuscicaudatus,NA,NA,NA,Vishnu,Naman
NA,Pycnonotidae,Red-whiskered Bulbul,Pycnonotus jocosus,Indian Institute of Science Education and Research Tirupati,ab_69,NA,"Dajipur, Maharasthra",India,U,18,18.1,18,5.1,5.1,22.1,22.1,22.6,21.4,21.4,21.6,86,83,NA,NA,NA,NA,NA,fuscicaudatus,NA,NA,a,Vishnu,Naman
NA,Pycnonotidae,Red-whiskered Bulbul,Pycnonotus jocosus,Indian Institute of Science Education and Research Tirupati,ab_70,NA,"Dajipur, Maharasthra",India,U,17.1,17.2,17.3,4.8,5.1,20.7,21,20.9,21.7,21.6,21.7,84,88,67,53,NA,NA,80,fuscicaudatus,NA,NA,a,Vishnu,Naman
NA,Pycnonotidae,Yellow-browed Bulbul,Acritillas indica,Indian Institute of Science Education and Research Tirupati,ab_71,NA,"Dajipur, Maharasthra",India,U,18.8,19.4,19.2,6,6,19,19,19,19.6,19.5,19.7,91,89,76,63,NA,NA,80,icterica,32,NA,a,Vishnu,Naman
NA,Pycnonotidae,Yellow-browed Bulbul,Acritillas indica,Indian Institute of Science Education and Research Tirupati,z_72,NA,"Dajipur, Maharasthra",India,U,18.5,18.4,18.3,5.759,NA,20.5,20.5,20.5,20,20.1,20.1,91,92,84,65,NA,NA,83,icterica,32,NA,a,Vishnu,Naman
NA,Pycnonotidae,Red-whiskered bulbul,Pycnonotus jocosus,Indian Institute of Science Education and Research Tirupati,ab_80,NA,"Simlipal, Odisha",India,U,15.3,15.5,15.5,5.1,4.6,20.4,20.5,20.4,20.3,20.3,20.4,84,82,69,64,NA,NA,77,emeria,NA,NA,a,Vishnu,Naman
NA,Pycnonotidae,Red-whiskered Bulbul,Pycnonotus jocosus,Indian Institute of Science Education and Research Tirupati,a_42,NA,"Simlipal, Odisha",India,U,16.1,16.1,16.2,5.3,4.8,18.3,18.1,18.2,18.2,18.4,18.3,82,83,70,64,NA,NA,80,emeria,27,NA,a,Vishnu,Naman
NA,Pycnonotidae,Black-crested Bulbul,Rubigula flaviventris,Indian Institute of Science Education and Research Tirupati,z_69,NA,"Bhanjabasa, Odisha",India,U,14.2,14,13.9,4.9,4.7,16.2,16.3,16.3,16.2,16.4,16.3,87,85,71,68,NA,NA,85,flaviventris,27,NA,a,Vishnu,Naman
NA,Pycnonotidae,Black-crested Bulbul,Rubigula flaviventris,Indian Institute of Science Education and Research Tirupati,z_82,NA,"Simlipal, Odisha",India,U,13.3,13,13,4.9,4.5,16,15.8,16.1,15.6,15.4,15.5,87,86,75,65,NA,NA,84,flaviventris,25,NA,a,Vishnu,Naman
NA,Pycnonotidae,Red-vented bulbul,Pycnonotus cafer,Indian Institute of Science Education and Research Tirupati,ab_103,NA,"Simlipal, Odisha",India,U,17.1,17.4,17,5.3,5.4,20.3,20.5,20.5,20.4,20.6,20.5,88,87,74,68,NA,NA,83,wetmorei,28,NA,a,Vishnu,Naman
NA,Pycnonotidae,Red-whiskered bulbul,Pycnonotus jocosus,Indian Institute of Science Education and Research Tirupati,a_51,NA,"Simlipal, Odisha",India,U,15.9,16.1,16,5.7,5.2,20,20,20,20,20,19.9,84,82,70,61,NA,NA,77,emeria,26,NA,a,Vishnu,Naman
NA,Pycnonotidae,Black-crested Bulbul,Rubigula flaviventris,Indian Institute of Science Education and Research Tirupati,a_52,NA,"Simlipal, Odisha",India,U,13,13,12.8,5,5,16,16,16,16.4,16.4,16.5,92,89,74,66,NA,NA,87,flaviventris,27,NA,a,Vishnu,Naman
NA,Pycnonotidae,Red-vented bulbul,Pycnonotus cafer,Indian Institute of Science Education and Research Tirupati,a_56,NA,"IIT, Andhra Pradesh",India,U,16.9,17.3,17,4.6,4.8,NA,NA,NA,22.2,21.8,21.7,95,95,NA,NA,NA,NA,88,cafer,NA,NA,a,Robin_VV,Naman
NA,Pycnonotidae,Red-whiskered Bulbul,Pycnonotus jocosus,Indian Institute of Science Education and Research Tirupati,d_57,NA,"IIT, Andhra Pradesh",India,U,17.4,17.4,17.6,5.3,4.5,NA,NA,NA,19.7,19.5,19.8,77,77,NA,NA,NA,NA,75,emeria,25,NA,a,Robin_VV,Naman
NA,Pycnonotidae,Red-whiskered Bulbul,Pycnonotus jocosus,Indian Institute of Science Education and Research Tirupati,z_99,NA,"IIT, Andhra Pradesh",India,U,17.8,17.6,17.6,6,5.1,NA,NA,NA,21.1,21.2,21,80,81,NA,NA,NA,NA,77,emeria,25,NA,a,Robin_VV,Naman
NA,Pycnonotidae,White-browed Bulbul,Pycnonotus luteolus,Indian Institute of Science Education and Research Tirupati,ab_109,NA,"IIT, Andhra Pradesh",India,U,17,NA,NA,NA,NA,NA,NA,NA,22,NA,NA,NA,NA,NA,NA,NA,NA,NA,luteolus,NA,NA,a,Varun_Kher,Naman
NA,Pycnonotidae,White-browed Bulbul,Pycnonotus luteolus,Indian Institute of Science Education and Research Tirupati,ab_110,NA,"IIT, Andhra Pradesh",India,U,17.5,17.3,17.6,5.4,5.9,20.9,20.8,20.9,20.9,21.1,20.8,86,85,74,70,NA,NA,79,luteolus,NA,NA,a,Varun_Kher,Naman
NA,Pycnonotidae,White-browed Bulbul,Pycnonotus luteolus,Indian Institute of Science Education and Research Tirupati,ab_108,NA,"IIT, Andhra Pradesh",India,U,18.7,18.7,18.6,5.9,5.6,21.8,21.9,22,21.8,21.8,21.9,89,86,81,70,NA,NA,85,luteolus,30.5,NA,a,Naman_Goyal,Naman
NA,Pycnonotidae,White-browed Bulbul,Pycnonotus luteolus,Indian Institute of Science Education and Research Tirupati,ab_111,NA,"IIT, Andhra Pradesh",India,U,19,19,19.2,6.4,6.1,19.7,19.8,19.8,19.7,19.7,19.8,88,87,79,69,NA,NA,91,luteolus,21.5,NA,a,Naman_Goyal,Naman
NA,Pycnonotidae,White-browed Bulbul,Pycnonotus luteolus,Indian Institute of Science Education and Research Tirupati,ab_112,NA,"IIT, Andhra Pradesh",India,U,NA,NA,NA,NA,NA,NA,NA,NA,NA,NA,NA,NA,85,NA,NA,NA,NA,NA,luteolus,NA,NA,NA,Vinay_KL,Naman
NA,Pycnonotidae,White-browed Bulbul,Pycnonotus luteolus,Indian Institute of Science Education and Research Tirupati,ab_106,NA,"IIT, Andhra Pradesh",India,U,18.6,18.4,18.4,5.7,5.6,21,20.9,21,20.9,20.9,21,81,80,69,59,NA,NA,77,luteolus,21,NA,a,Naman_Goyal,Naman
NA,Pycnonotidae,Red-vented Bulbul,Pycnonotus cafer,Indian Institute of Science Education and Research Tirupati,ab_113,NA,"IIT, Andhra Pradesh",India,U,16.5,16.4,16.5,4,5.4,23.9,24,23.8,24.6,24.5,24.3,89,88,70,64,NA,NA,81,cafer,NA,NA,a,Vinay_KL,Naman
NA,Pycnonotidae,Red-vented Bulbul,Pycnonotus cafer,Indian Institute of Science Education and Research Tirupati,ab_94,NA,"IIT, Andhra Pradesh",India,U,18.4,18.5,18.7,5.1,5,20.7,20.8,20.7,20.5,20.6,20.7,88,86,80,70,NA,NA,80,cafer,24,NA,a,Ashwin_Warudkar,Naman
NA,Pycnonotidae,White-browed Bulbul,Pycnonotus luteolus,Indian Institute of Science Education and Research Tirupati,ab_2160,NA,"Mamanduru, Andhra Pradesh",India,U,18.7,18.8,18.7,5.8,5.5,20.3,20.7,20.6,20.3,20.1,20.3,85,85,76,69,NA,NA,80,luteolus,33,NA,a,Ashwin_Warudkar,Naman
NA,Pycnonotidae,White-browed Bulbul,Pycnonotus luteolus,Indian Institute of Science Education and Research Tirupati,a_2101,NA,"Mamanduru, Andhra Pradesh",India,U,15,15.2,15.1,6.2,5.9,21.6,21.4,21.4,21.4,21.2,21.3,90,90,NA,NA,NA,NA,92,luteolus,34.02,Primaries in molt,NA,Chiti_Arvind,Naman
NA,Pycnonotidae,Red-whiskered Bulbul,Pycnonotus jocosus,Indian Institute of Science Education and Research Tirupati,ab_2102,NA,"Mamanduru, Andhra Pradesh",India,U,18.6,18.7,18.6,5.2,4.6,19.4,19.5,19.6,19.8,19.7,19.7,81,82,75,65,NA,NA,88,emeria,26.53,Primaries and secondaries in molt,a,Naman_Goyal,Naman
NA,Pycnonotidae,White-browed Bulbul,Pycnonotus luteolus,Indian Institute of Science Education and Research Tirupati,ab_2103,NA,"Mamanduru, Andhra Pradesh",India,U,20.1,20,20.1,7.8,6.4,22,22,22.1,22,22.2,22.3,86,88,NA,NA,NA,NA,89,luteolus,33.69,NA,a,Vinay_KL,Naman
NA,Pycnonotidae,Red-whiskered Bulbul,Pycnonotus jocosus,Indian Institute of Science Education and Research Tirupati,ab_2104,NA,"Mamanduru, Andhra Pradesh",India,U,16.3,16.2,16.3,4.5,4,19.2,19.2,19.1,19.6,19.6,19.5,79,78,67,63,NA,NA,91,emeria,21.32,NA,a,Naman_Goyal,Naman
NA,Pycnonotidae,Yellow-browed Bulbul,Acritillas indica,Indian Institute of Science Education and Research Tirupati,a_94,NA,"Anshi, Karnataka",India,U,18.3,17.9,17.9,6,5.4,18,18.1,18.1,17.9,17.8,17.9,89,84,76,69,NA,NA,NA,indica/icterica,30,NA,a,Varun_Kher,Naman
NA,Pycnonotidae,Yellow-browed Bulbul,Acritillas indica,Indian Institute of Science Education and Research Tirupati,a_93,NA,"Anshi, Karnataka",India,U,18.9,18.9,19.1,6.4,5.5,17.6,17.6,17.5,18.2,18.2,18.2,94,94,79,70,NA,NA,83,indica/icterica,NA,NA,a,Varun_Kher,Naman
NA,Pycnonotidae,Yellow-browed Bulbul,Acritillas indica,Indian Institute of Science Education and Research Tirupati,a_90,NA,"Anshi, Karnataka",India,U,19.2,19.2,19.4,6.1,5.4,18.6,18.5,18.4,18.7,18.7,18.6,95,92,78,63,NA,NA,81,indica/icterica,31,NA,a,Varun_Kher,Naman
NA,Pycnonotidae,Yellow-browed Bulbul,Acritillas indica,Indian Institute of Science Education and Research Tirupati,ab_119,NA,"Anshi, Karnataka",India,U,20.3,20,19.9,6.1,5.4,18.1,18.2,18.2,17.4,17.3,17.4,94,92,78,66,NA,NA,83,indica/icterica,32,NA,a,Varun_Kher,Naman
NA,Pycnonotidae,Yellow-browed Bulbul,Acritillas indica,Indian Institute of Science Education and Research Tirupati,a_87,NA,"Anshi, Karnataka",India,U,17.6,NA,NA,NA,NA,NA,NA,NA,16.9,NA,NA,NA,88,NA,NA,NA,NA,79,indica/icterica,NA,NA,a,Varun_Kher,Naman
NA,Pycnonotidae,Yellow-browed Bulbul,Acritillas indica,Indian Institute of Science Education and Research Tirupati,a_86,NA,"Anshi, Karnataka",India,U,19.1,NA,NA,NA,NA,NA,NA,NA,14.9,NA,NA,NA,91,NA,NA,NA,NA,82,indica/icterica,NA,NA,a,Varun_Kher,Naman
NA,Pycnonotidae,Red-whiskered Bulbul,Pycnonotus jocosus,Indian Institute of Science Education and Research Tirupati,ab_120,NA,"Anshi, Karnataka",India,U,16.5,16.7,16.8,5.4,4.7,21.1,21.2,21.2,20.9,20.9,20.9,82,80,70,67,NA,NA,78,fuscicaudatus,28,NA,a,Varun_Kher,Naman
NA,Pycnonotidae,Yellow-browed Bulbul,Acritillas indica,Indian Institute of Science Education and Research Tirupati,a_83,NA,"Anshi, Karnataka",India,U,18.6,NA,NA,6,6.1,NA,NA,NA,19.2,19,18.9,94,93,80,68,NA,NA,84,indica/icterica,37,NA,a,Varun_Kher,Naman
NA,Pycnonotidae,Red-whiskered Bulbul,Pycnonotus jocosus,Indian Institute of Science Education and Research Tirupati,a_58,NA,"Anshi, Karnataka",India,U,15.8,16.1,15.6,5.8,5,20,20.3,20.1,20.2,20.1,20.3,81,86,72,60,NA,NA,82,fuscicaudatus,32,NA,a,Varun_Kher,Naman
NA,Pycnonotidae,Yellow-browed Bulbul,Acritillas indica,Indian Institute of Science Education and Research Tirupati,a_60,NA,"Anshi, Karnataka",India,U,19.6,19.2,19.6,5.6,5.1,19.6,19.5,19.6,19.3,19.2,19.2,94,91,78,68,NA,NA,71,indica/icterica,35,NA,a,Varun_Kher,Naman
NA,Pycnonotidae,Yellow-browed Bulbul,Acritillas indica,Indian Institute of Science Education and Research Tirupati,ab_122,NA,"Anshi, Karnataka",India,U,15.9,NA,NA,5.6,4.2,NA,NA,NA,20.8,22.2,21.3,NA,88,76,64,NA,NA,80,indica/icterica,29,NA,a,Varun_Kher,Naman
NA,Pycnonotidae,Yellow-browed Bulbul,Acritillas indica,Indian Institute of Science Education and Research Tirupati,ab_123,NA,"Anshi, Karnataka",India,U,17,NA,NA,5.8,5.6,24,22.5,NA,23.5,NA,NA,80,94,75,58,NA,NA,NA,indica/icterica,36,NA,a,Varun_Kher,Naman
NA,Pycnonotidae,White-browed Bulbul,Pycnonotus luteolus,Indian Institute of Science Education and Research Tirupati,ab_2109,NA,"Mamanduru, Andhra Pradesh",India,U,18.4,18.3,18.6,6.1,5.8,NA,NA,NA,20.1,20.3,20.9,89,86,77,69,NA,NA,92,luteolus,33,NA,NA,Raja_Bandi,Naman
NA,Pycnonotidae,Yellow-throated Bulbul,Pycnonotus xantholaemus,Indian Institute of Science Education and Research Tirupati,ab_2112,NA,"Tirumala, Andhra Pradesh",India,U,18.7,18.7,18.5,5.1,4.8,19.8,20.1,19.3,20,19.8,20.1,90,88,71,67,NA,NA,85,NA,27.7,NA,a,Vinay_KL,Naman
NA,Pycnonotidae,Yellow-throated Bulbul,Pycnonotus xantholaemus,Indian Institute of Science Education and Research Tirupati,ab_2114,NA,"Tirumala, Andhra Pradesh",India,U,17.4,17.6,17.4,4.2,4.8,19.7,19.6,19.8,19.09,19.8,19.8,92,93,82,70,NA,NA,90,NA,29.88,NA,a,Viral_Joshi,Naman
NA,Pycnonotidae,Yellow-throated Bulbul,Pycnonotus xantholaemus,Indian Institute of Science Education and Research Tirupati,ab_2116,NA,"Tirumala, Andhra Pradesh",India,U,13.5,13.5,13.7,2.1,NA,16.9,16,16.9,17.3,17.2,17.3,84,88,89,65,NA,NA,81,NA,28.01,NA,a,Raja_Bandi,Naman
NA,Pycnonotidae,White-browed Bulbul,Pycnonotus luteolus,Indian Institute of Science Education and Research Tirupati,ab_2117,NA,"Tirumala, Andhra Pradesh",India,U,18.6,18.8,18.9,5.7,5.9,21.1,22.7,21.4,21.4,21.6,21.4,91,89,83,64,NA,NA,82,luteolus,36.36,NA,a,Raja_Bandi,Naman
NA,Pycnonotidae,Yellow-throated Bulbul,Pycnonotus xantholaemus,Indian Institute of Science Education and Research Tirupati,ab_2118,NA,"Tirumala, Andhra Pradesh",India,U,16.9,17.1,17.6,5.6,5.1,19.3,19.7,19.8,19.3,20.4,19.8,82,85,69,67,NA,NA,80,NA,25,NA,a,Raja_Bandi,Naman
NA,Pycnonotidae,Red-whiskered Bulbul,Pycnonotus jocosus,Indian Institute of Science Education and Research Tirupati,ab_2119,NA,"Biligiriranga Hills, Karnataka",India,U,18.1,18.3,18.1,4.8,4.4,20.4,20.5,20.2,20.3,20.3,20.5,83,83,78,67,NA,NA,78,fuscicaudatus,31.48,NA,a,Viral_Joshi,Naman
NA,Pycnonotidae,Red-whiskered Bulbul,Pycnonotus jocosus,Indian Institute of Science Education and Research Tirupati,ab_2120,NA,"Biligiriranga Hills, Karnataka",India,U,18.5,18.8,18.8,5.1,4.4,21.4,21.7,21.5,21.6,21.5,21.3,86,85,75,73,NA,NA,80,fuscicaudatus,25.4,NA,a,Viral_Joshi,Naman
NA,Pycnonotidae,Red-whiskered Bulbul,Pycnonotus jocosus,Indian Institute of Science Education and Research Tirupati,z_131,NA,"Anshi, Karnataka",India,U,17.8,17.5,17.4,6.5,5.2,21,20.8,20.7,19.9,20.1,20.3,85,87,80,70,NA,NA,79,fuscicaudatus,37,NA,a,Varun_Kher,Naman
NA,Pycnonotidae,White-browed Bulbul,Pycnonotus luteolus,Indian Institute of Science Education and Research Tirupati,ab_2132,NA,"Biligiriranga Hills, Karnataka",India,U,18.2,17.1,17.1,5.1,5.7,21.1,21,21.3,20.9,21.5,21.7,87,87,74,72,NA,NA,86,luteolus,37.15,NA,a,Viral_Joshi,Naman
NA,Pycnonotidae,Yellow-browed Bulbul,Acritillas indica,Indian Institute of Science Education and Research Tirupati,a_3912,NA,"Biligiriranga Hills, Karnataka",India,U,19.2,18.7,19.2,4.6,5.4,16.4,16.7,16.5,17.7,17.4,17.2,95,95,79,70,NA,NA,85,indica,37,NA,a,Viral_Joshi,Naman
NA,Pycnonotidae,Yellow-browed Bulbul,Acritillas indica,Indian Institute of Science Education and Research Tirupati,a_3913,NA,"Biligiriranga Hills, Karnataka",India,U,19.3,19.2,19.1,5.9,4.8,16.4,17,17,16.2,15.8,16.1,87,88,71,64,NA,NA,80,indica,18.41,NA,a,Vinay_KL,Naman
NA,Pycnonotidae,Yellow-browed Bulbul,Acritillas indica,Indian Institute of Science Education and Research Tirupati,a_3914,NA,"Biligiriranga Hills, Karnataka",India,U,21.5,21.1,21.6,5.9,5.8,18.2,18.4,18.3,18.14,18.5,18.4,95,94,77,67,NA,NA,80,indica,32.8,NA,a,Vinay_KL,Naman
NA,Pycnonotidae,Yellow-browed Bulbul,Acritillas indica,Indian Institute of Science Education and Research Tirupati,ab_140,NA,"Jodigere, Karnataka",India,U,19.4,19.1,19.1,5.3,5,19.2,19.8,19.4,19.6,20.1,19.9,85,90,82,74,NA,NA,79,indica,32,NA,a,Raja_Bandi,Naman
NA,Pycnonotidae,Yellow-browed Bulbul,Acritillas indica,Indian Institute of Science Education and Research Tirupati,ab_141,NA,"Jodigere, Karnataka",India,U,21,19.7,19.2,5.9,5.4,18.2,18.9,19.2,18.5,19,18.7,96,97,84,76,NA,NA,84,indica,36,NA,a,Raja_Bandi,Naman
NA,Pycnonotidae,Yellow-browed Bulbul,Acritillas indica,Indian Institute of Science Education and Research Tirupati,ab_142,NA,"Jodigere, Karnataka",India,U,19.5,19.2,19.5,5.7,5.3,19,18.7,18.9,18.9,18.9,19.3,94,94,84,70,NA,NA,85,indica,32,NA,a,Raja_Bandi,Naman
NA,Pycnonotidae,Red-whiskered Bulbul,Pycnonotus jocosus,Indian Institute of Science Education and Research Tirupati,a_78,NA,"Budipadaga, Karnataka",India,U,13.5,13.7,13.6,4.4,4.3,19.7,20.7,20.8,20.2,19.9,21.2,81,81,68,65,NA,NA,88,fuscicaudatus,28,NA,a,Viral_Joshi,Naman
NA,Pycnonotidae,Red-vented Bulbul,Pycnonotus cafer,Indian Institute of Science Education and Research Tirupati,a_77,NA,"Budipadaga, Karnataka",India,U,14.4,14.2,14.7,NA,NA,22.2,22.1,22.9,22.7,22.4,22.4,88,88,71,63,NA,NA,82,cafer,45,NA,a,Viral_Joshi,Naman
NA,Pycnonotidae,White-browed Bulbul,Pycnonotus luteolus,Indian Institute of Science Education and Research Tirupati,ab_143,NA,"Budipadaga, Karnataka",India,U,19,19.4,19.4,5.1,5.8,21.4,21,21.2,20.9,21.1,21.3,82,85,73,69,NA,NA,80,luteolus,45,NA,a,Raja_Bandi,Naman
NA,Pycnonotidae,White-browed Bulbul,Pycnonotus luteolus,Indian Institute of Science Education and Research Tirupati,z_4003,NA,"Budipadaga, Karnataka",India,M,11.1,4.4,4.3,4.4,NA,16.1,16.3,16.3,16.4,16.1,16.3,69,69,56,49,NA,NA,73,luteolus,12,NA,a,Robin_VV,Naman
NA,Pycnonotidae,Red-whiskered Bulbul,Pycnonotus jocosus,Indian Institute of Science Education and Research Tirupati,a_79,NA,"Budipadaga, Karnataka",India,U,13.5,13.5,13.8,3.4,NA,19.9,19.7,20,19.73,19.9,19.8,80,80,65,62,NA,NA,83,fuscicaudatus,27,NA,a,Viral_Joshi,Naman
NA,Pycnonotidae,Yellow-browed Bulbul,Acritillas indica,Indian Institute of Science Education and Research Tirupati,ab_96,NA,"Wayanad, Kerala",India,U,21.4,21.5,21.9,6.8,5.5,19.1,19.2,19.3,19.1,19,18.9,95,95,79,65,NA,NA,83,indica,33,NA,a,Yash_Deshpande,Naman
NA,Pycnonotidae,Yellow-browed Bulbul,Acritillas indica,Indian Institute of Science Education and Research Tirupati,ab_155,NA,"Wayanad, Kerala",India,U,19.6,20,19.6,5.9,5.5,17.5,17.6,17.9,17.8,17.8,18.1,90,90,90,78,NA,NA,85,indica,33,NA,a,Yash_Deshpande,Naman
NA,Pycnonotidae,Flame-throated Bulbul,Rubigula gularis,Indian Institute of Science Education and Research Tirupati,a_4105,NA,"Wayanad, Kerala",India,U,14.1,14,14.4,4.9,4.5,15.9,15.8,16,15.8,16,15.5,73,73,64,53,NA,NA,62,NA,21,NA,NA,Yash_Deshpande,Naman
NA,Pycnonotidae,Red-whiskered Bulbul,Pycnonotus jocosus,Indian Institute of Science Education and Research Tirupati,ab_2555,NA,"Sarni, Madhya Pradesh",India,U,18.38,18.04,18.05,4.7,5.4,20.66,20.65,20.58,20.78,20.97,20.82,89,88,79,70,NA,NA,88,fuscicaudatus,24.8,Molts on body,a,Naman_Goyal,Naman
NA,Pycnonotidae,Red-whiskered Bulbul,Pycnonotus jocosus,Indian Institute of Science Education and Research Tirupati,ab_2556,NA,"Sarni, Madhya Pradesh",India,U,16.14,16.2,15.63,4.87,5.24,20.58,20.97,20.91,21.35,21.53,21.18,83,82,62,61,NA,NA,81,fuscicaudatus,25.32,Tail feathers in molt,a,Naman_Goyal,Naman
NA,Pycnonotidae,Red-whiskered Bulbul,Pycnonotus jocosus,Indian Institute of Science Education and Research Tirupati,ab_2557,NA,"Sarni, Madhya Pradesh",India,U,16.92,16.87,16.12,4.95,5.23,25.44,25.46,25.47,24.64,24.38,24.69,81,80,64,62,NA,NA,80,fuscicaudatus,27.8,NA,a,Naman_Goyal,Naman
NA,Pycnonotidae,Red-whiskered Bulbul,Pycnonotus jocosus,Indian Institute of Science Education and Research Tirupati,ab_2560,NA,"Sarni, Madhya Pradesh",India,U,16.42,16.9,17.2,5.73,5.6,22.3,22.99,23.3,23.51,23.42,23.6,86,85,69,68,NA,NA,84,fuscicaudatus,30.21,NA,a,Naman_Goyal,Naman
NA,Pycnonotidae,Red-whiskered Bulbul,Pycnonotus jocosus,Indian Institute of Science Education and Research Tirupati,a_4660,NA,"Satpura, Madhya Pradesh",India,U,NA,NA,NA,NA,NA,NA,NA,NA,NA,NA,NA,85,83,65,58,NA,NA,69,fuscicaudatus,29,Molting,a,Viral_Joshi,Naman
NA,Pycnonotidae,Red-whiskered Bulbul,Pycnonotus jocosus,Indian Institute of Science Education and Research Tirupati,a_4661,NA,"Satpura, Madhya Pradesh",India,U,NA,NA,NA,NA,NA,NA,NA,NA,NA,NA,NA,78,79,65,70,NA,NA,75,fuscicaudatus,28,NA,j,Viral_Joshi,Naman
NA,Pycnonotidae,Red-whiskered Bulbul,Pycnonotus jocosus,Indian Institute of Science Education and Research Tirupati,a_4662,NA,"Satpura, Madhya Pradesh",India,U,NA,NA,NA,NA,NA,NA,NA,NA,NA,NA,NA,84,85,72,67,NA,NA,80,fuscicaudatus,29,NA,a,Viral_Joshi,Naman
NA,Pycnonotidae,Red-whiskered Bulbul,Pycnonotus jocosus,Indian Institute of Science Education and Research Tirupati,ab_2561,NA,"Sarni, Madhya Pradesh",India,U,16.57,16.67,16.77,5.09,5.49,23.4,23.7,23.31,25.66,25.46,25.81,84,85,66,64,NA,NA,84,fuscicaudatus,25.51,Primaries of both wings on moult,a,Viral_Joshi,Naman
NA,Pycnonotidae,Yellow-browed Bulbul,Acritillas indica,Indian Institute of Science Education and Research Tirupati,ab_2566,NA,"Bhimashankar, Maharasthra",India,U,19.72,19.61,19.55,5.76,5.26,19.08,19.24,19.62,19.43,19.26,19.58,90,90,77,67,NA,NA,83,icterica,31.18,Primaries in molt,a,Naman_Goyal,Naman
NA,Pycnonotidae,Yellow-browed Bulbul,Acritillas indica,Indian Institute of Science Education and Research Tirupati,ab_2567,NA,"Bhimashankar, Maharasthra",India,U,21.42,21.41,21.66,5.55,5.55,18.57,18.52,18.6,19.28,18.9,19.11,92,91,79,70,NA,NA,83,icterica,38.58,Body molts,a,Naman_Goyal,Naman
NA,Pycnonotidae,Red-whiskered Bulbul,Pycnonotus jocosus,Indian Institute of Science Education and Research Tirupati,ab_2573,NA,"Tillari, Maharasthra",India,U,19.03,20.01,20.11,5.29,5.3,20.81,20.72,20.86,21.06,21,22.76,84,83,70,63,NA,NA,81,fuscicaudatus,32.84,NA,a,Naman_Goyal,Naman
NA,Pycnonotidae,Flame-throated Bulbul,Rubigula gularis,Indian Institute of Science Education and Research Tirupati,a_4401,NA,"Peppara, Kerala",India,U,NA,NA,NA,NA,NA,NA,NA,NA,NA,NA,NA,NA,NA,NA,NA,NA,NA,NA,NA,21,NA,a,Yash_Deshpande,Naman
NA,Pycnonotidae,Yellow-browed Bulbul,Acritillas indica,Indian Institute of Science Education and Research Tirupati,ab_2596,NA,"Kudremukh, Karnataka",India,U,18,18,18,5.9,4.6,18.7,18.7,18.8,18.3,18.3,18.6,83,82,64,63,NA,NA,75,indica,31.28,NA,a,Archita_Sharma,Naman
NA,Pycnonotidae,Yellow-browed Bulbul,Acritillas indica,Indian Institute of Science Education and Research Tirupati,ab_2585,NA,"Kudremukh, Karnataka",India,U,18.6,18.5,18.9,5.8,5.4,17.9,18,18.2,18.1,18.6,18.6,93,94,78,70,NA,NA,78,indica,35.55,NA,a,Viral_Joshi,Naman
NA,Pycnonotidae,Yellow-browed Bulbul,Acritillas indica,Indian Institute of Science Education and Research Tirupati,ab_2582,NA,"Kudremukh, Karnataka",India,U,21.6,21.6,21.4,5.3,5.5,19.2,19.4,19.4,19.2,19.1,19.2,94,94,75,65,NA,NA,84,indica,42.62,NA,a,Naman_Goyal,Naman
NA,Pycnonotidae,Red-whiskered Bulbul,Pycnonotus jocosus,Indian Institute of Science Education and Research Tirupati,ab_2583,NA,"Kudremukh, Karnataka",India,U,18.4,18.6,18.5,4.6,5.1,20.9,20.7,21,21.9,21.7,21.7,88,88,70,62,NA,NA,86,fuscicaudatus,31.65,NA,a,Naman_Goyal,Naman
NA,Pycnonotidae,Flame-throated Bulbul,Rubigula gularis,Indian Institute of Science Education and Research Tirupati,a_7273,NA,"Silent valley, Kerala",India,U,15.2,15.2,15.2,4.5,4.4,15.8,15.6,15.5,15.8,15.7,15.8,79,79,64,55,NA,NA,70,NA,22.03,NA,a,Naman_Goyal,Naman
NA,Pycnonotidae,Flame-throated Bulbul,Rubigula gularis,Indian Institute of Science Education and Research Tirupati,a_7268,NA,"Agasthyamalai, Kerala",India,U,15.2,15,15,5,3.9,16.3,15.9,16,16.2,16.2,16.3,75,76,75,62,NA,NA,71,NA,21.6,NA,a,Ashwin_Warudkar,Naman
NA,Pycnonotidae,Square-tailed Bulbul,Hypsipetes ganeesa,Indian Institute of Science Education and Research Tirupati,ab_4013,NA,"Agasthyamalai, Kerala",India,U,26.7,26.7,26.9,6.4,6.2,19.4,19.6,19.3,18.8,18.9,19.2,116,116,96,79,NA,NA,97,ganeesa,50.36,NA,a,Akshay,Naman
NA,Pycnonotidae,Square-tailed Bulbul,Hypsipetes ganeesa,Indian Institute of Science Education and Research Tirupati,ab_4014,NA,"Agasthyamalai, Kerala",India,U,26.1,26.4,26.3,6.8,6.4,18.9,19.2,19.3,19.1,19.3,19.4,117,119,89,76,NA,NA,98,ganeesa,52.36,NA,a,Akshay,Naman
NA,Pycnonotidae,Square-tailed Bulbul,Hypsipetes ganeesa,Indian Institute of Science Education and Research Tirupati,ab_4020,NA,"Agasthyamalai, Kerala",India,U,25.4,25.6,25.5,6.2,6.1,18.1,18.1,18.3,17.8,18.1,17.8,111,111,92,76,NA,NA,99,ganeesa,46.96,NA,a,Akshay,Naman
NA,Pycnonotidae,Red-whiskered Bulbul,Pycnonotus jocosus,Indian Institute of Science Education and Research Tirupati,a_7402,NA,"Agasthyamalai, Kerala",India,U,16.1,16.1,16.9,2.4,NA,18.1,17.4,17.2,17.9,17.4,17.3,89,88,63,58,NA,NA,84,fuscicaudatus,NA,NA,NA,Ashwin_Warudkar,Naman
NA,Pycnonotidae,Yellow-browed Bulbul,Acritillas indica,Indian Institute of Science Education and Research Tirupati,ab_4024,NA,"Silent valley, Kerala",India,U,19.5,19.5,19.6,5.7,4.8,19,19,19,18.9,18.9,18.9,88,88,72,65,NA,NA,80,indica,30.78,NA,a,Shivam,Naman
NA,Pycnonotidae,Yellow-browed Bulbul,Acritillas indica,Indian Institute of Science Education and Research Tirupati,a_7260,NA,"Silent valley, Kerala",India,U,20.2,20.3,20.1,5.9,4.9,19.4,19.6,19.6,19.2,19.3,19.2,87,86,72,64,NA,NA,75,indica,30.53,NA,a,Shivam,Naman
NA,Pycnonotidae,Yellow-browed Bulbul,Acritillas indica,Indian Institute of Science Education and Research Tirupati,a_7258,NA,"Silent valley, Kerala",India,U,21.2,21.2,21.3,6,5.4,19.9,19.9,19.9,NA,NA,NA,90,90,74,65,NA,NA,92,indica,32.99,NA,a,Naman_Goyal,Naman
NA,Pycnonotidae,Red-whiskered Bulbul,Pycnonotus jocosus,Indian Institute of Science Education and Research Tirupati,ab_4027,NA,"Silent valley, Kerala",India,U,18.5,18.6,18.5,6,4.9,20.5,20.5,20.5,20.9,20.9,21.1,82,81,66,61,NA,NA,90,fuscicaudatus,31.29,NA,a,Naman_Goyal,Naman
NA,Pycnonotidae,Flame-throated Bulbul,Rubigula gularis,Indian Institute of Science Education and Research Tirupati,a_7257,NA,"Silent valley, Kerala",India,U,14.4,14.5,14.5,4.4,4.3,16.6,16.7,16.7,15.9,16,15.8,71,70,60,56,NA,NA,69,NA,22.01,NA,a,Shivam,Naman
NA,Pycnonotidae,Red-whiskered Bulbul,Pycnonotus jocosus,Indian Institute of Science Education and Research Tirupati,ab_4029,NA,"Silent valley, Kerala",India,U,21,21.1,21.4,5.9,4.8,20.2,20.2,20.3,20.4,20.4,20.4,82,81,68,63,NA,NA,79,fuscicaudatus,29.29,NA,a,Shivam,Naman
NA,Pycnonotidae,Yellow-browed Bulbul,Acritillas indica,Indian Institute of Science Education and Research Tirupati,a_7256,NA,"Silent valley, Kerala",India,U,19.9,19.9,19.8,5.8,5.1,18.4,18.3,18.4,18.8,18.8,18.6,85,85,67,61,NA,NA,76,indica,30.16,NA,a,Shivam,Naman
NA,Pycnonotidae,Yellow-browed Bulbul,Acritillas indica,Indian Institute of Science Education and Research Tirupati,a_7255,NA,"Silent valley, Kerala",India,U,20.6,20.7,20.8,5.8,4.9,19.2,19,19,19.2,19.2,19,92,90,75,65,NA,NA,84,indica,32.01,NA,a,Shivam,Naman
NA,Pycnonotidae,Yellow-browed Bulbul,Acritillas indica,Indian Institute of Science Education and Research Tirupati,a_7254,NA,"Silent valley, Kerala",India,U,20.3,20.4,20.6,6,5.2,18.1,18.3,18.2,18.2,18.2,18.1,94,91,74,69,NA,NA,87,indica,33.43,NA,a,Shivam,Naman
NA,Pycnonotidae,Flame-throated Bulbul,Rubigula gularis,Indian Institute of Science Education and Research Tirupati,a_7253,NA,"Silent valley, Kerala",India,U,14.2,14.4,14.2,4.5,4,15.8,15.8,15.6,15.8,15.9,15.8,74,71,59,55,NA,NA,70,NA,18.7,NA,a,Shivam,Naman
NA,Pycnonotidae,Flame-throated Bulbul,Rubigula gularis,Indian Institute of Science Education and Research Tirupati,a_7252,NA,"Silent valley, Kerala",India,U,14.4,14.4,14.2,4.7,4.2,15.3,15.3,15.1,15.6,15.4,15.4,70,69,56,54,NA,NA,66,NA,18.42,NA,a,Shivam,Naman
NA,Pycnonotidae,Flame-throated Bulbul,Rubigula gularis,Indian Institute of Science Education and Research Tirupati,a_7251,NA,"Silent valley, Kerala",India,U,15,14.9,15,4.7,3.7,16,15.9,16.1,16.2,16.4,16.3,72,72,NA,NA,NA,NA,81,NA,NA,NA,a,Shivam,Naman
NA,Pycnonotidae,Flame-throated Bulbul,Rubigula gularis,Indian Institute of Science Education and Research Tirupati,a_7250,NA,"Silent valley, Kerala",India,U,15.4,15.4,15.4,5.3,4.1,15.3,15.2,15.2,15.2,15.1,15.6,69,70,55,53,NA,NA,66,NA,17.99,NA,a,Shivam,Naman
NA,Pycnonotidae,Flame-throated Bulbul,Rubigula gularis,Indian Institute of Science Education and Research Tirupati,a_7249,NA,"Silent valley, Kerala",India,U,16.5,16.5,16.4,6.1,4.2,15.7,15.9,15.7,16,16,16.1,73,72,58,54,NA,NA,69,NA,20.17,NA,a,Shivam,Naman
NA,Pycnonotidae,Red-whiskered Bulbul,Pycnonotus jocosus,Indian Institute of Science Education and Research Tirupati,ab_4033,NA,"Silent valley, Kerala",India,U,18,18.1,17.9,5.5,5,21.6,21.7,21.5,21.9,21.6,21.6,85,86,68,65,NA,NA,96,fuscicaudatus,31.65,NA,a,Shivam,Naman
NA,Pycnonotidae,Yellow-browed Bulbul,Acritillas indica,Indian Institute of Science Education and Research Tirupati,a_7248,NA,"Silent valley, Kerala",India,U,21,21.2,20.7,5.9,5.5,19,18.9,18.9,19.2,19.1,19.1,91,92,73,66,NA,NA,85,indica,32.86,NA,a,Shivam,Naman
NA,Pycnonotidae,Yellow-browed Bulbul,Acritillas indica,Indian Institute of Science Education and Research Tirupati,a_7247,NA,"Silent valley, Kerala",India,U,20.5,20.7,20.8,6.4,5.1,19.5,19.5,19.5,19.2,19.2,19.2,92,92,74,65,NA,NA,97,indica,35.72,NA,a,Shivam,Naman
NA,Pycnonotidae,Flame-throated Bulbul,Rubigula gularis,Indian Institute of Science Education and Research Tirupati,a_7244,NA,"Silent valley, Kerala",India,U,14.2,14.2,14.3,5.8,4.3,14.4,14.5,14.5,13.7,13.9,13.7,72,72,61,56,NA,NA,73,NA,19.82,NA,a,Shivam,Naman
NA,Pycnonotidae,Yellow-browed Bulbul,Acritillas indica,Indian Institute of Science Education and Research Tirupati,a_7242,NA,"Anshi, Karnataka",India,U,21.7,21.3,21.4,5.7,5,21.4,21.6,21,22.5,22.5,22.8,90,90,83,66,NA,NA,78,indica/icterica,32.2,NA,a,Kaushalendra,Naman
NA,Pycnonotidae,Yellow-browed Bulbul,Acritillas indica,Indian Institute of Science Education and Research Tirupati,a_7241,NA,"Anshi, Karnataka",India,U,18.7,18.7,18.5,4.8,4.9,18.6,18.7,18.6,18.1,18.5,18.3,90,90,80,60,NA,NA,78,indica/icterica,27.89,NA,a,Kaushalendra,Naman
NA,Pycnonotidae,Yellow-browed Bulbul,Acritillas indica,Indian Institute of Science Education and Research Tirupati,a_7240,NA,"Anshi, Karnataka",India,U,19.8,20.1,19.8,4.3,4.8,19.5,19.3,19.4,19.14,19.4,19.2,89,90,78,66,NA,NA,89,indica/icterica,32.6,NA,a,Kaushalendra,Naman
NA,Pycnonotidae,Red-whiskered Bulbul,Pycnonotus jocosus,Indian Institute of Science Education and Research Tirupati,a_7239,NA,"Anshi, Karnataka",India,U,17.8,17.7,17.7,4.6,4.8,20.9,21.1,20.4,22.1,21.8,22.4,85,85,75,70,NA,NA,86,fuscicaudatus,26.86,NA,a,Kaushalendra,Naman
NA,Pycnonotidae,Red-whiskered Bulbul,Pycnonotus jocosus,Indian Institute of Science Education and Research Tirupati,a_7238,NA,"Anshi, Karnataka",India,U,21.2,21.1,20.8,4.2,4.6,19.3,19.5,19.6,19.5,19.7,19.5,81,80,68,65,NA,NA,79,fuscicaudatus,27.78,NA,a,Kaushalendra,Naman
NA,Pycnonotidae,Flame-throated Bulbul,Rubigula gularis,Indian Institute of Science Education and Research Tirupati,a_7237,NA,"Anshi, Karnataka",India,U,12.6,12.8,13,4,3.8,16.5,16.7,16.2,17.2,16.1,16.4,73,70,60,56,NA,NA,70,NA,13.8,NA,a,Kaushalendra,Naman
NA,Pycnonotidae,Red-whiskered Bulbul,Pycnonotus jocosus,Indian Institute of Science Education and Research Tirupati,a_7216,NA,"Dandeli, Karnataka",India,U,17.2,17.6,17.2,4.9,4.4,19.3,19.4,19.3,19.6,19.5,19.8,80,80,70,62,NA,NA,77,fuscicaudatus,27.82,NA,a,Kaushalendra,Naman
NA,Pycnonotidae,Red-vented Bulbul,Pycnonotus cafer,Indian Institute of Science Education and Research Tirupati,ab_4051,NA,"Dandeli, Karnataka",India,U,19.9,19.6,20,5.9,5.7,21.8,22,22,21.8,22,22.1,92,93,80,72,NA,NA,98,cafer,33.93,NA,a,Kaushalendra,Naman
NA,Pycnonotidae,Red-whiskered Bulbul,Pycnonotus jocosus,Indian Institute of Science Education and Research Tirupati,a_7204,NA,"Radhanagari, Maharasthra",India,U,16.2,16.1,16.1,5.5,5.1,21.5,21.5,21.5,21.2,21.2,21.2,87,87,70,65,NA,NA,82,fuscicaudatus,30.44,NA,a,Kaushalendra,Naman
NA,Pycnonotidae,Red-whiskered Bulbul,Pycnonotus jocosus,Indian Institute of Science Education and Research Tirupati,a_7203,NA,"Radhanagari, Maharasthra",India,U,15.6,15.6,15.7,4.8,4.7,22.1,22.1,22.1,22.1,22.2,22.2,86,86,73,68,NA,NA,85,fuscicaudatus,29.4,NA,NA,Kaushalendra,Naman
NA,Pycnonotidae,Red-whiskered Bulbul,Pycnonotus jocosus,Indian Institute of Science Education and Research Tirupati,a_7202,NA,"Radhanagari, Maharasthra",India,U,16.7,16.4,16.5,5.6,4.9,20.8,20.8,20.7,20.8,20.7,20.7,81,82,68,62,NA,NA,81,fuscicaudatus,27.52,NA,NA,Kaushalendra,Naman
NA,Pycnonotidae,Red-whiskered Bulbul,Pycnonotus jocosus,Indian Institute of Science Education and Research Tirupati,a_7501,NA,"Radhanagari, Maharasthra",India,U,16.3,16.3,16.3,4.6,5.1,22,21.7,21.7,22.4,22,22.4,87,87,75,68,NA,NA,87,fuscicaudatus,30.84,NA,NA,Kaushalendra,Naman
NA,Pycnonotidae,Yellow-browed Bulbul,Acritillas indica,Indian Institute of Science Education and Research Tirupati,ab_4068,NA,"Radhanagari, Maharasthra",India,U,19.4,19.3,19.4,5.6,5.4,18.7,18.9,18.6,18.9,18.6,18.7,91,91,76,66,NA,NA,85,icterica,33.37,NA,a,Kaushalendra,Naman
NA,Pycnonotidae,Yellow-browed Bulbul,Acritillas indica,Indian Institute of Science Education and Research Tirupati,ab_4067,NA,"Radhanagari, Maharasthra",India,U,18.1,18.3,18.6,5.4,5,18.9,18.9,18.9,19,18.9,18.8,86,85,76,65,NA,NA,80,icterica,28.78,NA,a,Kaushalendra,Naman
NA,Pycnonotidae,Red-whiskered Bulbul,Pycnonotus jocosus,Indian Institute of Science Education and Research Tirupati,a_4464,NA,"Kudremukh, Karnataka",India,U,21,21,20.9,5.5,4.9,21.6,21.6,21.6,21.3,21.4,21.3,86,86,81,75,NA,NA,88,fuscicaudatus,30.39,NA,a,Vinay_KL,Naman
NA,Pycnonotidae,Yellow-browed Bulbul,Acritillas indica,Indian Institute of Science Education and Research Tirupati,a_4459,NA,"Kudremukh, Karnataka",India,U,19.7,19.6,19.6,5.4,5.1,19.9,20,19.9,20,19.8,20.1,86,87,74,59,NA,NA,80,indica,32.62,NA,a,Akshay,Naman
NA,Pycnonotidae,Yellow-browed Bulbul,Acritillas indica,Indian Institute of Science Education and Research Tirupati,z_4460,NA,"Kudremukh, Karnataka",India,U,21.2,21.5,21.5,5.5,5.8,19.9,20,19.8,19.8,19.6,19.8,89,87,74,66,NA,NA,80,indica,33.89,NA,a,Akshay,Naman
NA,Pycnonotidae,Red-whiskered Bulbul,Pycnonotus jocosus,Indian Institute of Science Education and Research Tirupati,a_4455,NA,"Kudremukh, Karnataka",India,U,16.9,16.5,16.7,5.4,4.6,20.8,20.6,20.6,20.7,20.7,20.5,76,75,64,59,NA,NA,74,fuscicaudatus,27.19,NA,a,Akshay,Naman
NA,Pycnonotidae,Yellow-browed Bulbul,Acritillas indica,Indian Institute of Science Education and Research Tirupati,ab_1994,NA,"Kudremukh, Karnataka",India,U,20.6,20.5,20.5,5.1,5.5,19,18.9,18.7,19.2,19.1,19,90,91,76,64,NA,NA,83,indica,33.8,NA,a,Vinay_KL,Naman
NA,Pycnonotidae,Red-vented Bulbul,Pycnonotus cafer,Indian Institute of Science Education and Research Tirupati,a_7508,NA,"Jenabil, Odisha",India,U,17.2,17,17,5.3,5.1,21.5,21.6,21.7,21.5,21.5,21.6,88,88,70,65,NA,NA,80,wetmorei,27.87,NA,a,Archita_Sharma,Archita
NA,Pycnonotidae,Red-vented Bulbul,Pycnonotus cafer,Indian Institute of Science Education and Research Tirupati,a_7508,NA,"Jenabil, Odisha",India,U,17.8,17.7,17.6,5.6,5,21.8,21.7,21.9,21.7,21.7,21.7,90,90,73,65,NA,NA,86,wetmorei,32.45,NA,a,Archita_Sharma,Archita
NA,Pycnonotidae,Red-vented Bulbul,Pycnonotus cafer,Indian Institute of Science Education and Research Tirupati,ab_4083,NA,"Jenabil, Odisha",India,U,18.6,18.7,18.7,4.2,5,22.9,22.9,22.9,22.6,22.7,22.8,65,95,79,74,NA,NA,89,wetmorei,34.99,NA,u,Archita_Sharma,Archita
NA,Pycnonotidae,Red-whiskered Bulbul,Pycnonotus jocosus,Indian Institute of Science Education and Research Tirupati,a_4735,NA,"Simlipal, Odisha",India,U,17.3,17.2,17.3,4.7,4.4,20.1,20.2,20.2,20.3,20.3,20.3,80,81,65,63,NA,NA,79,emeria,28.69,NA,a,Archita_Sharma,Archita
NA,Pycnonotidae,Red-vented Bulbul,Pycnonotus cafer,Indian Institute of Science Education and Research Tirupati,a_4300,NA,"Jenabil, Odisha",India,U,16,16.1,16.1,5.5,5.2,20.6,20.4,20.5,20.5,20.4,20.5,89,89,70,70,NA,NA,82,wetmorei,NA,NA,a,Archita_Sharma,Archita
NA,Pycnonotidae,Red-whiskered Bulbul,Pycnonotus jocosus,Indian Institute of Science Education and Research Tirupati,a_7516,NA,"Jenabil, Odisha",India,U,14.9,14.9,14.7,5,4.4,18.8,18.8,18.9,18.9,18.8,18.9,77,77,60,59,NA,NA,72,emeria,24.1,NA,a,Archita_Sharma,Archita
NA,Pycnonotidae,Red-vented Bulbul,Pycnonotus cafer,Indian Institute of Science Education and Research Tirupati,a_7406,NA,"Kalahandi, Odisha",India,U,NA,29.5,29.6,4.7,5.3,21.8,21.9,21.7,21.7,21.7,21.8,88,89,70,65,NA,NA,77,wetmorei,NA,NA,a,Archita_Sharma,Archita
NA,Pycnonotidae,Red-vented Bulbul,Pycnonotus cafer,Indian Institute of Science Education and Research Tirupati,a_7408,NA,"Kalahandi, Odisha",India,U,17.2,17.2,17.3,5.7,5.5,22.4,22.4,22.4,22.6,22.7,22.7,90,90,69,65,NA,NA,88,wetmorei,NA,NA,a,Archita_Sharma,Archita
NA,Pycnonotidae,Red-whiskered Bulbul,Pycnonotus jocosus,Indian Institute of Science Education and Research Tirupati,a_4328,NA,"Kalahandi, Odisha",India,U,15.8,15.6,15.7,5.1,4.6,20.2,19.9,20,19,19.8,19.6,78,77,64,58,NA,NA,74,emeria,26.94,NA,a,Archita_Sharma,Archita
NA,Pycnonotidae,White-browed Bulbul,Pycnonotus luteolus,Indian Institute of Science Education and Research Tirupati,a_7411,NA,"Kalahandi, Odisha",India,U,19.1,19.2,19.3,6.1,6.1,22.1,22.1,21.9,22.2,21.8,21.8,83,85,70,64,NA,NA,88,luteolus,34.15,NA,a,Archita_Sharma,Archita
NA,Pycnonotidae,White-browed Bulbul,Pycnonotus luteolus,Indian Institute of Science Education and Research Tirupati,a_4306,NA,"Mahanadi Wildlife Division, Odisha",India,U,18.9,18.9,18.6,7.4,6.7,24.5,24.3,24.4,24.4,24.3,24.4,85,85,70,64,NA,NA,83,luteolus,36.39,NA,a,Archita_Sharma,Archita
NA,Pycnonotidae,Red-whiskered Bulbul,Pycnonotus jocosus,Indian Institute of Science Education and Research Tirupati,a_7528,NA,"Kalahandi, Odisha",India,U,16.7,16.5,16.7,5.2,4.5,20.1,20,20,20,20.1,20.1,80,80,67,61,NA,NA,80,emeria,NA,NA,a,Archita_Sharma,Archita
NA,Pycnonotidae,Red-whiskered Bulbul,Pycnonotus jocosus,Indian Institute of Science Education and Research Tirupati,a_4320,NA,"Kalahandi, Odisha",India,U,17.8,17.9,17.8,4.9,4.8,20.9,20.9,20.9,20.4,20.5,20.4,85,85,72,66,NA,NA,83,emeria,26.57,NA,a,Archita_Sharma,Archita
NA,Pycnonotidae,White-browed Bulbul,Pycnonotus luteolus,Indian Institute of Science Education and Research Tirupati,a_4321,NA,"Kalahandi, Odisha",India,U,18.4,18.4,18.5,5.7,5.8,21.3,20.9,21.2,21.4,21.4,21.3,76,75,64,59,NA,NA,74,luteolus,31.36,NA,a,Archita_Sharma,Archita
NA,Pycnonotidae,Red-whiskered Bulbul,Pycnonotus jocosus,Indian Institute of Science Education and Research Tirupati,a_4312,NA,"Kalahandi, Odisha",India,U,17.4,17.2,17.4,5.2,4.8,19.7,19.7,19.7,19.5,19.5,19.5,80,79,64,58,NA,NA,75,emeria,26.47,NA,a,Archita_Sharma,Archita
NA,Pycnonotidae,Red-vented Bulbul,Pycnonotus cafer,Indian Institute of Science Education and Research Tirupati,a_4313,NA,"Kalahandi, Odisha",India,U,20.4,20.5,20.5,5.9,5.7,23.2,23.2,22.9,23,23.1,23.3,88,89,76,58,NA,NA,90,wetmorei,35.47,NA,a,Archita_Sharma,Archita
NA,Pycnonotidae,Red-vented Bulbul,Pycnonotus cafer,Indian Institute of Science Education and Research Tirupati,a_4314,NA,"Kalahandi, Odisha",India,U,18,NA,NA,NA,NA,NA,NA,NA,23.4,NA,NA,NA,89,NA,NA,NA,NA,80,wetmorei,NA,NA,a,Archita_Sharma,Archita
NA,Pycnonotidae,Red-whiskered Bulbul,Pycnonotus jocosus,Indian Institute of Science Education and Research Tirupati,a_4318,NA,"Kalahandi, Odisha",India,U,16.1,16.1,16.5,4.5,4.6,19.5,19.4,19.4,19.8,19.6,19.6,85,85,71,65,NA,NA,80,emeria,24.34,NA,a,Archita_Sharma,Archita
NA,Pycnonotidae,Red-whiskered Bulbul,Pycnonotus jocosus,Indian Institute of Science Education and Research Tirupati,a_4327,NA,"Kalahandi, Odisha",India,U,15.9,15.9,15.7,5.6,5,20.3,20.4,20.4,20.4,20.4,20.3,79,79,63,62,NA,NA,80,emeria,25,NA,a,Archita_Sharma,Archita
NA,Pycnonotidae,Red-vented Bulbul,Pycnonotus cafer,Indian Institute of Science Education and Research Tirupati,a_7764,NA,"Masinagudi, Tamil Nadu",India,U,17.5,17.4,17.4,6,5.3,22.6,22.7,22.7,23.1,23.2,23,95,94,85,74,NA,NA,89,cafer,34.02,NA,a,Naman_Goyal,Naman
NA,Pycnonotidae,Red-whiskered Bulbul,Pycnonotus jocosus,Indian Institute of Science Education and Research Tirupati,a_7765,NA,"Masinagudi, Tamil Nadu",India,U,18.1,18.2,18,5.4,5.2,22.1,22,22.2,22,22.2,22.1,85,86,72,67,NA,NA,86,fuscicaudatus,NA,NA,a,Naman_Goyal,Naman
NA,Pycnonotidae,Red-vented Bulbul,Pycnonotus cafer,Indian Institute of Science Education and Research Tirupati,a_7769,NA,"Masinagudi, Tamil Nadu",India,U,16.3,16.3,16.6,5.1,5.1,20.6,20.6,20.5,20.4,20.5,20.4,88,86,73,65,NA,NA,80,cafer,30.56,NA,a,Naman_Goyal,Naman
NA,Pycnonotidae,White-browed Bulbul,Pycnonotus luteolus,Indian Institute of Science Education and Research Tirupati,a_7771,NA,"Masinagudi, Tamil Nadu",India,U,20.6,20.6,20.5,5.3,6,22.2,22.3,22.4,22.3,22.3,22.3,86,86,77,64,NA,NA,81,luteolus,34.41,NA,a,Naman_Goyal,Naman
NA,Pycnonotidae,White-browed Bulbul,Pycnonotus luteolus,Indian Institute of Science Education and Research Tirupati,ab_4659,NA,"Masinagudi, Tamil Nadu",India,U,19.3,19.4,19.4,5.6,6.1,22,22.1,22.3,22.1,22.3,22.1,86,86,72,70,NA,NA,83,luteolus,NA,NA,a,Naman_Goyal,Naman
NA,Pycnonotidae,White-browed Bulbul,Pycnonotus luteolus,Indian Institute of Science Education and Research Tirupati,ab_4660,NA,"Masinagudi, Tamil Nadu",India,U,19.5,19.3,19.5,4.9,6.1,22.3,22.3,22.4,22.4,22.4,22.5,88,89,75,69,NA,NA,85,luteolus,37.32,NA,a,Naman_Goyal,Naman
NA,Pycnonotidae,White-browed Bulbul,Pycnonotus luteolus,Indian Institute of Science Education and Research Tirupati,ab_4661,NA,"Masinagudi, Tamil Nadu",India,U,20,20.3,20.3,5.2,5.8,22.1,22.2,22.3,23.1,23.2,23,89,88,74,73,NA,NA,82,luteolus,38.18,NA,a,Naman_Goyal,Naman
NA,Pycnonotidae,Red-vented Bulbul,Pycnonotus cafer,Indian Institute of Science Education and Research Tirupati,a_7772,NA,"Masinagudi, Tamil Nadu",India,U,17,17.1,17.1,4.8,4.8,21.4,21.4,21.4,21.6,21.7,21.8,86,87,75,66,NA,NA,82,cafer,31,NA,a,Naman_Goyal,Naman
NA,Pycnonotidae,Red-vented Bulbul,Pycnonotus cafer,Indian Institute of Science Education and Research Tirupati,a_7761,NA,"Masinagudi, Tamil Nadu",India,U,17,17.1,17.1,3.8,4.7,21.2,21.2,21.1,22,22.1,22.1,90,89,77,67,NA,NA,85,cafer,32.4,NA,a,Naman_Goyal,Naman
NA,Pycnonotidae,Red-vented Bulbul,Pycnonotus cafer,Indian Institute of Science Education and Research Tirupati,a_7762,NA,"Masinagudi, Tamil Nadu",India,U,17.5,17.7,17.6,5.2,5.8,20.5,20.5,20.6,20.9,20.7,20.7,96,93,78,67,NA,NA,87,cafer,36.08,NA,a,Naman_Goyal,Naman
NA,Pycnonotidae,Yellow-browed Bulbul,Acritillas indica,Indian Institute of Science Education and Research Tirupati,a_7784,NA,"Masinagudi, Tamil Nadu",India,U,17.3,17.2,17.3,5.8,6.4,21.9,21.7,21.8,21.6,21.7,21.8,89,88,81,67,NA,NA,83,indica,41.67,"Tail feathers in molt, secondaries in molt",a,Naman_Goyal,Naman
NA,Pycnonotidae,White-browed Bulbul,Pycnonotus luteolus,Indian Institute of Science Education and Research Tirupati,a_7785,NA,"Masinagudi, Tamil Nadu",India,U,18.5,18.5,18.7,5.3,5.3,21.6,21.7,21.6,21.8,21.8,21.9,81,81,74,64,NA,NA,90,luteolus,33.48,Both wings primaries and secondaries in molt,u,Naman_Goyal,Naman
NA,Pycnonotidae,White-browed Bulbul,Pycnonotus luteolus,Indian Institute of Science Education and Research Tirupati,a_7786,NA,"Masinagudi, Tamil Nadu",India,U,18.5,18.6,18.7,4.6,5.4,20.4,20.6,20.6,20.2,20.3,20.4,81,81,72,60,NA,NA,78,luteolus,31.22,Primaries and secondaries in molt,a,Naman_Goyal,Naman
NA,Pycnonotidae,Red-vented Bulbul,Pycnonotus cafer,Indian Institute of Science Education and Research Tirupati,ab_4667,NA,"Masinagudi, Tamil Nadu",India,U,19.1,18.9,19,5.2,5.3,22.5,22.4,22.4,23.3,23.4,23.5,88,87,70,63,NA,NA,82,cafer,31.83,NA,a,Naman_Goyal,Naman
NA,Pycnonotidae,White-browed Bulbul,Pycnonotus luteolus,Indian Institute of Science Education and Research Tirupati,ab_46668,NA,"Masinagudi, Tamil Nadu",India,U,18,18,18,5.9,5.8,21.7,21.6,21.8,21.8,21.8,21.8,85,86,76,65,NA,NA,86,luteolus,38.09,NA,u,Naman_Goyal,Naman
NA,Pycnonotidae,Red-vented Bulbul,Pycnonotus cafer,Indian Institute of Science Education and Research Tirupati,a_47783,NA,"Masinagudi, Tamil Nadu",India,U,18.3,18.2,18.4,5.2,5,19.8,19.7,19.8,19.8,19.8,19.9,89,89,77,65,NA,NA,83,cafer,27.9,NA,u,Naman_Goyal,Naman
NA,Pycnonotidae,White-browed Bulbul,Pycnonotus luteolus,Indian Institute of Science Education and Research Tirupati,ab_4669,NA,"Masinagudi, Tamil Nadu",India,U,17.9,18,18.1,4.7,5.6,20.1,20.1,20,20.4,20.3,20.3,83,83,71,64,NA,NA,76,luteolus,33.62,NA,a,Naman_Goyal,Naman
NA,Pycnonotidae,Red-vented Bulbul,Pycnonotus cafer,Indian Institute of Science Education and Research Tirupati,ab_4664,NA,"Masinagudi, Tamil Nadu",India,U,17.4,17.2,17.2,5.2,5.2,21.6,21.6,21.7,22.7,22.76,22.5,85,85,68,63,NA,NA,79,cafer,36.96,NA,a,Naman_Goyal,Naman
NA,Pycnonotidae,White-browed Bulbul,Pycnonotus luteolus,Indian Institute of Science Education and Research Tirupati,ab_159601,NA,"Silent Valley, Kerala",India,U,20.4,20.5,20.6,5.3,5.9,21.8,21.8,21.9,22,22.1,22.1,89,89,75,70,NA,NA,83,luteolus,40.41,NA,a,Arpitha,Naman
NA,Pycnonotidae,Red-whiskered Bulbul,Pycnonotus jocosus,Indian Institute of Science Education and Research Tirupati,AB_159056,NA,"Bhimashankar, Maharasthra",India,U,16.61,16.65,16.69,3.67,4.3,NA,NA,NA,19.01,19.03,18.97,NA,82,NA,NA,NA,NA,NA,fuscicaudatus,25,NA,A,Vishnu,Naman
NA,Pycnonotidae,Red-whiskered Bulbul,Pycnonotus jocosus,Indian Institute of Science Education and Research Tirupati,AB_159057,NA,"Bhimashankar, Maharasthra",India,U,18.86,18.84,18.78,4.11,4.7,NA,NA,NA,20.06,20.11,19.98,NA,90,NA,NA,NA,NA,NA,fuscicaudatus,28,NA,A,Vishnu,Naman
NA,Pycnonotidae,Red-whiskered Bulbul,Pycnonotus jocosus,Indian Institute of Science Education and Research Tirupati,AB_159058,NA,"Bhimashankar, Maharasthra",India,U,19.21,19.18,19.06,4.82,5.21,NA,NA,NA,20.88,20.65,20.74,NA,90,NA,NA,NA,NA,NA,fuscicaudatus,27,NA,A,Vishnu,Naman
NA,Pycnonotidae,Red-whiskered Bulbul,Pycnonotus jocosus,Indian Institute of Science Education and Research Tirupati,AB_159059,NA,"Bhimashankar, Maharasthra",India,U,18.18,18.19,18.21,4.12,5.24,NA,NA,NA,20.14,20.11,20.09,NA,87,NA,NA,NA,NA,NA,fuscicaudatus,28.5,NA,A,Vishnu,Naman
NA,Pycnonotidae,Red-whiskered Bulbul,Pycnonotus jocosus,Indian Institute of Science Education and Research Tirupati,AB_159060,NA,"Bhimashankar, Maharasthra",India,U,17.78,17.91,17.67,5.28,4.61,NA,NA,NA,18.73,18.73,18.98,NA,83,NA,NA,NA,NA,NA,fuscicaudatus,24,NA,A,Vishnu,Naman
NA,Pycnonotidae,Red-whiskered Bulbul,Pycnonotus jocosus,Indian Institute of Science Education and Research Tirupati,AB_159061,NA,"Bhimashankar, Maharasthra",India,U,18.64,18.71,18.6,6.14,5.33,NA,NA,NA,20.91,21.1,21,NA,85,NA,NA,NA,NA,NA,fuscicaudatus,26.5,NA,A,Vishnu,Naman
NA,Pycnonotidae,Square-tailed Bulbul,Hypsipetes ganeesa,Indian Institute of Science Education and Research Tirupati,AB_159065,NA,"Bhimashankar, Maharasthra",India,U,25.49,25.75,25.4,5.78,6.09,NA,NA,NA,17.02,17.09,17.16,NA,118,NA,NA,NA,NA,101,ganeesa,37,NA,A,Vishnu,Naman
NA,Pycnonotidae,Red-whiskered Bulbul,Pycnonotus jocosus,Indian Institute of Science Education and Research Tirupati,AB_159066,NA,"Bhimashankar, Maharasthra",India,U,18.26,18.31,18.36,4.89,4.21,NA,NA,NA,19.86,19.82,18.84,NA,85,NA,NA,NA,NA,80,fuscicaudatus,24,NA,A,Vishnu,Naman
NA,Pycnonotidae,Square-tailed Bulbul,Hypsipetes ganeesa,Indian Institute of Science Education and Research Tirupati,AB_159069,NA,"Bhimashankar, Maharasthra",India,U,25.68,25.84,25.77,6.2,6.11,NA,NA,NA,18.85,18.74,18.69,NA,112,NA,NA,NA,NA,95,ganeesa,42.5,NA,A,Vishnu,Naman
NA,Pycnonotidae,Red-whiskered Bulbul,Pycnonotus jocosus,Indian Institute of Science Education and Research Tirupati,AB_159070,NA,"Bhimashankar, Maharasthra",India,U,20.65,20.63,20.71,4.93,4.81,NA,NA,NA,19.71,19.94,19.81,NA,87,NA,NA,NA,NA,84,fuscicaudatus,28,NA,A,Vishnu,Naman
NA,Pycnonotidae,Red-vented Bulbul,Pycnonotus cafer,Indian Institute of Science Education and Research Tirupati,AB_159073,NA,"Bhimashankar, Maharasthra",India,U,21.16,21.04,20.97,6.1,6.52,NA,NA,NA,23.11,23.06,23.08,NA,95,NA,NA,NA,NA,91,cafer,34.5,NA,A,Vishnu,Naman
NA,Pycnonotidae,Red-whiskered Bulbul,Pycnonotus jocosus,Indian Institute of Science Education and Research Tirupati,A_264382,NA,"Kodaikanal, Tamil Nadu",India,U,19.47,19.38,18.37,NA,NA,NA,NA,NA,21.65,21.97,21.85,NA,85,NA,NA,NA,NA,NA,fuscicaudatus,40,NA,NA,Viral_Joshi,Ashwin/Chiti
NA,Pycnonotidae,Red-whiskered Bulbul,Pycnonotus jocosus,Indian Institute of Science Education and Research Tirupati,A_264384,NA,"Kodaikanal, Tamil Nadu",India,U,19.34,20.01,19.47,NA,NA,NA,NA,NA,21.19,22,21.83,NA,87,NA,NA,NA,NA,NA,fuscicaudatus,40,NA,NA,Viral_Joshi,Ashwin/Chiti
NA,Pycnonotidae,Red-whiskered Bulbul,Pycnonotus jocosus,Indian Institute of Science Education and Research Tirupati,A_264386,NA,"Kodaikanal, Tamil Nadu",India,U,17.45,17.06,18,NA,NA,NA,NA,NA,21.34,21.75,21.32,NA,85,NA,NA,NA,NA,NA,fuscicaudatus,47,NA,NA,Viral_Joshi,Ashwin/Chiti
NA,Pycnonotidae,Red-vented Bulbul,Pycnonotus cafer,Indian Institute of Science Education and Research Tirupati,ab_9,NA,"Toranmal, Maharasthra",India,U,20.26,20.76,20.66,6.27,5.69,NA,NA,NA,22.3,22.42,22.46,NA,94,NA,NA,NA,NA,86,humayuni,33.8,NA,a,Ashwin_Warudkar,Naman
NA,Pycnonotidae,Red-vented Bulbul,Pycnonotus cafer,Indian Institute of Science Education and Research Tirupati,ab_11,NA,"Toranmal, Maharasthra",India,U,18.49,18.52,18.35,5.14,5.13,NA,NA,NA,21.93,21.77,21.67,NA,86,NA,NA,NA,NA,80,humayuni,26.01,NA,a,Ashwin_Warudkar,Naman
NA,Pycnonotidae,Red-vented Bulbul,Pycnonotus cafer,Indian Institute of Science Education and Research Tirupati,ab_12,NA,"Toranmal, Maharasthra",India,U,20.05,20.08,20.03,5.91,5.59,NA,NA,NA,22.42,22.52,22.31,NA,92,NA,NA,NA,NA,85,humayuni,36.25,NA,a,Ashwin_Warudkar,Naman
NA,Pycnonotidae,Red-whiskered Bulbul,Pycnonotus jocosus,Indian Institute of Science Education and Research Tirupati,A_1462,NA,"Highwavys, Kerala",India,U,18.69,18.8,18.29,NA,NA,21.32,21.53,21.09,21.25,21.4,21.53,NA,86,NA,NA,NA,NA,86,fuscicaudatus,NA,NA,NA,Robin_VV,Robin
NA,Pycnonotidae,Red-whiskered Bulbul,Pycnonotus jocosus,Indian Institute of Science Education and Research Tirupati,A_1463,NA,"Highwavys, Kerala",India,U,20.07,20.57,20.38,NA,NA,22.07,21.29,21.6,22.25,22.28,22.19,NA,88,NA,NA,NA,NA,86,fuscicaudatus,NA,NA,NA,Robin_VV,Robin
NA,Pycnonotidae,Red-whiskered Bulbul,Pycnonotus jocosus,Indian Institute of Science Education and Research Tirupati,A_1480,NA,"Highwavys, Kerala",India,U,19.48,19.3,19.35,NA,NA,20.67,20.53,20.91,21.29,21.25,21.85,NA,86,NA,NA,NA,NA,85,fuscicaudatus,NA,NA,NA,Robin_VV,Robin
NA,Pycnonotidae,Red-whiskered Bulbul,Pycnonotus jocosus,Indian Institute of Science Education and Research Tirupati,A_1481,NA,"Highwavys, Kerala",India,U,19.76,19.78,18.86,NA,NA,19.64,19.85,19.99,21.09,21.88,21.24,NA,82,NA,NA,NA,NA,81,fuscicaudatus,NA,NA,NA,Robin_VV,Robin
NA,Pycnonotidae,Square-tailed Bulbul,Hypsipetes ganeesa,Indian Institute of Science Education and Research Tirupati,AB_2049,NA,"Highwavys, Kerala",India,U,24.46,24.11,24.1,NA,NA,19.12,19.02,18.87,18.07,17.82,17.97,NA,120,NA,NA,NA,NA,100,ganeesa,NA,NA,NA,Robin_VV,Robin
NA,Pycnonotidae,Square-tailed Bulbul,Hypsipetes ganeesa,Indian Institute of Science Education and Research Tirupati,AB_2084,NA,"Highwavys, Kerala",India,U,26.49,26.07,26.26,NA,NA,18.18,18.38,18.79,18.22,18.55,18.4,NA,121,NA,NA,NA,NA,105,ganeesa,NA,NA,NA,Robin_VV,Robin
NA,Pycnonotidae,Square-tailed Bulbul,Hypsipetes ganeesa,Indian Institute of Science Education and Research Tirupati,AB_2085,NA,"Highwavys, Kerala",India,U,24.59,24.85,24.76,NA,NA,17.85,17.74,17.79,18.77,18.87,18.22,NA,111,NA,NA,NA,NA,107,ganeesa,NA,NA,NA,Robin_VV,Robin
NA,Pycnonotidae,Square-tailed Bulbul,Hypsipetes ganeesa,Indian Institute of Science Education and Research Tirupati,AB_159116,NA,"Banasura, Kerala",India,U,28.37,28.69,28.01,NA,NA,17.38,17.45,17.71,17.48,17.56,17.49,119,120,NA,NA,NA,NA,94,ganeesa,NA,NA,NA,Robin_VV,Robin
NA,Pycnonotidae,Square-tailed Bulbul,Hypsipetes ganeesa,Indian Institute of Science Education and Research Tirupati,AB_159117,NA,"Banasura, Kerala",India,U,27.59,27.25,27.89,NA,NA,17.7,17.68,17.58,17.33,17.49,17.34,108,109,NA,NA,NA,NA,96,ganeesa,NA,NA,NA,Robin_VV,Robin
NA,Pycnonotidae,Square-tailed Bulbul,Hypsipetes ganeesa,Indian Institute of Science Education and Research Tirupati,AB_159127,NA,"Peppara, Kerala",India,U,28.23,28.44,28.33,NA,NA,17.84,17.71,17.82,17.98,17.84,17.88,111,112,NA,NA,NA,NA,96,ganeesa,NA,NA,NA,Robin_VV,Robin
NA,Pycnonotidae,Square-tailed Bulbul,Hypsipetes ganeesa,Indian Institute of Science Education and Research Tirupati,AB_159128,NA,"Peppara, Kerala",India,U,30.9,30.78,30.69,NA,NA,17.94,17.84,17.69,17.9,18.09,18.08,119,121,NA,NA,NA,NA,105,ganeesa,NA,NA,NA,Robin_VV,Robin
NA,Pycnonotidae,Square-tailed Bulbul,Hypsipetes ganeesa,Indian Institute of Science Education and Research Tirupati,AB_159130,NA,"Peppara, Kerala",India,U,27.39,27.09,27.48,NA,NA,17.56,17.34,17.28,17.57,17.68,17.43,121,121,NA,NA,NA,NA,101,ganeesa,NA,NA,NA,Robin_VV,Robin
NA,Pycnonotidae,Square-tailed Bulbul,Hypsipetes ganeesa,Indian Institute of Science Education and Research Tirupati,AB_159131,NA,"Peppara, Kerala",India,U,27.38,27.34,27.58,NA,NA,17.11,17.09,17.21,17.18,17.34,17.25,120,119,NA,NA,NA,NA,101,ganeesa,NA,NA,NA,Robin_VV,Robin
NA,Pycnonotidae,Square-tailed Bulbul,Hypsipetes ganeesa,Indian Institute of Science Education and Research Tirupati,AB_159135,NA,"Peppara, Kerala",India,U,32.26,32.18,32.39,NA,NA,18.53,18.59,18.66,18.34,18.29,18.49,131,130,NA,NA,NA,NA,109,ganeesa,NA,NA,NA,Robin_VV,Robin
NA,Pycnonotidae,Square-tailed Bulbul,Hypsipetes ganeesa,Indian Institute of Science Education and Research Tirupati,AB_159147,NA,"Sispara, Kerala",India,U,28.27,28.26,28.34,NA,NA,19.29,19.3,19.18,19.27,19.36,19.41,123,123,NA,NA,NA,NA,111,ganeesa,NA,NA,NA,Robin_VV,Robin
NA,Pycnonotidae,Square-tailed Bulbul,Hypsipetes ganeesa,Indian Institute of Science Education and Research Tirupati,AB_159172,NA,"Sispara, Kerala",India,U,26.98,26.52,26.48,NA,NA,19.2,19.33,19.46,19.66,19.68,19.71,113,113,NA,NA,NA,NA,98,ganeesa,NA,NA,NA,Robin_VV,Robin
NA,Pycnonotidae,Square-tailed Bulbul,Hypsipetes ganeesa,Indian Institute of Science Education and Research Tirupati,AB_159173,NA,"Sispara, Kerala",India,U,24.72,24.74,24.82,NA,NA,17.89,18.04,18.24,18.06,18.17,18.34,109,110,NA,NA,NA,NA,91,ganeesa,NA,NA,NA,Robin_VV,Robin
NA,Pycnonotidae,Square-tailed Bulbul,Hypsipetes ganeesa,Indian Institute of Science Education and Research Tirupati,AB_159175,NA,"Sispara, Kerala",India,U,23.83,23.81,23.91,NA,NA,17.23,17.31,17.74,17.23,17.34,NA,112,112,NA,NA,NA,NA,94,ganeesa,NA,NA,NA,Robin_VV,Robin
NA,Pycnonotidae,Square-tailed Bulbul,Hypsipetes ganeesa,Indian Institute of Science Education and Research Tirupati,AB_159177,NA,"Sispara, Kerala",India,U,24.61,24.71,24.65,NA,NA,18.55,18.67,18.7,18.51,18.59,18.8,122,122,NA,NA,NA,NA,97,ganeesa,NA,NA,NA,Robin_VV,Robin
NA,Pycnonotidae,Square-tailed Bulbul,Hypsipetes ganeesa,Indian Institute of Science Education and Research Tirupati,AB_159179,NA,"Sispara, Kerala",India,U,26.94,26.87,27.95,NA,NA,18.35,18.66,18.86,18.66,18.93,18.85,121,121,NA,NA,NA,NA,103,ganeesa,NA,NA,NA,Robin_VV,Robin
NA,Pycnonotidae,Square-tailed Bulbul,Hypsipetes ganeesa,Indian Institute of Science Education and Research Tirupati,AB_159180,NA,"Sispara, Kerala",India,U,22.64,22.59,22.68,NA,NA,17.75,17.72,17.7,17.79,17.76,17.56,108,108,NA,NA,NA,NA,91,ganeesa,NA,NA,NA,Robin_VV,Robin
NA,Pycnonotidae,Square-tailed Bulbul,Hypsipetes ganeesa,Indian Institute of Science Education and Research Tirupati,AB_159190,NA,"Ambalapara, Kerala",India,U,27.15,27.28,27.31,NA,NA,17.43,17.39,17.51,17.54,17.59,17.61,108,109,NA,NA,NA,NA,86,ganeesa,NA,NA,NA,Robin_VV,Robin
NA,Pycnonotidae,Square-tailed Bulbul,Hypsipetes ganeesa,Indian Institute of Science Education and Research Tirupati,AB_159195,NA,"Ambalapara, Kerala",India,U,26.3,26.3,26.43,NA,NA,18.21,18.19,18.17,18.06,17.82,17.89,114,114,NA,NA,NA,NA,95,ganeesa,NA,NA,NA,Robin_VV,Robin
NA,Pycnonotidae,Square-tailed Bulbul,Hypsipetes ganeesa,Indian Institute of Science Education and Research Tirupati,AB_159198,NA,"Ambalapara, Kerala",India,U,25.12,25.15,25.18,NA,NA,19.21,19.18,19.18,19.12,19.12,19.14,110,111,NA,NA,NA,NA,93,ganeesa,NA,NA,NA,Robin_VV,Robin
NA,Pycnonotidae,Square-tailed Bulbul,Hypsipetes ganeesa,Indian Institute of Science Education and Research Tirupati,AB_159199,NA,"Ambalapara, Kerala",India,U,24.72,24.75,24.78,NA,NA,17.91,17.89,17.96,18.75,18.54,18.34,112,112,NA,NA,NA,NA,96,ganeesa,NA,NA,NA,Robin_VV,Robin
NA,Pycnonotidae,Square-tailed Bulbul,Hypsipetes ganeesa,Indian Institute of Science Education and Research Tirupati,AB_159200,NA,"Ambalapara, Kerala",India,U,26.06,26.04,26.07,NA,NA,18.75,18.89,18.54,18.76,18.8,18.71,117,118,NA,NA,NA,NA,101,ganeesa,NA,NA,NA,Robin_VV,Robin
NA,Pycnonotidae,Square-tailed Bulbul,Hypsipetes ganeesa,Indian Institute of Science Education and Research Tirupati,AB_159216,NA,"Munnar, Kerala",India,U,26.86,26.94,26.07,NA,NA,17.61,17.42,17.29,17.9,17.93,17.69,116,117,NA,NA,NA,NA,103,ganeesa,NA,NA,NA,Robin_VV,Robin
NA,Pycnonotidae,Square-tailed Bulbul,Hypsipetes ganeesa,Indian Institute of Science Education and Research Tirupati,AB_159217,NA,"Munnar, Kerala",India,U,27.14,27.32,27.3,NA,NA,17.78,17.83,17.68,17.78,17.98,17.88,118,118,NA,NA,NA,NA,92,ganeesa,NA,NA,NA,Robin_VV,Robin
NA,Pycnonotidae,Square-tailed Bulbul,Hypsipetes ganeesa,Indian Institute of Science Education and Research Tirupati,AB_159220,NA,"Munnar, Kerala",India,U,27.12,27.28,27.06,NA,NA,18.02,18.27,17.87,18.07,18.26,18.3,107,107,NA,NA,NA,NA,93,ganeesa,NA,NA,NA,Robin_VV,Robin
NA,Pycnonotidae,Square-tailed Bulbul,Hypsipetes ganeesa,Indian Institute of Science Education and Research Tirupati,AB_159224,NA,"Munnar, Kerala",India,U,29.97,29.68,29.31,NA,NA,18.17,18.12,18.2,18.44,18.3,18.44,115,117,NA,NA,NA,NA,101,ganeesa,NA,NA,NA,Robin_VV,Robin
NA,Pycnonotidae,Red-whiskered Bulbul,Pycnonotus jocosus,Indian Institute of Science Education and Research Tirupati,AB_159225,NA,"Munnar, Kerala",India,U,21.86,21.17,21.1,NA,NA,21.07,21.81,21.5,21.05,21.43,21.3,89,89,NA,NA,NA,NA,90,fuscicaudatus,NA,NA,NA,Robin_VV,Robin
NA,Pycnonotidae,Square-tailed Bulbul,Hypsipetes ganeesa,Indian Institute of Science Education and Research Tirupati,AB_159231,NA,"Munnar, Kerala",India,U,25.97,26.26,25.92,NA,NA,17.76,17.73,17.62,17.73,17.85,17.91,110,111,NA,NA,NA,NA,108,ganeesa,NA,NA,NA,Robin_VV,Robin
NA,Pycnonotidae,Square-tailed Bulbul,Hypsipetes ganeesa,Indian Institute of Science Education and Research Tirupati,AB_159232,NA,"Munnar, Kerala",India,U,23.68,23.69,23.53,NA,NA,18.53,18.45,18.46,17.92,17.84,17.94,105,104,NA,NA,NA,NA,89,ganeesa,NA,NA,NA,Robin_VV,Robin
NA,Pycnonotidae,Square-tailed Bulbul,Hypsipetes ganeesa,Indian Institute of Science Education and Research Tirupati,AB_159233,NA,"Munnar, Kerala",India,U,25.97,26.06,25.96,NA,NA,18.04,18.13,17.98,17.98,18.16,17.98,114,113,NA,NA,NA,NA,98,ganeesa,NA,NA,NA,Robin_VV,Robin
NA,Pycnonotidae,Yellow-browed Bulbul,Acritillas indica,Indian Institute of Science Education and Research Tirupati,AB_159242,NA,"Ambalapara, Kerala",India,U,21.27,21.4,21.26,5.43,NA,16.86,17.34,16.47,17.19,16.91,17.06,95,94,NA,NA,NA,NA,82,indica,NA,NA,NA,Robin_VV,Robin
NA,Pycnonotidae,Yellow-browed Bulbul,Acritillas indica,Indian Institute of Science Education and Research Tirupati,AB_159243,NA,"Ambalapara, Kerala",India,U,20.87,20.93,20.35,4.39,NA,20.34,21.09,20.42,20.39,20.55,20.17,87,90,NA,NA,NA,NA,76,indica,NA,NA,NA,Robin_VV,Robin
NA,Pycnonotidae,Square-tailed Bulbul,Hypsipetes ganeesa,Indian Institute of Science Education and Research Tirupati,AB_159244,NA,"Ambalapara, Kerala",India,U,26.11,25.86,26.34,6.29,NA,16.58,16.49,16.34,16.65,16.49,16.4,112,110,NA,NA,NA,NA,95,ganeesa,NA,NA,NA,Robin_VV,Robin
NA,Pycnonotidae,Square-tailed Bulbul,Hypsipetes ganeesa,Indian Institute of Science Education and Research Tirupati,A_159246,NA,"Ambalapara, Kerala",India,U,24.54,24.78,24.57,6.94,NA,17.58,17.73,17.39,17.45,17.43,17.94,107,106,NA,NA,NA,NA,89,ganeesa,NA,NA,NA,Robin_VV,Robin
NA,Pycnonotidae,Square-tailed Bulbul,Hypsipetes ganeesa,Indian Institute of Science Education and Research Tirupati,AB_159247,NA,"Ambalapara, Kerala",India,U,30.62,30.93,30.84,6.7,NA,16.23,16.71,16.82,16.17,16.23,16.31,117,117,NA,NA,NA,NA,98,ganeesa,NA,NA,NA,Robin_VV,Robin
NA,Pycnonotidae,Red-whiskered Bulbul,Pycnonotus jocosus,Indian Institute of Science Education and Research Tirupati,AB_159248,NA,"Ambalapara, Kerala",India,U,17.69,17.43,17.41,4.7,NA,20.77,20.82,20.87,20.28,20.51,20.86,85,85,NA,NA,NA,NA,80,fuscicaudatus,NA,NA,NA,Robin_VV,Robin
NA,Pycnonotidae,Yellow-browed Bulbul,Acritillas indica,Indian Institute of Science Education and Research Tirupati,AB_159249,NA,"Ambalapara, Kerala",India,U,21.14,21.32,21.52,5.39,NA,17.5,17.63,17.65,17.54,17.85,17.71,93,95,NA,NA,NA,NA,85,indica,NA,NA,NA,Robin_VV,Robin
NA,Pycnonotidae,Yellow-browed Bulbul,Acritillas indica,Indian Institute of Science Education and Research Tirupati,AB_159251,NA,"Ambalapara, Kerala",India,U,20.06,19.58,19.74,4.98,NA,17.37,17.64,17.99,17.87,17.77,17.98,89,87,NA,NA,NA,NA,80,indica,NA,NA,NA,Robin_VV,Robin
NA,Pycnonotidae,Yellow-browed Bulbul,Acritillas indica,Indian Institute of Science Education and Research Tirupati,AB_159252,NA,"Ambalapara, Kerala",India,U,22.38,23.71,23.32,6.26,NA,18.13,17.93,18.07,18.53,18.31,18.3,92,90,NA,NA,NA,NA,81,indica,NA,NA,NA,Robin_VV,Robin
NA,Pycnonotidae,Square-tailed Bulbul,Hypsipetes ganeesa,Indian Institute of Science Education and Research Tirupati,AB_159301,NA,"Ambalapara, Kerala",India,U,27.4,27.22,27.36,NA,NA,16.84,17.15,17.06,16.94,16.9,16.86,115,116,NA,NA,NA,NA,100,ganeesa,NA,NA,NA,Robin_VV,Robin
NA,Pycnonotidae,Square-tailed Bulbul,Hypsipetes ganeesa,Indian Institute of Science Education and Research Tirupati,AB_159302,NA,"Ambalapara, Kerala",India,U,26.44,26.77,26.79,NA,NA,17.4,17.39,17.43,17.39,17.41,17.31,118,118,NA,NA,NA,NA,100,ganeesa,NA,NA,NA,Robin_VV,Robin
NA,Pycnonotidae,Square-tailed Bulbul,Hypsipetes ganeesa,Indian Institute of Science Education and Research Tirupati,AB_159303,NA,"Ambalapara, Kerala",India,U,25.6,25.61,25.63,NA,NA,18.57,18.8,18.7,18.51,18.34,18.37,107,108,NA,NA,NA,NA,89,ganeesa,NA,NA,NA,Robin_VV,Robin
NA,Pycnonotidae,Square-tailed Bulbul,Hypsipetes ganeesa,Indian Institute of Science Education and Research Tirupati,AB_159304,NA,"Ambalapara, Kerala",India,U,28.11,28.18,28.29,NA,NA,17.78,17.64,17.66,17.95,17.93,17.92,123,123,NA,NA,NA,NA,101,ganeesa,NA,NA,NA,Robin_VV,Robin
NA,Pycnonotidae,Square-tailed Bulbul,Hypsipetes ganeesa,Indian Institute of Science Education and Research Tirupati,AB_159305,NA,"Ambalapara, Kerala",India,U,26.38,26.45,26.36,NA,NA,17.03,17.07,17.09,16.97,17.03,17,115,117,NA,NA,NA,NA,97,ganeesa,NA,NA,NA,Robin_VV,Robin
NA,Pycnonotidae,Square-tailed Bulbul,Hypsipetes ganeesa,Indian Institute of Science Education and Research Tirupati,AB_159308,NA,"Ambalapara, Kerala",India,U,25.48,25.69,25.54,NA,NA,17.03,16.91,16.99,16.94,16.98,17.1,118,117,NA,NA,NA,NA,105,ganeesa,NA,NA,NA,Robin_VV,Robin
NA,Pycnonotidae,Red-whiskered Bulbul,Pycnonotus jocosus,Indian Institute of Science Education and Research Tirupati,AB_159328,NA,"Munnar, Kerala",India,U,19.11,19.15,19.112,NA,NA,22.49,22.61,22.57,22.76,22.7,22.65,87,86,NA,NA,NA,NA,86,fuscicaudatus,NA,NA,NA,Robin_VV,Robin
NA,Pycnonotidae,Red-whiskered Bulbul,Pycnonotus jocosus,Indian Institute of Science Education and Research Tirupati,AB_159330,NA,"Munnar, Kerala",India,U,18.75,18.78,18.89,NA,NA,21.67,21.62,21.44,21.8,21.83,21.93,83,83,NA,NA,NA,NA,82,fuscicaudatus,NA,NA,NA,Robin_VV,Robin
NA,Pycnonotidae,Red-whiskered Bulbul,Pycnonotus jocosus,Indian Institute of Science Education and Research Tirupati,AB_159331,NA,"Munnar, Kerala",India,U,20.3,20.5,20.51,NA,NA,22.5,22.63,22.74,22.82,23.01,23.12,89,90,NA,NA,NA,NA,88,fuscicaudatus,NA,NA,NA,Robin_VV,Robin
NA,Pycnonotidae,Red-whiskered Bulbul,Pycnonotus jocosus,Indian Institute of Science Education and Research Tirupati,AB_159332,NA,"Munnar, Kerala",India,U,19.77,19.71,19.63,NA,NA,22.28,22.3,22.11,22.17,22.1,22.25,89,90,NA,NA,NA,NA,88,fuscicaudatus,NA,NA,NA,Robin_VV,Robin
NA,Pycnonotidae,Square-tailed Bulbul,Hypsipetes ganeesa,Indian Institute of Science Education and Research Tirupati,AB_159333,NA,"Munnar, Kerala",India,U,27.58,27.61,27.64,NA,NA,17.85,17.9,17.93,18.09,18.11,18.14,117,115,NA,NA,NA,NA,100,ganeesa,NA,NA,NA,Robin_VV,Robin
NA,Pycnonotidae,Red-whiskered Bulbul,Pycnonotus jocosus,Indian Institute of Science Education and Research Tirupati,AB_159334,NA,"Munnar, Kerala",India,U,18.8,18.83,18.87,NA,NA,20.49,20.54,20.61,21.02,21.09,21.14,89,90,NA,NA,NA,NA,88,fuscicaudatus,NA,NA,NA,Robin_VV,Robin
NA,Pycnonotidae,Square-tailed Bulbul,Hypsipetes ganeesa,Indian Institute of Science Education and Research Tirupati,AB_159335,NA,"Munnar, Kerala",India,U,27.55,27.77,27.94,NA,NA,18.56,18.97,18.24,18.69,18.77,18.69,113,114,NA,NA,NA,NA,98,ganeesa,NA,NA,NA,Robin_VV,Robin
NA,Pycnonotidae,Square-tailed Bulbul,Hypsipetes ganeesa,Indian Institute of Science Education and Research Tirupati,AB_159336,NA,"Munnar, Kerala",India,U,25.22,25.24,25.44,NA,NA,18.22,18.53,18.17,18.29,18.04,18.04,109,111,NA,NA,NA,NA,92,ganeesa,NA,NA,NA,Robin_VV,Robin
NA,Pycnonotidae,Red-whiskered Bulbul,Pycnonotus jocosus,Indian Institute of Science Education and Research Tirupati,AB_159341,NA,"Munnar, Kerala",India,U,18.47,18.26,18.43,NA,NA,21.88,21.87,22.06,21.58,21.03,21.43,81,82,NA,NA,NA,NA,82,fuscicaudatus,NA,NA,NA,Robin_VV,Robin
NA,Pycnonotidae,Square-tailed Bulbul,Hypsipetes ganeesa,Indian Institute of Science Education and Research Tirupati,AB_159345,NA,"Munnar, Kerala",India,U,23.54,23.37,23.11,NA,NA,17.46,17.53,17.53,17.8,17.64,17.25,101,102,NA,NA,NA,NA,82,ganeesa,NA,NA,NA,Robin_VV,Robin
NA,Pycnonotidae,Square-tailed Bulbul,Hypsipetes ganeesa,Indian Institute of Science Education and Research Tirupati,AB_159813,NA,"Pandipath, Kerala",India,U,31.12,31.17,31.34,6.59,NA,17.38,17.43,17.17,18.13,17.97,18.16,123,122,NA,NA,NA,NA,102,ganeesa,NA,NA,NA,Robin_VV,Robin
NA,Pycnonotidae,Square-tailed Bulbul,Hypsipetes ganeesa,Indian Institute of Science Education and Research Tirupati,AB_159814,NA,"Pandipath, Kerala",India,U,31.05,29.46,31.3,6.63,NA,18.38,18.19,18.1,18.05,18.14,18.28,116,116,NA,NA,NA,NA,98,ganeesa,NA,NA,NA,Robin_VV,Robin
NA,Pycnonotidae,Square-tailed Bulbul,Hypsipetes ganeesa,Indian Institute of Science Education and Research Tirupati,AB_159815,NA,"Pandipath, Kerala",India,U,28,28.09,27.99,6.34,NA,19.63,19.99,19.57,19.45,19.82,19.76,123,122,NA,NA,NA,NA,102,ganeesa,NA,NA,NA,Robin_VV,Robin
NA,Pycnonotidae,Square-tailed Bulbul,Hypsipetes ganeesa,Indian Institute of Science Education and Research Tirupati,AB_159818,NA,"Pandipath, Kerala",India,U,27.45,27.19,27.6,5.36,NA,20.31,19.96,20.6,20.45,20.05,20.23,119,120,NA,NA,NA,NA,100,ganeesa,NA,NA,NA,Robin_VV,Robin
NA,Pycnonotidae,Square-tailed Bulbul,Hypsipetes ganeesa,Indian Institute of Science Education and Research Tirupati,AB_159819,NA,"Pandipath, Kerala",India,U,26.04,26.08,26.78,6.4,NA,17.49,17.65,17.42,17.98,17.91,17.81,98,99,NA,NA,NA,NA,89,ganeesa,NA,NA,NA,Robin_VV,Robin
NA,Pycnonotidae,Square-tailed Bulbul,Hypsipetes ganeesa,Indian Institute of Science Education and Research Tirupati,AB_159826,NA,"Pandipath, Kerala",India,U,30.78,30.28,30.53,6.53,NA,18.28,17.78,18.11,17.75,18.02,18.01,114,115,NA,NA,NA,NA,97,ganeesa,NA,NA,NA,Robin_VV,Robin
NA,Pycnonotidae,Square-tailed Bulbul,Hypsipetes ganeesa,Indian Institute of Science Education and Research Tirupati,AB_159828,NA,"Pandipath, Kerala",India,U,24.49,24.76,24.41,6.33,NA,17.14,17.12,17.24,17.4,17.04,17.41,112,113,NA,NA,NA,NA,98,ganeesa,NA,NA,NA,Robin_VV,Robin
NA,Pycnonotidae,Square-tailed Bulbul,Hypsipetes ganeesa,Indian Institute of Science Education and Research Tirupati,AB_159829,NA,"Pandipath, Kerala",India,U,27.14,27.05,27.12,6.99,NA,18.14,17.76,17.9,17.14,17.21,17.31,120,121,NA,NA,NA,NA,104,ganeesa,NA,NA,NA,Robin_VV,Robin
NA,Pycnonotidae,Square-tailed Bulbul,Hypsipetes ganeesa,Indian Institute of Science Education and Research Tirupati,AB_159830,NA,"Pandipath, Kerala",India,U,25.81,25.71,25.88,5.98,NA,19.38,19.19,19.16,20.88,20.44,20.75,115,116,NA,NA,NA,NA,99,ganeesa,NA,NA,NA,Robin_VV,Robin
NA,Pycnonotidae,Square-tailed Bulbul,Hypsipetes ganeesa,Indian Institute of Science Education and Research Tirupati,AB_159833,NA,"Pandipath, Kerala",India,U,26.68,26.78,26.72,5.1,NA,19.42,19.15,19.46,19.26,19.65,19.2,113,110,NA,NA,NA,NA,100,ganeesa,NA,NA,NA,Robin_VV,Robin
NA,Pycnonotidae,Square-tailed Bulbul,Hypsipetes ganeesa,Indian Institute of Science Education and Research Tirupati,AB_159836,NA,"Pandipath, Kerala",India,U,27.73,27.93,27.59,5.76,NA,18.02,18.16,18.68,18.1,18,18.33,113,116,NA,NA,NA,NA,98,ganeesa,NA,NA,NA,Robin_VV,Robin
NA,Pycnonotidae,Square-tailed Bulbul,Hypsipetes ganeesa,Indian Institute of Science Education and Research Tirupati,AB_159837,NA,"Pandipath, Kerala",India,U,28.22,27.68,28.29,7.15,NA,18.68,18.71,18.33,18.91,18.92,18.33,114,117,NA,NA,NA,NA,96,ganeesa,NA,NA,NA,Robin_VV,Robin
NA,Pycnonotidae,Square-tailed Bulbul,Hypsipetes ganeesa,Indian Institute of Science Education and Research Tirupati,AB_159840,NA,"Pandipath, Kerala",India,U,32.54,31.66,32.28,6.55,NA,18.8,18.93,18.86,17.74,17.2,17.95,119,120,NA,NA,NA,NA,100,ganeesa,NA,NA,NA,Robin_VV,Robin
NA,Pycnonotidae,Square-tailed Bulbul,Hypsipetes ganeesa,Indian Institute of Science Education and Research Tirupati,AB_159842,NA,"Pandipath, Kerala",India,U,25.99,25.99,25.9,6.71,NA,18,17.79,17.71,17.05,17.13,17.46,112,114,NA,NA,NA,NA,97,ganeesa,NA,NA,NA,Robin_VV,Robin
NA,Pycnonotidae,Square-tailed Bulbul,Hypsipetes ganeesa,Indian Institute of Science Education and Research Tirupati,AB_159843,NA,"Pandipath, Kerala",India,U,26.35,26.67,26.18,5.19,NA,20.58,20.28,20.43,20.44,20.04,20.17,110,110,NA,NA,NA,NA,94,ganeesa,NA,NA,NA,Robin_VV,Robin
NA,Pycnonotidae,Square-tailed Bulbul,Hypsipetes ganeesa,Indian Institute of Science Education and Research Tirupati,AB_159844,NA,"Pandipath, Kerala",India,U,32.14,31.34,32.05,6.8,NA,17.68,17.54,17.12,17.41,17.03,17.34,126,126,NA,NA,NA,NA,113,ganeesa,NA,NA,NA,Robin_VV,Robin
NA,Pycnonotidae,Red-whiskered Bulbul,Pycnonotus jocosus,Indian Institute of Science Education and Research Tirupati,AB_159847,NA,"Silent Valley, Kerala",India,U,18.37,18.96,18.75,4.98,NA,19.51,18.99,19.27,18.63,18.8,18.33,85,85,NA,NA,NA,NA,83,fuscicaudatus,NA,NA,NA,Robin_VV,Robin
NA,Pycnonotidae,Red-whiskered Bulbul,Pycnonotus jocosus,Indian Institute of Science Education and Research Tirupati,AB_159848,NA,"Silent Valley, Kerala",India,U,19.86,19.63,19.67,4.96,NA,19.77,20,20.14,19.79,20.11,19.8,87,87,NA,NA,NA,NA,87,fuscicaudatus,NA,NA,NA,Robin_VV,Robin
NA,Pycnonotidae,Red-whiskered Bulbul,Pycnonotus jocosus,Indian Institute of Science Education and Research Tirupati,AB_159850,NA,"Silent Valley, Kerala",India,U,18.4,18.9,18.85,5.08,NA,18.53,18.92,18.68,18.04,18.69,19.16,82,84,NA,NA,NA,NA,81,fuscicaudatus,NA,NA,NA,Robin_VV,Robin
NA,Pycnonotidae,Red-whiskered Bulbul,Pycnonotus jocosus,Indian Institute of Science Education and Research Tirupati,AB_159851,NA,"Silent Valley, Kerala",India,U,18.79,18.9,18.68,5.91,NA,18.99,18.27,18.28,18.18,18.52,18.1,79,82,NA,NA,NA,NA,80,fuscicaudatus,NA,NA,NA,Robin_VV,Robin
NA,Pycnonotidae,Yellow-browed Bulbul,Acritillas indica,Indian Institute of Science Education and Research Tirupati,AB_159856,NA,"Silent Valley, Kerala",India,U,23.56,23.12,23.7,6.01,NA,18.53,18.48,17.95,18.67,18.81,19.04,95,95,NA,NA,NA,NA,86,indica,NA,NA,NA,Robin_VV,Robin
NA,Pycnonotidae,Square-tailed Bulbul,Hypsipetes ganeesa,Indian Institute of Science Education and Research Tirupati,AB_159857,NA,"Silent Valley, Kerala",India,U,30.58,30.1,30.7,6.16,NA,16.94,16.52,16.67,16.1,16.03,16.31,121,120,NA,NA,NA,NA,104,ganeesa,NA,NA,NA,Robin_VV,Robin
NA,Pycnonotidae,Square-tailed Bulbul,Hypsipetes ganeesa,Indian Institute of Science Education and Research Tirupati,AB_159858,NA,"Silent Valley, Kerala",India,U,27.2,27.23,28.03,6.28,NA,15.99,16.23,16.46,16.29,16.46,16.95,118,122,NA,NA,NA,NA,100,ganeesa,NA,NA,NA,Robin_VV,Robin
NA,Pycnonotidae,Square-tailed Bulbul,Hypsipetes ganeesa,Indian Institute of Science Education and Research Tirupati,AB_159859,NA,"Silent Valley, Kerala",India,U,25.9,25.97,25.63,6.34,NA,17.22,17.46,17.47,17.61,17.51,17.44,111,112,NA,NA,NA,NA,97,ganeesa,NA,NA,NA,Robin_VV,Robin
NA,Pycnonotidae,Yellow-browed Bulbul,Acritillas indica,Indian Institute of Science Education and Research Tirupati,AB_159860,NA,"Silent Valley, Kerala",India,U,20.65,20.5,20.42,5.72,NA,18.02,17.78,17.78,17.89,17.77,17.81,88,89,NA,NA,NA,NA,78,indica,NA,primary molting,NA,Robin_VV,Robin
NA,Pycnonotidae,Yellow-browed Bulbul,Acritillas indica,Indian Institute of Science Education and Research Tirupati,AB_159861,NA,"Silent Valley, Kerala",India,U,21.5,21.88,21.68,4.34,NA,17.6,17.75,17.78,17.43,17.46,17.43,87,86,NA,NA,NA,NA,77,indica,NA,NA,NA,Robin_VV,Robin
NA,Pycnonotidae,Yellow-browed Bulbul,Acritillas indica,Indian Institute of Science Education and Research Tirupati,AB_159862,NA,"Silent Valley, Kerala",India,U,19.64,19.63,19.54,5.65,NA,17.41,17.05,17.64,17.03,17.21,17.48,89,90,NA,NA,NA,NA,80,indica,NA,NA,NA,Robin_VV,Robin
NA,Pycnonotidae,Yellow-browed Bulbul,Acritillas indica,Indian Institute of Science Education and Research Tirupati,AB_159863,NA,"Silent Valley, Kerala",India,U,20.3,20.58,19.9,5.43,NA,17.05,17.45,17.27,17.45,17.35,17.68,92,93,NA,NA,NA,NA,83,indica,NA,NA,NA,Robin_VV,Robin
NA,Pycnonotidae,Red-whiskered Bulbul,Pycnonotus jocosus,Indian Institute of Science Education and Research Tirupati,AB_159883,NA,"South Wayanad, Kerala",India,U,17.61,17.49,17.52,4.99,NA,20.44,20.33,20.71,19.8,19.94,19.72,80,81,NA,NA,NA,NA,79,fuscicaudatus,NA,NA,NA,Robin_VV,Robin
NA,Pycnonotidae,Red-whiskered Bulbul,Pycnonotus jocosus,Indian Institute of Science Education and Research Tirupati,AB_159884,NA,"South Wayanad, Kerala",India,U,19.29,19.24,19.33,5.14,NA,20.48,20.64,20.51,21.4,21.33,21.51,79,79,NA,NA,NA,NA,80,fuscicaudatus,NA,NA,NA,Robin_VV,Robin
NA,Pycnonotidae,Red-whiskered Bulbul,Pycnonotus jocosus,Indian Institute of Science Education and Research Tirupati,A_264201,NA,"Munnar, Kerala",India,U,18.96,18.97,18.23,NA,NA,20.22,20.23,20.29,20.59,20.53,20.51,84,85,NA,NA,NA,NA,81,fuscicaudatus,NA,NA,NA,Robin_VV,Robin
NA,Pycnonotidae,Red-whiskered Bulbul,Pycnonotus jocosus,Indian Institute of Science Education and Research Tirupati,A_264224,NA,"Peppara, Kerala",India,U,20.51,20.58,20.33,NA,NA,22.61,22.54,22.59,22.86,22.96,22.7,86,85,NA,NA,NA,NA,85,fuscicaudatus,NA,NA,NA,Robin_VV,Robin
NA,Pycnonotidae,Yellow-browed Bulbul,Acritillas indica,Indian Institute of Science Education and Research Tirupati,A_264244,NA,"Ambalapara, Kerala",India,U,25.01,24.56,24.78,5.17,NA,16.43,16.68,16.9,17.06,16.81,17.1,95,95,NA,NA,NA,NA,87,indica,NA,NA,NA,Robin_VV,Robin
NA,Pycnonotidae,Yellow-browed Bulbul,Acritillas indica,Indian Institute of Science Education and Research Tirupati,A_264256,NA,"Ambalapara, Kerala",India,U,20.87,20.82,20.63,4.69,NA,16.99,16.52,16.73,16.42,16.6,16.5,95,95,NA,NA,NA,NA,83,indica,NA,NA,NA,Robin_VV,Robin
NA,Pycnonotidae,Yellow-browed Bulbul,Acritillas indica,Indian Institute of Science Education and Research Tirupati,A_264257,NA,"Ambalapara, Kerala",India,U,20.12,20.28,20.29,4.87,NA,17.01,17.23,17.08,17.31,17.27,17.08,87,89,NA,NA,NA,NA,79,indica,NA,NA,NA,Robin_VV,Robin
NA,Pycnonotidae,Red-whiskered Bulbul,Pycnonotus jocosus,Indian Institute of Science Education and Research Tirupati,A_264263,NA,"Ambalapara, Kerala",India,U,18.82,18.87,18.97,5.39,NA,19.02,18.71,19.04,18.97,19.25,18.46,87,86,NA,NA,NA,NA,85,fuscicaudatus,NA,NA,NA,Robin_VV,Robin
NA,Pycnonotidae,Red-whiskered Bulbul,Pycnonotus jocosus,Indian Institute of Science Education and Research Tirupati,A_264283,NA,"Munnar, Kerala",India,U,18.74,18.14,18.73,4.36,NA,21.02,21.52,21.29,21.62,21.23,21.51,87,89,NA,NA,NA,NA,86,fuscicaudatus,NA,NA,NA,Robin_VV,Robin
NA,Pycnonotidae,Yellow-browed Bulbul,Acritillas indica,Indian Institute of Science Education and Research Tirupati,A_264289,NA,"Pandipath, Kerala",India,U,19.5,19.45,20.05,4.73,NA,17.5,17.98,17.64,17.88,17.85,17.5,85,87,NA,NA,NA,NA,76,indica,NA,NA,NA,Robin_VV,Robin
NA,Pycnonotidae,Yellow-browed Bulbul,Acritillas indica,Indian Institute of Science Education and Research Tirupati,A_264290,NA,"Pandipath, Kerala",India,U,21.61,21.46,21.73,4.91,NA,17.37,17.65,17.3,17.37,17.37,17.68,87,90,NA,NA,NA,NA,74,indica,NA,NA,NA,Robin_VV,Robin
NA,Pycnonotidae,Yellow-browed Bulbul,Acritillas indica,Indian Institute of Science Education and Research Tirupati,A_264295,NA,"Pandipath, Kerala",India,U,18.91,18.97,19,5.49,NA,17.45,17.8,17.67,17.12,17.51,17.4,92,90,NA,NA,NA,NA,80,indica,NA,NA,NA,Robin_VV,Robin
NA,Pycnonotidae,Yellow-browed Bulbul,Acritillas indica,Indian Institute of Science Education and Research Tirupati,A_264296,NA,"Pandipath, Kerala",India,U,20.33,20.59,20.37,5.21,NA,17.86,17.71,17.72,17.89,17.21,17.7,92,93,NA,NA,NA,NA,80,indica,NA,NA,NA,Robin_VV,Robin
NA,Pycnonotidae,Red-whiskered Bulbul,Pycnonotus jocosus,Indian Institute of Science Education and Research Tirupati,A_264301,NA,"Peppara, Kerala",India,U,19.08,19.11,19.02,4.81,NA,21.28,21.03,21.26,20.93,20.9,21.01,84,85,NA,NA,NA,NA,83,fuscicaudatus,NA,NA,NA,Robin_VV,Robin
NA,Pycnonotidae,Yellow-browed Bulbul,Acritillas indica,Indian Institute of Science Education and Research Tirupati,A_264302,NA,"Peppara, Kerala",India,U,19.85,19.81,19.87,4.11,NA,19.5,19.2,19.31,19.53,19.47,19.77,88,89,NA,NA,NA,NA,80,indica,NA,NA,NA,Robin_VV,Robin
NA,Pycnonotidae,Yellow-browed Bulbul,Acritillas indica,Indian Institute of Science Education and Research Tirupati,A_264321,NA,"Peppara, Kerala",India,U,20.21,20.24,20.32,5.04,NA,18.86,18.89,18.8,14,19.13,19.14,94,95,NA,NA,NA,NA,81,indica,NA,NA,NA,Robin_VV,Robin
NA,Pycnonotidae,Yellow-browed Bulbul,Acritillas indica,Indian Institute of Science Education and Research Tirupati,A_264322,NA,"Peppara, Kerala",India,U,19.63,19.94,19.96,5.11,NA,17.97,18.02,18.01,18.28,18.35,NA,85,85,NA,NA,NA,NA,76,indica,NA,NA,NA,Robin_VV,Robin
NA,Pycnonotidae,Red-whiskered Bulbul,Pycnonotus jocosus,Indian Institute of Science Education and Research Tirupati,A_264596,NA,"Ambalapara, Kerala",India,U,18.42,18.43,18.45,NA,NA,21.47,21.53,21.62,22.11,22.13,22.18,80,80,NA,NA,NA,NA,79,fuscicaudatus,NA,NA,NA,Robin_VV,Robin
NA,Pycnonotidae,Red-whiskered Bulbul,Pycnonotus jocosus,Indian Institute of Science Education and Research Tirupati,A_264609,NA,"Munnar, Kerala",India,U,18.36,18.55,18.8,NA,NA,20.27,20.49,20.4,20.48,20.53,20.02,NA,82,NA,NA,NA,NA,NA,fuscicaudatus,NA,NA,NA,Robin_VV,Robin
NA,Pycnonotidae,Red-whiskered Bulbul,Pycnonotus jocosus,Indian Institute of Science Education and Research Tirupati,A_264618,NA,"Munnar, Kerala",India,U,20.43,20.54,20.8,NA,NA,21.16,21.35,21.54,21.78,21.72,21.49,91,90,NA,NA,NA,NA,90,fuscicaudatus,NA,NA,NA,Robin_VV,Robin
NA,Pycnonotidae,Red-whiskered Bulbul,Pycnonotus jocosus,Indian Institute of Science Education and Research Tirupati,A_264619,NA,"Munnar, Kerala",India,U,18.48,18.46,18.35,NA,NA,21.03,21.01,21.35,21.46,21.33,21.38,90,90,NA,NA,NA,NA,91,fuscicaudatus,NA,NA,NA,Robin_VV,Robin
NA,Pycnonotidae,Yellow-browed Bulbul,Acritillas indica,Indian Institute of Science Education and Research Tirupati,A_264634,NA,"Silent Valley, Kerala",India,U,23.13,23.56,23.42,5.62,NA,18.65,18.79,18.45,18.75,18.4,18.91,97,97,NA,NA,NA,NA,85,indica,NA,NA,NA,Robin_VV,Robin
NA,Pycnonotidae,Red-whiskered Bulbul,Pycnonotus jocosus,Indian Institute of Science Education and Research Tirupati,A_264657,NA,"Silent Valley, Kerala",India,U,19.22,19.23,19.26,5.38,NA,20.3,20.61,20.51,20.69,20.58,20.55,86,86,NA,NA,NA,NA,86,fuscicaudatus,NA,NA,NA,Robin_VV,Robin
NA,Pycnonotidae,Grey-headed Bulbul,Microtarsus priocephalus,Indian Institute of Science Education and Research Tirupati,A_264703,NA,"Silent Valley, Kerala",India,U,15.4,15.77,15.41,4.21,NA,15.03,15.39,15.43,15.15,15.11,15.99,80,80,NA,NA,NA,NA,79,NA,NA,NA,NA,Robin_VV,Robin
NA,Pycnonotidae,Grey-headed Bulbul,Microtarsus priocephalus,Indian Institute of Science Education and Research Tirupati,A_264706,NA,"Silent Valley, Kerala",India,U,16.04,15.49,15.46,4.06,NA,14.32,14.47,14.15,14.87,14.78,14.74,75,75,NA,NA,NA,NA,74,NA,NA,NA,NA,Robin_VV,Robin
NA,Pycnonotidae,Red-vented Bulbul,Pycnonotus cafer,Indian Institute of Science Education and Research Tirupati,ab_2222,NA,"Hoshangabad, Madhya Pradesh",India,U,16,15.9,15.9,6.7,5,22.2,22.9,22.8,22.4,22.7,22.4,92,94,77,64,NA,NA,109,humayuni,34.44,NA,u,Vishwa,Vishwa
NA,Pycnonotidae,Red-vented Bulbul,Pycnonotus cafer,Indian Institute of Science Education and Research Tirupati,a_7553,NA,"Hoshangabad, Madhya Pradesh",India,U,15.8,15.8,15.7,4.9,5.6,22.2,22.2,22.2,22.4,22.1,22.1,93,95,74,60,NA,NA,99,humayuni,26.9,NA,a,Vishwa,Vishwa
NA,Pycnonotidae,Red-vented Bulbul,Pycnonotus cafer,Indian Institute of Science Education and Research Tirupati,ab_4763,NA,"Hoshangabad, Madhya Pradesh",India,U,15.9,16,15.9,6.5,5.4,22,22.1,22,22.4,22.3,22.2,94,92,73,66,NA,NA,87,humayuni,32.33,NA,a,Vishwa,Vishwa
NA,Pycnonotidae,Red-vented Bulbul,Pycnonotus cafer,Indian Institute of Science Education and Research Tirupati,a_4769,NA,"Hoshangabad, Madhya Pradesh",India,U,14.5,14.5,14.5,5.6,4.8,21.4,21.4,21.4,21.6,21.6,21.6,86,86,70,61,NA,NA,95,humayuni,31,NA,a,Vishwa,Vishwa