AviList.v1.2025,ESI,HB,DB
Andropadus importunus,1,5,2
Stelgidillas gracilirostris,0.677780705,7,3
Calyptocichla serinus,1.045757491,3,3
Neolestes torquatus,1,5,2
Bleda syndactylus,0.920818754,4,3
Bleda eximius,1.22184875,3,2
Bleda canicapillus,0.677780705,7,3
Bleda notatus,1.22184875,2,3
Bleda ugandae,1.522878745,1,3
Atimastillas flavicollis,0.920818754,6,2
Atimastillas flavigula,1,5,2
Ixonotus guttatus,1,5,2
Thescelocichla leucopleura,0.920818754,6,2
Chlorocichla laetissima,1.397940009,2,2
Chlorocichla prigoginei,1.22184875,3,2
Chlorocichla falkensteini,1.22184875,3,2
Chlorocichla flaviventris,0.795880017,4,4
Chlorocichla simplex,0.744727495,6,3
Baeopogon indicator,1.096910013,4,2
Baeopogon clamans,1.22184875,3,2
Arizelocichla montana,1.22184875,2,3
Arizelocichla tephrolaema,1.397940009,2,2
Arizelocichla masukuensis,1.22184875,3,2
Arizelocichla neumanni,1.698970004,1,2
Arizelocichla fusciceps,1.22184875,3,2
Arizelocichla chlorigula,1.698970004,1,2
Arizelocichla kikuyuensis,0.920818754,4,3
Arizelocichla nigriceps,0.920818754,4,3
Arizelocichla striifacies,1.22184875,3,2
Arizelocichla milanjensis,1.096910013,4,2
Criniger barbatus,1.045757491,3,3
Criniger chloronotus,1.698970004,1,2
Criniger calurus,0.920818754,3,4
Criniger ndussumensis,1.698970004,1,2
Criniger olivaceus,1.698970004,1,2
Eurillas virens,0.853871964,7,2
Eurillas latirostris,0.823908741,5,3
Eurillas curvirostris,1.045757491,3,3
Eurillas gracilis,0.744727495,6,3
Eurillas ansorgei,0.920818754,4,3
Phyllastrephus debilis,1.522878745,3,1
Phyllastrephus albigula,2,1,1
Phyllastrephus albigularis,1.397940009,2,2
Phyllastrephus viridiceps,1.698970004,2,1
Phyllastrephus xavieri,1.045757491,3,3
Phyllastrephus icterinus,1.045757491,3,3
Phyllastrephus terrestris,0.795880017,4,4
Phyllastrephus poensis,1.397940009,2,2
Phyllastrephus strepitans,1.096910013,4,2
Phyllastrephus cerviniventris,1.096910013,4,2
Phyllastrephus fischeri,1.698970004,2,1
Phyllastrephus cabanisi,1.22184875,3,2
Phyllastrephus scandens,0.744727495,6,3
Phyllastrephus lorenzi,2,1,1
Phyllastrephus flavostriatus,1.096910013,4,2
Phyllastrephus poliocephalus,2,1,1
Phyllastrephus hypochloris,1.096910013,4,2
Phyllastrephus baumanni,1.22184875,3,2
Phyllastrephus fulviventris,1.301029996,5,1
Tricholestes criniger,1.698970004,1,2
Setornis criniger,1.397940009,2,2
Alophoixus phaeocephalus,1.698970004,1,2
Alophoixus frater,1.698970004,1,2
Alophoixus tephrogenys,1.22184875,3,2
Alophoixus ruficrissus,2,1,1
Alophoixus bres,1.397940009,2,2
Alophoixus flaveolus,1.397940009,2,2
Alophoixus ochraceus,1.698970004,1,2
Alophoixus pallidus,1.522878745,1,3
Alcurus striatus,1.22184875,3,2
Iole finschii,1.698970004,1,2
Iole palawanensis,1.397940009,2,2
Iole viridescens,1.522878745,1,3
Iole crypta,1.397940009,2,2
Iole charlottae,1.698970004,1,2
Iole cacharensis,1.698970004,1,2
Iole propinqua,1.22184875,2,3
Hemixos flavala,1.397940009,1,4
Hemixos cinereus,0.920818754,4,3
Hemixos castanonotus,1.397940009,2,2
Acritillas indica,0.920818754,3,4
Ixos leucogrammicus,1.397940009,2,2
Ixos sumatranus,1.698970004,1,2
Ixos virescens,1.698970004,1,2
Ixos malaccensis,1.698970004,1,2
Ixos mcclellandii,1.22184875,3,2
Hypsipetes nicobariensis,1.096910013,4,2
Hypsipetes philippinus,1.22184875,3,2
Hypsipetes mindorensis,1.397940009,2,2
Hypsipetes siquijorensis,1.397940009,2,2
Hypsipetes affinis,1.22184875,3,2
Hypsipetes platenae,1.397940009,2,2
Hypsipetes aureus,1.397940009,2,2
Hypsipetes harterti,1.22184875,3,2
Hypsipetes longirostris,1.698970004,1,2
Hypsipetes chloris,1.22184875,3,2
Hypsipetes lucasi,1.22184875,3,2
Hypsipetes mysticalis,1.397940009,2,2
Hypsipetes guimarasensis,1.397940009,2,2
Hypsipetes everetti,1.397940009,2,2
Hypsipetes catarmanensis,1.698970004,1,2
Hypsipetes rufigularis,1.698970004,1,2
Hypsipetes amaurotis,1.096910013,2,4
Hypsipetes borbonicus,1.397940009,1,4
Hypsipetes madagascariensis,0.920818754,3,4
Hypsipetes olivaceus,1.301029996,1,5
Hypsipetes thompsoni,1.522878745,3,1
Hypsipetes leucocephalus,1.096910013,2,4
Hypsipetes ganeesa,1.096910013,2,4
Hypsipetes parvirostris,1.698970004,1,2
Hypsipetes moheliensis,1.698970004,1,2
Hypsipetes crassirostris,1,2,5
Microtarsus eutilotus,1.698970004,1,2
Microtarsus melanoleucos,1.397940009,2,2
Microtarsus urostictus,1.22184875,3,2
Microtarsus priocephalus,1.22184875,3,2
Microtarsus melanocephalos,1.22184875,3,2
Microtarsus fuscoflavescens,1.397940009,1,4
Microtarsus nieuwenhuisii,1.22184875,3,2
Rubigula erythropthalmos,1.22184875,2,3
Rubigula cyaniventris,1.698970004,1,2
Rubigula squamata,1.698970004,1,2
Rubigula flaviventris,1.096910013,4,2
Rubigula gularis,0.920818754,4,3
Rubigula melanictera,0.823908741,5,3
Rubigula dispar,1.096910013,4,2
Rubigula montis,1.397940009,2,2
Nok hualon,1.397940009,2,2
Spizixos canifrons,1.045757491,3,3
Spizixos semitorques,1.698970004,1,2
Pycnonotus simplex,1.397940009,2,2
Pycnonotus plumosus,0.920818754,6,2
Pycnonotus brunneus,1.22184875,2,3
Pycnonotus zeylanicus,0.698970004,5,4
Pycnonotus tympanistrigus,1.698970004,1,2
Pycnonotus pseudosimplex,1.698970004,1,2
Pycnonotus cinereifrons,1.397940009,2,2
Pycnonotus luteolus,1.096910013,4,2
Pycnonotus blanfordi,1.045757491,3,3
Pycnonotus conradi,0.744727495,3,6
Pycnonotus davisoni,1.045757491,3,3
Pycnonotus finlaysoni,1.045757491,3,3
Pycnonotus flavescens,0.920818754,4,3
Pycnonotus snouckaerti,1.22184875,3,2
Pycnonotus bimaculatus,1.522878745,3,1
Pycnonotus leucops,1.698970004,2,1
Pycnonotus xantholaemus,1.397940009,2,2
Pycnonotus penicillatus,1.397940009,4,1
Pycnonotus xanthorrhous,1.22184875,2,3
Pycnonotus sinensis,1.045757491,3,3
Pycnonotus taivanus,1.045757491,3,3
Pycnonotus jocosus,0.823908741,3,5
Pycnonotus goiavier,0.602059991,5,5
Pycnonotus cafer,0.823908741,3,5
Pycnonotus aurigaster,0.698970004,4,5
Pycnonotus leucotis,0.522878745,6,5
Pycnonotus leucogenys,0.522878745,5,6
Pycnonotus xanthopygos,1.045757491,3,3
Pycnonotus nigricans,0.823908741,5,3
Pycnonotus barbatus,0.318758763,8,6
Pycnonotus capensis,0.795880017,4,4