"Occurrences","Scientific_Name","Kingdom","Phylum","Class","Order","Family","Genus","Species"
580,"Pycnonotus goiavier","Animalia","Chordata","Aves","Passeriformes","Pycnonotidae","Pycnonotus","Pycnonotus goiavier"
578,"Pycnonotus aurigaster","Animalia","Chordata","Aves","Passeriformes","Pycnonotidae","Pycnonotus","Pycnonotus aurigaster"
310,"Pycnonotus bimaculatus","Animalia","Chordata","Aves","Passeriformes","Pycnonotidae","Pycnonotus","Pycnonotus bimaculatus"
270,"Pycnonotus atriceps","Animalia","Chordata","Aves","Passeriformes","Pycnonotidae","Pycnonotus","Pycnonotus atriceps"
174,"Pycnonotus barbatus","Animalia","Chordata","Aves","Passeriformes","Pycnonotidae","Pycnonotus","Pycnonotus barbatus"
168,"Pycnonotus melanicterus","Animalia","Chordata","Aves","Passeriformes","Pycnonotidae","Pycnonotus","Pycnonotus melanicterus"
156,"Ixos virescens","Animalia","Chordata","Aves","Passeriformes","Pycnonotidae","Ixos","Ixos virescens"
154,"Pycnonotus plumosus","Animalia","Chordata","Aves","Passeriformes","Pycnonotidae","Pycnonotus","Pycnonotus plumosus"
149,"Pycnonotus simplex","Animalia","Chordata","Aves","Passeriformes","Pycnonotidae","Pycnonotus","Pycnonotus simplex"
143,"Pycnonotus zeylanicus","Animalia","Chordata","Aves","Passeriformes","Pycnonotidae","Pycnonotus","Pycnonotus zeylanicus"
117,"Pycnonotus sinensis","Animalia","Chordata","Aves","Passeriformes","Pycnonotidae","Pycnonotus","Pycnonotus sinensis"
109,"Thapsinillas affinis","Animalia","Chordata","Aves","Passeriformes","Pycnonotidae","Thapsinillas","Thapsinillas affinis"
108,"Hypsipetes madagascariensis","Animalia","Chordata","Aves","Passeriformes","Pycnonotidae","Hypsipetes","Hypsipetes madagascariensis"
69,"Pycnonotus brunneus","Animalia","Chordata","Aves","Passeriformes","Pycnonotidae","Pycnonotus","Pycnonotus brunneus"
66,"Pycnonotus erythropthalmos","Animalia","Chordata","Aves","Passeriformes","Pycnonotidae","Pycnonotus","Pycnonotus erythropthalmos"
61,"Spizixos semitorques","Animalia","Chordata","Aves","Passeriformes","Pycnonotidae","Spizixos","Spizixos semitorques"
53,"Pycnonotus cafer","Animalia","Chordata","Aves","Passeriformes","Pycnonotidae","Pycnonotus","Pycnonotus cafer"
50,"Hypsipetes amaurotis","Animalia","Chordata","Aves","Passeriformes","Pycnonotidae","Hypsipetes","Hypsipetes amaurotis"
42,"Pycnonotus eutilotus","Animalia","Chordata","Aves","Passeriformes","Pycnonotidae","Pycnonotus","Pycnonotus eutilotus"
39,"Phyllastrephus fischeri","Animalia","Chordata","Aves","Passeriformes","Pycnonotidae","Phyllastrephus","Phyllastrephus fischeri"
33,"Pycnonotus squamatus","Animalia","Chordata","Aves","Passeriformes","Pycnonotidae","Pycnonotus","Pycnonotus squamatus"
30,"Hypsipetes leucocephalus","Animalia","Chordata","Aves","Passeriformes","Pycnonotidae","Hypsipetes","Hypsipetes leucocephalus"
29,"Pycnonotus luteolus","Animalia","Chordata","Aves","Passeriformes","Pycnonotidae","Pycnonotus","Pycnonotus luteolus"
27,"Pycnonotus cyaniventris","Animalia","Chordata","Aves","Passeriformes","Pycnonotidae","Pycnonotus","Pycnonotus cyaniventris"
24,"Pycnonotus melanoleucos","Animalia","Chordata","Aves","Passeriformes","Pycnonotidae","Pycnonotus","Pycnonotus melanoleucos"
22,"Pycnonotus jocosus","Animalia","Chordata","Aves","Passeriformes","Pycnonotidae","Pycnonotus","Pycnonotus jocosus"
22,"Chlorocichla flaviventris","Animalia","Chordata","Aves","Passeriformes","Pycnonotidae","Chlorocichla","Chlorocichla flaviventris"
21,"Iole olivacea","Animalia","Chordata","Aves","Passeriformes","Pycnonotidae","Iole","Iole olivacea"
19,"Pycnonotus leucogrammicus","Animalia","Chordata","Aves","Passeriformes","Pycnonotidae","Pycnonotus","Pycnonotus leucogrammicus"
19,"Hypsipetes philippinus","Animalia","Chordata","Aves","Passeriformes","Pycnonotidae","Hypsipetes","Hypsipetes philippinus"
18,"Tricholestes criniger","Animalia","Chordata","Aves","Passeriformes","Pycnonotidae","Tricholestes","Tricholestes criniger"
18,"Bleda syndactylus","Animalia","Chordata","Aves","Passeriformes","Pycnonotidae","Bleda","Bleda syndactylus"
17,"Pycnonotus leucogenys","Animalia","Chordata","Aves","Passeriformes","Pycnonotidae","Pycnonotus","Pycnonotus leucogenys"
17,"Thescelocichla leucopleura","Animalia","Chordata","Aves","Passeriformes","Pycnonotidae","Thescelocichla","Thescelocichla leucopleura"
16,"Pycnonotus xanthopygos","Animalia","Chordata","Aves","Passeriformes","Pycnonotidae","Pycnonotus","Pycnonotus xanthopygos"
15,"Ixos malaccensis","Animalia","Chordata","Aves","Passeriformes","Pycnonotidae","Ixos","Ixos malaccensis"
14,"Bleda eximius","Animalia","Chordata","Aves","Passeriformes","Pycnonotidae","Bleda","Bleda eximius"
13,"Chlorocichla simplex","Animalia","Chordata","Aves","Passeriformes","Pycnonotidae","Chlorocichla","Chlorocichla simplex"
13,"Malia grata","Animalia","Chordata","Aves","Passeriformes","Pycnonotidae","Malia","Malia grata"
12,"Phyllastrephus flavostriatus","Animalia","Chordata","Aves","Passeriformes","Pycnonotidae","Phyllastrephus","Phyllastrephus flavostriatus"
12,"Pycnonotus capensis","Animalia","Chordata","Aves","Passeriformes","Pycnonotidae","Pycnonotus","Pycnonotus capensis"
11,"Phyllastrephus strepitans","Animalia","Chordata","Aves","Passeriformes","Pycnonotidae","Phyllastrephus","Phyllastrephus strepitans"
11,"Phyllastrephus terrestris","Animalia","Chordata","Aves","Passeriformes","Pycnonotidae","Phyllastrephus","Phyllastrephus terrestris"
11,"Pycnonotus tympanistrigus","Animalia","Chordata","Aves","Passeriformes","Pycnonotidae","Pycnonotus","Pycnonotus tympanistrigus"
11,"Setornis criniger","Animalia","Chordata","Aves","Passeriformes","Pycnonotidae","Setornis","Setornis criniger"
10,"Bleda canicapillus","Animalia","Chordata","Aves","Passeriformes","Pycnonotidae","Bleda","Bleda canicapillus"
9,"Ixonotus guttatus","Animalia","Chordata","Aves","Passeriformes","Pycnonotidae","Ixonotus","Ixonotus guttatus"
9,"Pycnonotus finlaysoni","Animalia","Chordata","Aves","Passeriformes","Pycnonotidae","Pycnonotus","Pycnonotus finlaysoni"
9,"Pycnonotus nigricans","Animalia","Chordata","Aves","Passeriformes","Pycnonotidae","Pycnonotus","Pycnonotus nigricans"
8,"Chlorocichla falkensteini","Animalia","Chordata","Aves","Passeriformes","Pycnonotidae","Chlorocichla","Chlorocichla falkensteini"
8,"Criniger barbatus","Animalia","Chordata","Aves","Passeriformes","Pycnonotidae","Criniger","Criniger barbatus"
8,"Ixos mcclellandii","Animalia","Chordata","Aves","Passeriformes","Pycnonotidae","Ixos","Ixos mcclellandii"
7,"Phyllastrephus hypochloris","Animalia","Chordata","Aves","Passeriformes","Pycnonotidae","Phyllastrephus","Phyllastrephus hypochloris"
7,"Pycnonotus striatus","Animalia","Chordata","Aves","Passeriformes","Pycnonotidae","Pycnonotus","Pycnonotus striatus"
6,"Pycnonotus urostictus","Animalia","Chordata","Aves","Passeriformes","Pycnonotidae","Pycnonotus","Pycnonotus urostictus"
6,"Criniger calurus","Animalia","Chordata","Aves","Passeriformes","Pycnonotidae","Criniger","Criniger calurus"
6,"Hypsipetes everetti","Animalia","Chordata","Aves","Passeriformes","Pycnonotidae","Hypsipetes","Hypsipetes everetti"
5,"Hypsipetes olivaceus","Animalia","Chordata","Aves","Passeriformes","Pycnonotidae","Hypsipetes","Hypsipetes olivaceus"
4,"Phyllastrephus icterinus","Animalia","Chordata","Aves","Passeriformes","Pycnonotidae","Phyllastrephus","Phyllastrephus icterinus"
4,"Hemixos flavala","Animalia","Chordata","Aves","Passeriformes","Pycnonotidae","Hemixos","Hemixos flavala"
4,"Baeopogon indicator","Animalia","Chordata","Aves","Passeriformes","Pycnonotidae","Baeopogon","Baeopogon indicator"
4,"Hypsipetes borbonicus","Animalia","Chordata","Aves","Passeriformes","Pycnonotidae","Hypsipetes","Hypsipetes borbonicus"
4,"Calyptocichla serinus","Animalia","Chordata","Aves","Passeriformes","Pycnonotidae","Calyptocichla","Calyptocichla serinus"
4,"Thapsinillas longirostris","Animalia","Chordata","Aves","Passeriformes","Pycnonotidae","Thapsinillas","Thapsinillas longirostris"
4,"Acritillas indica","Animalia","Chordata","Aves","Passeriformes","Pycnonotidae","Acritillas","Acritillas indica"
4,"Eurillas virens","Animalia","Chordata","Aves","Passeriformes","Pycnonotidae","Eurillas","Eurillas virens"
4,"Hypsipetes ganeesa","Animalia","Chordata","Aves","Passeriformes","Pycnonotidae","Hypsipetes","Hypsipetes ganeesa"
3,"Phyllastrephus albigularis","Animalia","Chordata","Aves","Passeriformes","Pycnonotidae","Phyllastrephus","Phyllastrephus albigularis"
3,"Pycnonotus flavescens","Animalia","Chordata","Aves","Passeriformes","Pycnonotidae","Pycnonotus","Pycnonotus flavescens"
3,"Pycnonotus penicillatus","Animalia","Chordata","Aves","Passeriformes","Pycnonotidae","Pycnonotus","Pycnonotus penicillatus"
3,"Andropadus importunus","Animalia","Chordata","Aves","Passeriformes","Pycnonotidae","Andropadus","Andropadus importunus"
3,"Neolestes torquatus","Animalia","Chordata","Aves","Passeriformes","Pycnonotidae","Neolestes","Neolestes torquatus"
3,"Ixos nicobariensis","Animalia","Chordata","Aves","Passeriformes","Pycnonotidae","Ixos","Ixos nicobariensis"
2,"Pycnonotus nieuwenhuisii","Animalia","Chordata","Aves","Passeriformes","Pycnonotidae","Pycnonotus","Pycnonotus nieuwenhuisii"
2,"Pycnonotus leucotis","Animalia","Chordata","Aves","Passeriformes","Pycnonotidae","Pycnonotus","Pycnonotus leucotis"
2,"Spizixos canifrons","Animalia","Chordata","Aves","Passeriformes","Pycnonotidae","Spizixos","Spizixos canifrons"
2,"Eurillas latirostris","Animalia","Chordata","Aves","Passeriformes","Pycnonotidae","Eurillas","Eurillas latirostris"
2,"Eurillas curvirostris","Animalia","Chordata","Aves","Passeriformes","Pycnonotidae","Eurillas","Eurillas curvirostris"
2,"Atimastillas flavicollis","Animalia","Chordata","Aves","Passeriformes","Pycnonotidae","Atimastillas","Atimastillas flavicollis"
2,"Stelgidillas gracilirostris","Animalia","Chordata","Aves","Passeriformes","Pycnonotidae","Stelgidillas","Stelgidillas gracilirostris"
1,"Phyllastrephus scandens","Animalia","Chordata","Aves","Passeriformes","Pycnonotidae","Phyllastrephus","Phyllastrephus scandens"
1,"Phyllastrephus fulviventris","Animalia","Chordata","Aves","Passeriformes","Pycnonotidae","Phyllastrephus","Phyllastrephus fulviventris"
1,"Pycnonotus blanfordi","Animalia","Chordata","Aves","Passeriformes","Pycnonotidae","Pycnonotus","Pycnonotus blanfordi"
1,"Pycnonotus xantholaemus","Animalia","Chordata","Aves","Passeriformes","Pycnonotidae","Pycnonotus","Pycnonotus xantholaemus"
1,"Pycnonotus xanthorrhous","Animalia","Chordata","Aves","Passeriformes","Pycnonotidae","Pycnonotus","Pycnonotus xanthorrhous"
1,"Pycnonotus priocephalus","Animalia","Chordata","Aves","Passeriformes","Pycnonotidae","Pycnonotus","Pycnonotus priocephalus"
1,"Chlorocichla laetissima","Animalia","Chordata","Aves","Passeriformes","Pycnonotidae","Chlorocichla","Chlorocichla laetissima"
1,"Alophoixus phaeocephalus","Animalia","Chordata","Aves","Passeriformes","Pycnonotidae","Alophoixus","Alophoixus phaeocephalus"
1,"Iole propinqua","Animalia","Chordata","Aves","Passeriformes","Pycnonotidae","Iole","Iole propinqua"
1,"Hypsipetes parvirostris","Animalia","Chordata","Aves","Passeriformes","Pycnonotidae","Hypsipetes","Hypsipetes parvirostris"
1,"Pycnonotus dispar","Animalia","Chordata","Aves","Passeriformes","Pycnonotidae","Pycnonotus","Pycnonotus dispar"
1,"Arizelocichla nigriceps","Animalia","Chordata","Aves","Passeriformes","Pycnonotidae","Arizelocichla","Arizelocichla nigriceps"
1,"Hypsipetes siquijorensis","Animalia","Chordata","Aves","Passeriformes","Pycnonotidae","Hypsipetes","Hypsipetes siquijorensis"
