,Var1,Freq
1,Acritillas icterica,9
2,Alophoixus phaeacephalus,1
3,Alophoixus phaeocephalus,2
4,Andropadus,3
5,Andropadus accentor,4
6,Andropadus ansorgei,20
7,Andropadus ansorgei kavirondensis,3
8,Andropadus ansorgei muniensis,1
9,Andropadus ansorgii,1
10,Andropadus castaneus,68
11,Andropadus curivirostris,20
12,Andropadus curvirostris,169
13,Andropadus curvirostris curvirostris,14
14,Andropadus curvivostris,1
15,Andropadus disturbans,8
16,Andropadus g. gracilirostris,3
17,Andropadus gracilias,1
18,Andropadus gracilirostris,112
19,Andropadus gracilirostris chagwensis,20
20,Andropadus gracilirostris congensis,17
21,Andropadus gracilirostris gracilirostris,11
22,Andropadus gracilirostris percevali,8
23,Andropadus gracilirostris percivali,31
24,Andropadus gracilis,17
25,Andropadus gracilis extreimus,1
26,Andropadus gracilis extremus,9
27,Andropadus gracilis gracilis,11
28,Andropadus gracilis ugandae,29
29,Andropadus i. insularis,2
30,Andropadus importunus,13
31,Andropadus importunus insularis,4
32,Andropadus insularis,3
33,Andropadus insularis sabalaris,38
34,Andropadus insularis subalaris,1
35,Andropadus insularis subaleris,9
36,Andropadus kavirondensis,29
37,Andropadus latirostris,58
38,Andropadus latirostris congener,23
39,Andropadus latirostris eugenia,5
40,Andropadus latirostris eugenius,176
41,Andropadus latirostris latirostris,17
42,Andropadus latirostris saturata,1
43,Andropadus latirostris saturate,2
44,Andropadus latirostris saturatus,8
45,Andropadus latrirostris latrirostris,2
46,Andropadus masukuensis kakamegae,1
47,Andropadus masukuensis roehli,10
48,Andropadus milanjensis,2
49,Andropadus milanjensis striifacies,3
50,Andropadus nigriceps,1
51,Andropadus rochli,1
52,Andropadus roehli,5
53,Andropadus tephrolaemus,3
54,Andropadus tephrolaemus chlorigula,1
55,Andropadus tephrolaemus kikuyuensis,7
56,Andropadus tephrolaemus usambarae,2
57,Andropadus v. virens,5
58,Andropadus virens,58
59,Andropadus virens erythropterus,14
60,Andropadus virens grisescens,16
61,Andropadus virens holochlorus,6
62,Andropadus virens marwitzi,7
63,Andropadus virens virens,163
64,Andropadus virens zombensis,7
65,Andropadus vireus vireus,1
66,Andropadus viridis,2
67,Arizelocichla kikuyuensis,2
68,Arizelocichla masukuensis masukuensis,14
69,Arizelocichla milanjensis fusciceps,1
70,Arizelocichla nigriceps fusciceps,21
71,Arizelocichla strifacies fusciceps,1
72,Arizelocichla tephrolaema bamendae,5
73,Arizelocichla tephrolaema tephrolaema,1
74,Baeopogon clamans,10
75,Baeopogon indicator,17
76,Baeopogon indicator chlorosathratus,1
77,Baeopogon indicator chlorosaturatus,2
78,Baeopogon indicator chlorsaturata,11
79,Baeopogon indicator indicator,2
80,Baeopogon indicator leucurus,7
81,Baeopogon indicator ussheri,3
82,Bleda albigularis,3
83,Bleda canicapilla,29
84,Bleda canicapillus,8
85,Bleda canicappilla,4
86,Bleda eximia,17
87,Bleda eximia eximia,9
88,Bleda eximia notata,16
89,Bleda eximia ugandae,34
90,Bleda eximius,9
91,Bleda eximius notatus,14
92,Bleda notata,22
93,Bleda notata notata,1
94,Bleda notata pallidior,1
95,Bleda sethsmithi,6
96,Bleda syndactyla,13
97,Bleda syndactyla ogawensis,8
98,Bleda syndactyla ogowensis,9
99,Bleda syndactyla syndactyla,9
100,Bleda syndactyla woosnami,70
101,Bleda syndactylus,14
102,Bleda ximia ugandae,8
103,Calyptocichla,10
104,Calyptocichla curvirostris,1
105,Calyptocichla gracilis,2
106,Calyptocichla serena,11
107,Calyptocichla serina,12
108,Calyptocichla serinus,4
109,Cerasophila thompsoni,3
110,Chlorocichla,1
111,Chlorocichla f. soror,1
112,Chlorocichla falkensteini,9
113,Chlorocichla falkensteini falkensteini,1
114,Chlorocichla falkensteini viridescentior,5
115,Chlorocichla faviventris,1
116,Chlorocichla flavicollis,21
117,Chlorocichla flavicollis adamauae,26
118,Chlorocichla flavicollis flavigola,8
119,Chlorocichla flavicollis flavigula,62
120,Chlorocichla flavicollis pallidigula,2
121,Chlorocichla flavicollis shellegi,1
122,Chlorocichla flavicollis soror,8
123,Chlorocichla flaviventris,13
124,Chlorocichla flaviventris centralis,5
125,Chlorocichla flaviventris mombasae,25
126,Chlorocichla flaviventris occidentalis,32
127,Chlorocichla flaviventris zambeziae,1
128,Chlorocichla folkensteini foldensteini,2
129,Chlorocichla fusciceps,1
130,Chlorocichla hikuyuensis,2
131,Chlorocichla kakamegae,4
132,Chlorocichla lactissima,12
133,Chlorocichla laetissima,12
134,Chlorocichla laetissima laetissima,3
135,Chlorocichla laetissimus,24
136,Chlorocichla masukuensis kakamegae,7
137,Chlorocichla neumanni,1
138,Chlorocichla nigriceps,15
139,Chlorocichla nigriceps fusciceps,1
140,Chlorocichla percevali,1
141,Chlorocichla simplex,39
142,Chlorocichla striifacies,26
143,Chlorocichla t. kikuyuensis,26
144,Chlorocichla t. schubotzi,1
145,Chlorocichla tephrelaema kikuyuensis,2
146,Chlorocichla tephrolaema,6
147,Chlorocichla tephrolaema bamendae,5
148,Chlorocichla tephrolaema kikuyensus,34
149,Chlorocichla tephrolaema kikuynensis,1
150,Chlorocichla tephrolaema kikuyuensis,6
151,Chlorocichla tephrolaema schubotzi,16
152,Chlorocichla tephrolaema tephrolaema,2
153,Criniger,15
154,Criniger affinis,1
155,Criniger barbatus,13
156,Criniger barbatus ansorgeanus,4
157,Criniger barbatus barbatus,11
158,Criniger barbatus chloronotus,1
159,Criniger bres,11
160,Criniger bres frater,2
161,Criniger calurus,39
162,Criniger calurus calurus,5
163,Criniger calurus emini,6
164,Criniger calurus ndussumensis,53
165,Criniger calurus verreauxi,6
166,Criniger chloronotus,12
167,Criniger diardi,7
168,Criniger finschi,11
169,Criniger flaveolus,29
170,Criniger flaveolus burmanicus,6
171,Criniger flaveolus flaveolus,6
172,Criniger frater,9
173,Criniger griseiceps,4
174,Criniger gularis,14
175,Criniger gularis annamonsis,1
176,Criniger gularis balicus,6
177,Criniger gularis henrici,2
178,Criniger gutturalis gutturalis,2
179,Criniger gutturalis ochraceus,21
180,Criniger icterica,4
181,Criniger mystacalis,5
182,Criniger mysticalis,2
183,Criniger ndussumensis,2
184,Criniger ochraceus,13
185,Criniger ochraceus annamensis,7
186,Criniger ochraceus cambodianus,3
187,Criniger ochraceus pallidus,16
188,Criniger ochraceus sacculatus,15
189,Criniger ochraceus sumatrensis,18
190,Criniger olivaceus,12
191,Criniger pallidus,18
192,Criniger phaeocephalus,32
193,Criniger phaeocephalus connectens,1
194,Criniger ruficrissus,13
195,Criniger simplex,29
196,Criniger tephrogenys,33
197,Criniger tephrogenys burmanicus,3
198,Criniger tephrogenys flaveolus,1
199,Criniger tephrogenys frater,3
200,Criniger tephrogenys gutturalis,8
201,Criniger tephrogenys pallidus,3
202,Criniger verreauxi,13
203,Hemixos campennis,6
204,Hemixos canipennis,5
205,Hemixos castanonotus,15
206,Hemixos castanonotus canipennis,4
207,Hemixos castanotus canipennis,11
208,Hemixos castanotus castanotus,3
209,Hemixos cinereus,16
210,Hemixos connectens,12
211,Hemixos davisoni,1
212,Hemixos flava,1
213,Hemixos flavala,29
214,Hemixos flavala davisoni,3
215,Hemixos grandis,2
216,Hemixos hildebrandti,1
217,Hemixos m. similis,3
218,Hemixos malaccensis,24
219,Hemixos sundara,7
220,Hemixos tickelli,2
221,Hemixos tickelli similis,18
222,Hemixos virescens,40
223,Hemixos virescens sumatranus,17
224,Hypsipetes,3
225,Hypsipetes affinis mystacalis,1
226,Hypsipetes amaurotis,4
227,Hypsipetes amaurotis amaurotis,15
228,Hypsipetes amaurotis harterti,2
229,Hypsipetes amaurotis hensoni,2
230,Hypsipetes amaurotis magnirostris,1
231,Hypsipetes amaurotis squamiceps,1
232,Hypsipetes borbonica,4
233,Hypsipetes charlottae,2
234,Hypsipetes crassirostris,24
235,Hypsipetes everetti,26
236,Hypsipetes everetti catarmanensis,6
237,Hypsipetes everetti everetti,2
238,Hypsipetes everetti haynaldi,1
239,Hypsipetes everetti sararensis,5
240,Hypsipetes flavala,1
241,Hypsipetes ganeesa,2
242,Hypsipetes madagascariensis,26
243,Hypsipetes madagascariensis albiventris,1
244,Hypsipetes madagascariensis madagascariensis,2
245,Hypsipetes madagascariensis psaroides,4
246,Hypsipetes madagascariensis rostrata,14
247,Hypsipetes madegascariensis,2
248,Hypsipetes mcclellandi similis,2
249,Hypsipetes mcclellandii,5
250,Hypsipetes nigerrimus,2
251,Hypsipetes olivacea,11
252,Hypsipetes p. gaveesa,1
253,Hypsipetes palawanensis,2
254,Hypsipetes parvirostris,1
255,Hypsipetes parvirostris moheliensis,1
256,Hypsipetes parvirostris parvirostris,2
257,Hypsipetes perniger,1
258,Hypsipetes philippensis,4
259,Hypsipetes philippensis philippensis,3
260,Hypsipetes philippinus guimarasensis,4
261,Hypsipetes philippinus mindorensis,21
262,Hypsipetes philippinus philippinus,30
263,Hypsipetes psaroides,2
264,Hypsipetes rufigularis,6
265,Iole,2
266,Iole affinis,12
267,Iole amaurotis,39
268,Iole amaurotis amaurotis,31
269,Iole amaurotis batanensis,2
270,Iole amaurotis magnirostris,7
271,Iole amaurotis ogawei,20
272,Iole amaurotis pryeri,16
273,Iole amaurotis squamiceps,5
274,Iole amaurotis stejnegeri,10
275,Iole charlotta,1
276,Iole charlottae palawanensis,3
277,Iole coerette,1
278,Iole everetti,16
279,Iole flavala,9
280,Iole flavalus connectens,5
281,Iole flavola,1
282,Iole fugensis,3
283,Iole gularis,48
284,Iole gularis guimarascensis,4
285,Iole gularis guimarensis[illeg],3
286,Iole gularis gularis,36
287,Iole gularis mindorensis,25
288,Iole gularis saturatior,5
289,Iole haynaldi,3
290,Iole holti,5
291,Iole holti binghami,4
292,Iole icterica,3
293,Iole leucocephala,38
294,Iole leucocephalus,58
295,Iole macclellandi lolti,5
296,Iole macclellaudi peracensis,4
297,Iole maclellandi holti,4
298,Iole madagascariensis,21
299,Iole madagscariensis,1
300,Iole mcclellandi,17
301,Iole mcclellandi similis,36
302,Iole mindorensis,5
303,Iole nicobariensis,5
304,Iole nigerrimus,26
305,Iole olivaccea cinnamomeoventres,1
306,Iole olivacea,38
307,Iole olivacea propinqua,12
308,Iole palawanensis,6
309,Iole paraoides,13
310,Iole paraoides concolor,36
311,Iole paraoides ganeesa,7
312,Iole paraoides nigrescens,8
313,Iole pearoides concolor,2
314,Iole perniger,21
315,Iole perniger sinensis,6
316,Iole philippensis,3
317,Iole psaroides,15
318,Iole psaroides ganeesa,2
319,Iole psaroides psaroides,1
320,Iole rufigularis,4
321,Iole siquijorensis,6
322,Iole tickelli,5
323,Iole tickelli griseiventer,2
324,Iole tickelli peracensis,14
325,Iole virescens,23
326,Ixonotus guttatus,57
327,Ixos amaurotis,4
328,Ixos amaurotis amaurotis,1
329,Ixos amaurotis matchie,1
330,Ixos finlaysoni,1
331,Ixos flavala flavala,14
332,Ixos macchillandi tickelli,1
333,Ixos macclelandi similis,20
334,Ixos macclellandi,6
335,Ixos malaccensis,5
336,Ixos mcclellandii,7
337,Ixos morrisoniana,12
338,Ixos nipalensis,15
339,Ixos nipalensis daflaensis,1
340,Ixos plumosa,1
341,Ixos poliotis,2
342,Ixos poliotis saturatior,17
343,Malia grata,7
344,Malia grata grata,10
345,Malia grata recondita,19
346,Malia grata stresemanni,37
347,Microscelis leucocephalus,1
348,Microscelis siquijorensis cinereiceps,2
349,Microscelis siquijorensis siquijorensis,1
350,Neolestes torquata,7
351,Neolestes torquatus,45
352,Phyllastrephus albigularis,98
353,Phyllastrephus albigularis albigularis,2
354,Phyllastrephus albigularis viridiceps,3
355,Phyllastrephus alfredi,2
356,Phyllastrephus baumanni,1
357,Phyllastrephus cabanisi cabanisi,2
358,Phyllastrephus cerviniventris,12
359,Phyllastrephus debilis,1
360,Phyllastrephus debilis albigula,3
361,Phyllastrephus debilis rabai,7
362,Phyllastrephus eximia ugandae,3
363,Phyllastrephus f. placidus,1
364,Phyllastrephus falkensteini viridescentior,1
365,Phyllastrephus fischeri,7
366,Phyllastrephus fischeri cabanisi,13
367,Phyllastrephus fischeri fischeri,5
368,Phyllastrephus fischeri placidus,27
369,Phyllastrephus fischeri sucosus,28
370,Phyllastrephus flavicollis soror,1
371,Phyllastrephus flavostriatus,8
372,Phyllastrephus flavostriatus olivaceogriseus,3
373,Phyllastrephus fulviventris,23
374,Phyllastrephus fulviventris rabai,12
375,Phyllastrephus graueri,4
376,Phyllastrephus hypochloris,32
377,Phyllastrephus icterinus,84
378,Phyllastrephus icterinus icterinus,13
379,Phyllastrephus icterinus sethsmithi,30
380,Phyllastrephus icternis,15
381,Phyllastrephus indicator,4
382,Phyllastrephus leucopleurus,1
383,Phyllastrephus olivaceogriseus,24
384,Phyllastrephus placidus,57
385,Phyllastrephus placidus sokokoensis,1
386,Phyllastrephus poensis,4
387,Phyllastrephus poliocephalus,2
388,Phyllastrephus s. sucosus,8
389,Phyllastrephus scandens acedis,1
390,Phyllastrephus simplex,1
391,Phyllastrephus strepitans,8
392,Phyllastrephus streptitans,9
393,Phyllastrephus sucosus,52
394,Phyllastrephus sucosus sylvicultor,1
395,Phyllastrephus terrestris,11
396,Phyllastrephus terrestris bensoni,2
397,Phyllastrephus terrestris intermedius,2
398,Phyllastrephus terrestris rhodesiae,5
399,Phyllastrephus terrestris strepitaus,24
400,Phyllastrephus terrestris suahelicus,7
401,Phyllastrephus xavieri,16
402,Phyllastrephus xavïeri,2
403,Phyllastrephus xavieri xavieri,3
404,Pycnonotidae,21
405,Pycnonotus,5
406,Pycnonotus analis,4
407,Pycnonotus atriceps,11
408,Pycnonotus atriceps atriceps,10
409,Pycnonotus aurigaster,12
410,Pycnonotus aurigaster andersoni,3
411,Pycnonotus aurigaster xanthorrhous,48
412,Pycnonotus barbatus,61
413,Pycnonotus barbatus arsinoe,28
414,Pycnonotus barbatus arsinoë,7
415,Pycnonotus barbatus barbatus,7
416,Pycnonotus barbatus dodsoni,2
417,Pycnonotus barbatus fayi,16
418,Pycnonotus barbatus gabenensis,3
419,Pycnonotus barbatus gabonensis,47
420,Pycnonotus barbatus gobenensis,5
421,Pycnonotus barbatus inoratus,1
422,Pycnonotus barbatus inornatus,42
423,Pycnonotus barbatus layardi,21
424,Pycnonotus barbatus layardi X tricolor,1
425,Pycnonotus barbatus micrus,16
426,Pycnonotus barbatus minor,50
427,Pycnonotus barbatus nigeriae,30
428,Pycnonotus barbatus pallidus,2
429,Pycnonotus barbatus schoanus,55
430,Pycnonotus barbatus somalicus,28
431,Pycnonotus barbatus tanganyikae,11
432,Pycnonotus barbatus tricolor,63
433,Pycnonotus barbatus vaughnjonesi,11
434,Pycnonotus barbatus xanthopygos,5
435,Pycnonotus bimaculatus,2
436,Pycnonotus bimaculatus barat,8
437,Pycnonotus bimaculatus bimaculatus,67
438,Pycnonotus blanfordi,15
439,Pycnonotus brunneus,11
440,Pycnonotus brunneus brunneus,3
441,Pycnonotus cafer,10
442,Pycnonotus cafer germaini,1
443,Pycnonotus capensis,11
444,Pycnonotus capensis (barbatus) tenebrior,1
445,Pycnonotus capensis dodsoni,5
446,Pycnonotus capensis micrus,1
447,Pycnonotus capensis nigricans,17
448,Pycnonotus capensis reichenowi,8
449,Pycnonotus capensis teitensis,8
450,Pycnonotus capensis vallombrosus,3
451,Pycnonotus capensis xanthopygus,2
452,Pycnonotus cinereifrons,12
453,Pycnonotus cyaniventris,1
454,Pycnonotus davisoni,4
455,Pycnonotus dispar,11
456,Pycnonotus dispar montis,5
457,Pycnonotus dodsoni,12
458,Pycnonotus dodsoni dodsoni,2
459,Pycnonotus dodsoni peasei,2
460,Pycnonotus dodsoni spurius,2
461,Pycnonotus doravier suluensis,2
462,Pycnonotus erythopthalmus,2
463,Pycnonotus erythrophthalma,7
464,Pycnonotus erythrophthalma cyanochrous,10
465,Pycnonotus erythrophthalma salvadorii,1
466,Pycnonotus erythropthalmos,9
467,Pycnonotus erythropthalmus salvadorii,3
468,Pycnonotus eutilotus,1
469,Pycnonotus falkensteini,1
470,Pycnonotus farbatus layarch,1
471,Pycnonotus finlayson,1
472,Pycnonotus finlaysoni,34
473,Pycnonotus finlaysoni finlaysoni,4
474,Pycnonotus flavescens,8
475,Pycnonotus flavesceus,12
476,Pycnonotus flavesceus vivida,3
477,Pycnonotus germani,4
478,Pycnonotus goiairier analis,1
479,Pycnonotus goiavier,67
480,Pycnonotus goiavier analis,111
481,Pycnonotus goiavier goiavier,34
482,Pycnonotus goiavier gourdinii,4
483,Pycnonotus goiavier personatus,1
484,Pycnonotus goiavier samarensis,8
485,Pycnonotus goiavier suluensis,10
486,Pycnonotus goivier,1
487,Pycnonotus golavier,1
488,Pycnonotus goravier,1
489,Pycnonotus gularis,3
490,Pycnonotus haemorrhous,1
491,Pycnonotus hainanus,2
492,Pycnonotus jocosa,7
493,Pycnonotus jocosus,13
494,Pycnonotus jocosus hainanensis,1
495,Pycnonotus latirostris,8
496,Pycnonotus latirostris congener,1
497,Pycnonotus layardi,14
498,Pycnonotus layardi fayi,1
499,Pycnonotus leucogenys,14
500,Pycnonotus leucogenys leucogenys,2
501,Pycnonotus leucogrammicus,12
502,Pycnonotus leucotis,49
503,Pycnonotus leucoyenys,1
504,Pycnonotus lutcolus,1
505,Pycnonotus luteolis,3
506,Pycnonotus luteolus,14
507,Pycnonotus melanicterus,1
508,Pycnonotus montanus,2
509,Pycnonotus nigricans,14
510,Pycnonotus nigricans nigricans,5
511,Pycnonotus olivacea,14
512,Pycnonotus p. plumosus,1
513,Pycnonotus palleus,8
514,Pycnonotus palleus sordidus,2
515,Pycnonotus plumocus blanfordi,1
516,Pycnonotus plumosus,52
517,Pycnonotus plumosus blanfordi,5
518,Pycnonotus plumosus cinereifrons,2
519,Pycnonotus plumosus cinerifrons,5
520,Pycnonotus plumosus insularis,5
521,Pycnonotus plumosus plumosus,4
522,Pycnonotus plumosus porphyrens,1
523,Pycnonotus poiocephalus,2
524,Pycnonotus pygaeus,1
525,Pycnonotus robinsoni,2
526,Pycnonotus simplex,40
527,Pycnonotus simplex perplexus,7
528,Pycnonotus simplex prillwitzi,8
529,Pycnonotus sinensis,82
530,Pycnonotus sinensis formosae,33
531,Pycnonotus sinensis hainanus,30
532,Pycnonotus sinensis indochinensis,2
533,Pycnonotus sinensis lioyi,2
534,Pycnonotus sinensis orii,1
535,Pycnonotus sinensis sinensis,7
536,Pycnonotus sinensis stresemanni,1
537,Pycnonotus sinensis[illeg] formosae,1
538,Pycnonotus somaliensis,2
539,Pycnonotus striatus striatus,1
540,Pycnonotus t. tricolor,1
541,Pycnonotus taivanus,7
542,Pycnonotus tephrolaemus tephrolaemus,3
543,Pycnonotus tricolor,49
544,Pycnonotus tricolor (fayi ?),1
545,Pycnonotus tricolor fayi,23
546,Pycnonotus tricolor foyi,1
547,Pycnonotus tricolor minor,19
548,Pycnonotus tricolor tricolor,26
549,Pycnonotus twicolor ngamii,2
550,Pycnonotus tygus,8
551,Pycnonotus urostictus,16
552,Pycnonotus urostictus atricaudatus,7
553,Pycnonotus urostictus philippensis,5
554,Pycnonotus urostictus urostictus,12
555,Pycnonotus virens,10
556,Pycnonotus virens erythropterus,1
557,Pycnonotus xantholaeme,1
558,Pycnonotus xanthopygos,2
559,Pycnonotus xanthopygus,1
560,Pycnonotus xanthorrhous,26
561,Pycnonotus xanthorrhous amdersoni,2
562,Pycnonotus xanthorrhous xanthorrhous,3
563,Pycnonotus xanthourhous,2
564,Pycnonotus xanthrrous,9
565,Pyrrhurus scandens,6
566,Pyrrhurus scandens orientalis,2
567,Pyrrhurus scandens scandens,2
568,Setornis anthoides (idok-FV),1
569,Setornis criniger,5
570,Setornis gramsnicola,1
571,Setornis marayniocensis,2
572,Setornis modesta sajamae,2
573,Setornis typus,1
574,Spizixos,7
575,Spizixos canifrons,15
576,Spizixos canifrons canifrons,7
577,Spizixos canifrons ingrami,33
578,Spizixos canifrons laotianus,1
579,Spizixos cinereicapillus,1
580,Spizixos semitorques,57
581,Spizixos semitorques cinereicappilus,18
582,Spizixos semitorques semitorques,8
583,Thapsinillas affinis,6
584,Thapsinillas affinis chloris,21
585,Thapsinillas affinis flavicaudus,9
586,Thapsinillas affinis harterti,5
587,Thapsinillas affinis longirostris,8
588,Thapsinillas affinis lucasi,10
589,Thapsinillas affinis mysticalis,16
590,Thescelocichla leucopleura,49
591,Thescelocichla leucopleura longirostris,2
592,Thescelocichla leucopleurus,8
593,Thescelocichla scandens orientalis,7
594,Tricholestes criniger,37
595,Tricholestes criniger viridis,1
596,verbatimScientificName,1