"","Species2_eBird","Beak.Length_Culmen","Beak.Length_Nares","Beak.Width","Beak.Depth","Tarsus.Length","Wing.Length","Kipps.Distance","Secondary1","Hand.wing.Index","Tail.Length"
"1","Alophoixus affinis",26.575,16.075,5.225,6.925,19.3,107.125,18.2,88.925,16.975,93.5
"2","Alophoixus finschii",17.525,11.575,4.725,5.575,15.9,84.75,16.175,68.575,19.05,67.25
"3","Alophoixus flaveolus",20.3428571428571,11.7714285714286,5.37142857142857,7.02857142857143,20.3142857142857,100.642857142857,16.6428571428571,84.0142857142857,16.5285714285714,89.7857142857143
"4","Alophoixus longirostris",29.175,18.525,5.825,7.825,20.9,116.25,21.425,94.825,18.425,114.125
"5","Alophoixus mystacalis",25.4,15.45,5.05,6.275,18.575,106,18.075,87.925,17.05,95
"6","Alophoixus ochraceus",20.7,12.775,4.9,7,20.275,100.875,17.975,82.9,17.8,95
"7","Alophoixus pallidus",20.275,12.05,4.575,7.375,20.475,102.625,15.575,87.05,15.15,104.25
"8","Alophoixus phaeocephalus",20.15,13.25,5.3,6.425,18.075,94.5,14.875,79.625,15.75,79
"9","Alophoixus tephrogenys",22.68,14.94,5.76,7.32,20,104.6,20.3,84.3,19.38,80.8
"10","Andropadus importunus",17.675,9.3,4.175,5.5,22.875,89.5,11.85,77.65,13.225,88.5
"11","Arizelocichla chlorigula",17.75,9.025,3.85,4.725,23.625,90.25,13.55,76.7,14.95,90
"12","Arizelocichla fusciceps",17.8,9.7,4.225,4.65,22.525,89.25,13.025,76.225,14.575,89.5
"13","Arizelocichla masukuensis",14.99,7.61333333333333,3.77666666666667,3.72666666666667,20.7566666666667,79.2166666666667,13.93,65.2866666666667,17.6166666666667,78.65
"14","Arizelocichla milanjensis",19.448,10.456,4.328,5.008,22.756,93.08,15.012,78.068,16.104,90.2
"15","Arizelocichla montana",16.85,8.725,4,4.15,20.975,83.25,8.875,74.375,10.625,83
"16","Arizelocichla neumanni",19.85,10.675,4.9,5.5,24.35,99.25,16,83.25,16.1,95.75
"17","Arizelocichla nigriceps",17.1833333333333,8.81666666666667,4.125,4.64166666666667,21.9583333333333,88.0833333333333,12.2666666666667,75.8166666666667,13.9083333333333,84.8333333333333
"18","Arizelocichla tephrolaema",17.175,9.175,3.8,4.15,19.8,82.5,12.625,69.875,15.275,72.75
"19","Atimastillas flavicollis",21.7,11.4,4.525,5.55,23.45,105.75,15.95,89.8,15.075,100
"20","Baeopogon clamans",16.95,9,4.425,4.6,18.4,97.75,16.775,80.975,17.175,73.75
"21","Baeopogon indicator",17.95,9.9,4.275,4.525,17.875,99,16.125,82.875,16.275,80.5
"22","Bleda canicapillus",20.4,13.45625,5.3125,6.425,25.5875,99.3125,13.55,85.7625,13.6,91.21875
"23","Bleda eximius",24.025,16.025,4.125,6.825,25.35,103.25,15.475,87.775,14.975,97.5
"24","Bleda notatus",20.1333333333333,12.9,4.63333333333333,6.35555555555556,24.9888888888889,90.6666666666667,12.9,77.7777777777778,14.2111111111111,79.1111111111111
"25","Bleda syndactylus",25.475,16.55,4.425,7.175,24.975,105.5,16.3,89.2,15.45,93.75
"26","Brachypodius eutilotus",18.5,11.84,4.78,5.2,17.5,91,17.62,73.38,19.26,75
"27","Brachypodius fuscoflavescens",15.675,8.925,3.9,4.6,15.525,76.5,12.075,64.425,15.8,66.75
"28","Brachypodius melanocephalos",15.575,10,4.4,4.625,14.625,77.75,14.1,63.65,18.15,64.25
"29","Brachypodius melanoleucos",17.15,10.65,4.225,4.3,14.05,83,15.65,67.35,18.85,66.75
"30","Brachypodius priocephalus",13.775,7.775,3.55,3.925,14.55,75,10.8,64.2,14.4,74.75
"31","Brachypodius urostictus",15.375,7.775,3.65,4.25,16.4,78.5,12.15,66.35,15.525,84.5
"32","Calyptocichla serinus",17.4,10.325,3.875,4.45,19.8,89.75,15.975,73.775,17.8,79.25
"33","Chlorocichla falkensteini",18,9.8,4.175,5,20.5,93,12.5,80.5,13.475,88.5
"34","Chlorocichla flaviventris",20.7928571428571,11.9642857142857,4.9,6.09285714285714,23.9285714285714,100.285714285714,12.9785714285714,87.3071428571428,12.9285714285714,97.5
"35","Chlorocichla laetissima",20.25,10.475,4.85,5.2,20.975,104,13.8,90.2,13.3,99
"36","Chlorocichla prigoginei",17.8,10.3,4.2,5.3,18.2,96,10.2,85.8,10.6,95
"37","Chlorocichla simplex",20,11.4,5.4,6.11666666666667,25.2833333333333,100.166666666667,12.4833333333333,87.6833333333333,12.45,93.8333333333333
"38","Criniger barbatus",21.2,12.8090909090909,5.92727272727273,6.55454545454545,25.1636363636364,103.409090909091,15.5909090909091,87.8181818181818,15.0636363636364,95.4545454545455
"39","Criniger calurus",21.7272727272727,13.4363636363636,5.83636363636364,6.05454545454545,20.8454545454545,87.3636363636364,10.1454545454545,77.2181818181818,11.5818181818182,80.6363636363636
"40","Criniger chloronotus",21.875,12.55,5.125,6.5,23.725,100,13.925,86.075,13.925,93.5
"41","Criniger ndussumensis",18.6,11.125,3.875,5.05,19.85,85.5,10.875,74.625,12.75,77.5
"42","Criniger olivaceus",18.025,10.3,3.65,5.075,21.3,85.75,10.675,75.075,12.475,82.75
"43","Eurillas ansorgei",13.575,7.9,3.575,3.775,15.425,72,11.3,60.7,15.675,63.25
"44","Eurillas curvirostris",15.2857142857143,9.15714285714286,4.3,3.81428571428571,18.3,76.6428571428571,9.62857142857143,67.0142857142857,12.5428571428571,71.8571428571429
"45","Eurillas gracilis",13.7428571428571,8.27142857142857,3.9,3.82857142857143,17.4,71.2857142857143,8.54285714285714,62.7428571428571,12,64.8571428571429
"46","Eurillas latirostris",15.2647058823529,9.1,4.94117647058824,4.65294117647059,20.0117647058824,75.8529411764706,10.7823529411765,65.0705882352941,14.2176470588235,70.6176470588235
"47","Eurillas virens",13.6234375,7.9859375,4.6484375,4.290625,20.721875,75.4140625,9.6046875,65.809375,12.6140625,72.3515625
"48","Hemixos castanonotus",19.825,11.4,4.55,5,17.375,97.375,19.175,78.2,19.675,89.875
"49","Hemixos cinereus",19.825,11.4,4,5.125,17.475,97.25,16.775,80.475,17.2,90.125
"50","Hemixos flavala",19.1,11.4,4.25,5.225,17.875,93.875,17.3,76.575,18.4,87.5
"51","Hypsipetes amaurotis",29.075,16.2,5.325,6.45,22.15,126.375,26.95,99.425,21.3,118.25
"52","Hypsipetes borbonicus",24.825,13.125,5.075,6.125,25.6,113.25,24.975,88.3,22.05,102.25
"53","Hypsipetes crassirostris",29.7,16.9,6.425,8.7,26.6,134.5,29.825,104.675,22.175,109
"54","Hypsipetes everetti",27.15,17.05,5.55,7.15,19.925,109.25,16.05,93.2,14.7,96.75
"55","Hypsipetes ganeesa",26.925,16.075,5.2,5.85,17.875,116.25,27.05,89.2,23.275,99.5
"56","Hypsipetes leucocephalus",25.25,14.3125,4.8625,5.7125,18.025,117.75,29.0875,88.6625,24.7,97.8125
"57","Hypsipetes madagascariensis",23.875,15.5,5.4,6.3,18.425,108.625,25.5,83.125,23.4,85
"58","Hypsipetes nicobariensis",22.7,13.175,5.125,6.225,19.775,97,17.825,79.175,18.375,93.375
"59","Hypsipetes olivaceus",29.25,18.1,6.725,7.775,26.125,131.125,27.2,103.925,20.625,110.5
"60","Hypsipetes parvirostris",24,13.5666666666667,4.43333333333333,5.6,19.1333333333333,105.333333333333,20.8,84.5333333333333,19.7,94.6666666666667
"61","Hypsipetes philippinus",22.2,13.425,4.875,5.425,19.05,94.125,12.35,81.775,13.1,87.875
"62","Hypsipetes rufigularis",27.325,17.075,5.3,6.55,21.7,114.375,15.75,98.625,13.775,99
"63","Hypsipetes siquijorensis",28.8,17.65,5.9,7.7,23.1,119.5,22.8,96.7,19.1,115.75
"64","Hypsipetes thompsoni",20.8,11.025,4.4,4.6,17.875,90.25,17.1,73.15,18.95,88.25
"65","Iole charlottae",20.65,12.75,5.1,5.075,17.5,84.5,16,68.5,18.875,70.75
"66","Iole indica",19.875,12.0166666666667,4.76666666666667,4.825,18.3166666666667,87.5833333333333,13.725,73.8583333333333,15.6833333333333,80.0833333333333
"67","Iole palawanensis",19.25,11.45,4.55,5.15,17.625,83.875,13.25,70.625,15.775,74.75
"68","Iole propinqua",19.225,11.475,5.1,5.075,18.225,84.5,13.625,70.875,16.125,82.5
"69","Ixonotus guttatus",15.7,9.075,3.925,4.175,17.3,87.25,17.35,69.9,19.875,74.25
"70","Ixos malaccensis",26.02,17.18,5.24,6.46,16.92,104,20.14,83.86,19.36,84.2
"71","Ixos mcclellandii",26.05,15.8,4.975,5.525,18.275,106,19.175,86.825,18.075,107.75
"72","Ixos virescens",19.85,12.9125,4.4625,5.05,16.9375,88.8125,14.725,74.0875,16.475,87.9375
"73","Neolestes torquatus",15.1,7.575,3.625,4.625,20.525,69.25,9.25,60,13.375,64.25
"74","Nok hualon",15.9,7.8,3.8,4.2,18.5,90,13.5,76.5,15,73
"75","Phyllastrephus albigula",15.8666666666667,8.70952380952381,3.6,3.47619047619048,18.9380952380952,64.2380952380952,8.80952380952381,55.4285714285714,13.6904761904762,63.4761904761905
"76","Phyllastrephus albigularis",19.25,11.91,4.59,4.72,20.52,76.5,7.35,69.15,9.5,75.35
"77","Phyllastrephus baumanni",17.875,10.2,4.15,4.55,20.375,76.5,6.775,69.725,8.875,77
"78","Phyllastrephus cabanisi",18.942,10.77,4.16,4.468,23.172,83.42,10.586,72.834,12.706,84.92
"79","Phyllastrephus cerviniventris",18.625,10.475,3.55,3.85,20.9,82.75,10.6,72.15,12.8,82.75
"80","Phyllastrephus debilis",15.025,8.85,3.325,3.775,16.65,63.25,7.075,56.175,11.175,64
"81","Phyllastrephus fischeri",20.5125,11.9375,3.725,4.3625,21.2375,81.625,11.1125,70.5125,13.6375,84.5
"82","Phyllastrephus flavostriatus",20.7266666666667,11.9466666666667,3.85333333333333,4.54,22.1,87.2666666666667,12.28,74.9866666666667,14.0733333333333,86.7666666666667
"83","Phyllastrephus fulviventris",21.05,11.65,3.7,4.5,20.325,89,9.825,79.175,11,91
"84","Phyllastrephus hypochloris",18.65,10.1,4.2,4.325,20.05,77,6.775,70.225,8.775,80.25
"85","Phyllastrephus icterinus",18.275,11.1875,4.4625,4.25,19.775,74.4375,8.05,66.3875,10.7375,67.5
"86","Phyllastrephus lorenzi",16.5,8.9,3.9,4,17.7,69,8.4,60.6,12.2,64
"87","Phyllastrephus poensis",20.725,11.3125,3.8875,4.575,23.125,78.9375,8.1625,70.775,10.3375,78.25
"88","Phyllastrephus poliocephalus",22.275,12.4,4.175,5.425,26.575,96.25,9.525,86.725,9.925,99.5
"89","Phyllastrephus scandens",22.65,12.15,4.925,5.6,23.725,107.5,14.65,92.85,13.625,100.5
"90","Phyllastrephus strepitans",18.9,11.075,3.725,4.025,20.175,78,7.475,70.525,9.525,84
"91","Phyllastrephus terrestris",21.125,12.125,3.75,4.825,21.675,85.5,8.925,76.575,10.425,85.25
"92","Phyllastrephus xavieri",19.75,11.325,3.825,4.85,19.2,82.625,9.275,73.35,11.15,78.75
"93","Pycnonotus aurigaster",18.5111111111111,9.82222222222222,4.17777777777778,4.85555555555556,20.6,90.3333333333333,13.9777777777778,76.3666666666667,15.4666666666667,81.1111111111111
"94","Pycnonotus barbatus",17.5375,9.60625,4.203125,4.990625,20.828125,92.59375,13.771875,78.821875,14.8375,84.5625
"95","Pycnonotus bimaculatus",16.875,8.675,4.625,4.725,19.975,86.25,11.225,75.025,13,93.75
"96","Pycnonotus blanfordi",16.65,8.9,3.725,4.525,19.225,82.5,11.6,70.9,14.025,83
"97","Pycnonotus brunneus",16,9.45,4.25,4.65,18.55,80,9.35,70.65,11.65,67
"98","Pycnonotus cafer",19.35,10.5083333333333,4.825,5.25833333333333,21.2666666666667,94.5416666666667,15.7166666666667,78.825,16.4833333333333,86.1666666666667
"99","Pycnonotus capensis",19.6,9.85,4,4.625,22.05,92.75,14.5,78.25,15.65,86.25
"100","Pycnonotus finlaysoni",16.3,9.05,4.025,4.85,17.5,80.5,10.225,70.275,12.7,79.5
"101","Pycnonotus flavescens",17.325,8.425,4,4.65,20.075,85.75,12.05,73.7,14.2,89
"102","Pycnonotus goiavier",19.025,11.375,4.275,5.05,20.55,89,13.025,75.975,14.65,77
"103","Pycnonotus jocosus",17.2625,9.125,4.4375,4.775,20.6125,87.1875,12.4,74.7875,14.25,88.25
"104","Pycnonotus leucogenys",17.35,8.975,3.8,4.625,21.075,93.5,13.725,79.775,14.625,92.5
"105","Pycnonotus leucogrammicus",14.875,8.05,3.55,4.1,15.475,86.5,16,70.5,18.475,83
"106","Pycnonotus leucotis",15.85,7.975,4.075,4.775,20.025,85.25,14.175,71.075,16.625,84.5
"107","Pycnonotus luteolus",17.925,9.4,3.975,5.3,21.4,83.25,9.325,73.925,11.2,79
"108","Pycnonotus nigricans",19.25,10.925,4.125,4.925,21.325,93.75,16.275,77.475,17.35,77.5
"109","Pycnonotus penicillatus",17.175,8.625,4.35,4.825,20.825,79.25,9.175,70.075,11.525,79
"110","Pycnonotus plumosus",18,10.9,4.35,5.075,19.975,82.5,9.075,73.425,10.95,70.75
"111","Pycnonotus pseudosimplex",15.4,8.1,3.6,4.3,18,74,8.7,65.3,11.8,68
"112","Pycnonotus simplex",15.68,10.16,4.16,4.7,17.16,81.4,11.12,70.28,13.7,66.4
"113","Pycnonotus sinensis",17.1,8.6,4.38,4.7,19.9,86.56,17.6,68.96,20.42,80.4
"114","Pycnonotus striatus",19.5,10,4.175,5.2,17.95,102.75,22.85,79.9,22.275,96
"115","Pycnonotus taivanus",16.7,8.5,4.9,5.05,19.8,88.1,15.15,72.95,17.25,79.55
"116","Pycnonotus tympanistrigus",13.05,6.7,3.35,3.8,14.5,74.5,11.4,63.1,15.3,71
"117","Pycnonotus xantholaemus",16.225,8.4,3.525,4.575,18.625,87.5,11.65,75.85,13.35,87
"118","Pycnonotus xanthopygos",18.55,9.425,3.95,5.05,20.05,93.25,14.65,78.6,15.725,89.75
"119","Pycnonotus xanthorrhous",17.6,9.075,3.975,4.275,19.975,89.5,14.175,75.325,15.825,94
"120","Pycnonotus zeylanicus",24.8,13.15,5.1,6.9,25.775,114.25,12.55,101.7,10.95,104.75
"121","Rubigula cyaniventris",14.5833333333333,8.61666666666667,3.86666666666667,3.93333333333333,13.9166666666667,76.1666666666667,13.3833333333333,62.7833333333333,17.5,57.6666666666667
"122","Rubigula dispar",14.925,7.9,3.925,4.35,15.475,79.5,10.5,69,13.225,85.75
"123","Rubigula erythropthalmos",13.775,8.625,3.6,3.75,14.075,75.5,13.4,62.1,17.75,62.25
"124","Rubigula flaviventris",14.9166666666667,7.93333333333333,4.08333333333333,4.58333333333333,15.0333333333333,88.2166666666667,13.2833333333333,74.95,15.05,87.9666666666667
"125","Rubigula gularis",14.125,7.35,3.6,3.8,14.425,73.75,8.8,64.95,11.925,78
"126","Rubigula melanicterus",14.85,7.75,3.525,4.05,15.775,72,8.425,63.575,11.7,70.25
"127","Rubigula montis",14.225,7.6,3.275,4,15.025,79,11.425,67.575,14.45,74.5
"128","Rubigula squamata",14.325,7.25,4.15,3.65,15.225,73.75,13.1,60.65,17.775,58.75
"129","Setornis criniger",23.75,16.3,5.1,6.3,19.625,94.75,16.975,77.775,17.85,78.25
"130","Spizixos canifrons",13.625,8.15,5.4,7.075,19.025,95,16.925,78.075,17.75,94
"131","Spizixos semitorques",13.65,8.075,6.025,7.475,18.725,91.25,13.575,77.675,14.85,95.5
"132","Stelgidillas gracilirostris",18.5,11.1,4.25,4.35,19.6,83.25,13.95,69.3,16.775,80.25
"133","Thescelocichla leucopleura",22.775,12.675,4.9,5.625,24.525,113,16.525,96.475,14.6,106.25
"134","Tricholestes criniger",15.75,10.1333333333333,4.03333333333333,3.91666666666667,14.9333333333333,72.5,11.6166666666667,60.8833333333333,15.9833333333333,62.1666666666667
