,AviList,n_specimens,Beak.Length_Culmen_Mean,Beak.Length_Culmen_Max,Beak.Length_Culmen_Min,Beak.Length_Nares_Mean,Beak.Length_Nares_Max,Beak.Length_Nares_Min,Beak.Width_Mean,Beak.Width_Max,Beak.Width_Min,Beak.Depth_Mean,Beak.Depth_Max,Beak.Depth_Min,Tarsus.Length_Mean,Tarsus.Length_Max,Tarsus.Length_Min,Wing.Length_Mean,Wing.Length_Max,Wing.Length_Min,Kipps.Distance_Mean,Kipps.Distance_Max,Kipps.Distance_Min,Tail.Length_Mean,Tail.Length_Max,Tail.Length_Min,Gape_Width_Mean,Gape_Width_Max,Gape_Width_Min
1,Acritillas indica,13,20.05384615,22.2,18.4,12.01666667,13,11.3,4.761538462,5.6,4.4,4.861538462,5.3,4.3,18.24615385,19.7,16.9,88.23076923,98,82,13.725,16,12.3,80.76923077,100,70,NA,NA,NA
2,Alcurus striatus,10,19.974,20.97,18.9,10.30333333,10.96,9.8,4.274,4.7,4,5.372,5.79,5,18.575,20.3,16.6,105.482,112,101,22.93666667,24.7,20.42,95.95,108,88,11.612,12.86,10.53
3,Alophoixus bres,10,20.153,21.82,18.78,11.97,13.14,11.08,4.897,5.26,4.52,6.632,7.49,6.13,19.509,21.27,18.75,98.45,105,92,18.0975,20.34,16.22,86.7,91,83,10.83777778,12.5,9.37
4,Alophoixus flaveolus,10,20.46,21.6,19.7,11.74333333,13.3,10.7,5.347,6.1,4.2,7.056,7.6,6.1,20.287,22.5,18.5,100.55,105.5,96,16.99,19.47,15.4,89.15,96,79,12.49,13.74,11.24
5,Alophoixus frater,12,23.31,24.38,22.05,14.44545455,15.5,13.34,5.395454545,5.88,4.93,7.153636364,7.68,6.77,21.49545455,22.1,20.85,103.0454545,107,99,18.25714286,20.32,17.21,92,98,88,10.92363636,12.74,9.64
6,Alophoixus ochraceus,10,20.991,24.8,19.28,12.46222222,13.33,11.21,5.046,5.61,4.6,6.796,7.4,6.02,19.789,21.2,18.83,102.75,108,94.5,18.44111111,21.9,14.9,98.1,103,92,11.472,12.52,10.06
7,Alophoixus pallidus,17,20.77647059,22.19,19.67,12.394375,13.68,11.2,4.995294118,5.83,4.27,7.052352941,7.7,6.4,20.10941176,21.56,18.6,102.4705882,113,92,17.771875,20.72,13,99.82352941,111,85,11.47,13.56,9.87
8,Alophoixus phaeocephalus,12,20.46363636,23,18.3,13.62727273,14.7,11.8,5.408333333,6.6,4.8,6.541666667,7,6.1,19.94166667,22,17,94.41666667,105,82,13.17272727,15.4,9.3,80.6,87,75,NA,NA,NA
9,Alophoixus ruficrissus,11,21.186,22.18,20.37,12.868,13.55,12,5.1,5.46,4.86,6.759,7.07,6.45,20.221,20.99,19.48,108.6,113,102,20.787,22.96,19.01,104.2,107,102,10.904,12.36,9.52
10,Alophoixus tephrogenys,13,21.64538462,24.34,18.77,13.88153846,15.8,11.88,5.491538462,6.1,4.79,7.193076923,8,6.59,20.09769231,22.2,17.8,100.8461538,110,94.5,18.85230769,22.5,16.49,82.69230769,88,75,11.1825,12.41,9.78
11,Andropadus importunus,30,18.68033333,20.9,16.6,10.32318182,12.1,8.8,4.399090909,5.43,3.78,5.455454545,6.1,4.74,21.519,24,19.42,86.76666667,94,75,11.156,16.09,8.3,83.69,93,74,9.943888889,10.89,8.78
12,Arizelocichla chlorigula,10,18.037,19.1,16.3,9.448,10.59,8.5,3.911,4.17,3.7,4.954,5.33,4.4,23.711,24.2,23.2,90.05,94,86,13.067,16.1,10.5,91.25,95,87,9.965,10.28,9.38
13,Arizelocichla fusciceps,10,17.885,19.22,16.6,9.735,10.37,8.9,4.083,4.4,3.72,4.757777778,5.05,4.4,22.422,23.13,21.5,89.45,96,84,13.647,15.64,11.7,89.25,92,84,9.855,11.28,8.86
14,Arizelocichla kikuyuensis,27,18.56730769,19.24,17.75,9.569230769,10.52,8.33,4.276538462,4.65,4,4.709230769,5.04,4.03,23.70269231,24.6,22.56,89.13461538,96,83,11.9496,14.88,9.41,86.94,94,82,10.42269231,12.16,8.44
15,Arizelocichla masukuensis,34,15.09705882,17.8,10.3,7.613333333,8.8,6.8,3.776666667,4.4,3.2,3.726666667,4.8,3.4,20.77941176,22.8,18.5,79.75,88,75,14.11470588,17,10.7,78.67647059,87,73,NA,NA,NA
16,Arizelocichla milanjensis,27,20.31037037,21.23,19.3,10.92296296,11.94,10.18,3.911538462,4.3,3.63,4.8196,5.23,4.57,23.37961538,24.1,20.9,92.53703704,97,85.5,15.13730769,17.44,13.15,88.71153846,92,84,9.62173913,11.67,8.1
17,Arizelocichla montana,10,17.222,18.5,16.3,8.903333333,9.19,8.5,3.944,4.3,3.65,4.293,4.6,4,21.366,22.28,19.7,81.4,92,78,8.774444444,10.3,7.3,84.4,92,78,8.924,9.52,8.21
18,Arizelocichla neumanni,10,19.793,20.5,18.9,10.502,11.4,10,4.773,5.1,4.5,5.6,6.18,5.3,24.315,24.6,23.92,96.45,101,93,15.044,17.9,12.08,95.6,98,93,10.96166667,12.51,9.12
19,Arizelocichla nigriceps,16,18.2125,21.1,16,9.025,10.3,8.3,4.2,4.5,3.9,4.7375,5.2,4.3,22.69375,25.4,16,89,96,80,12.45625,15,10,83.78125,89.5,78,NA,NA,NA
20,Arizelocichla striifacies,22,19.4952381,21,16.3,10.40454545,11.6,9.4,4.4,5.1,4,5.045454545,5.7,4.6,22.8952381,24.8,20.1,93.27272727,103,86,14.97272727,19,11,91.27272727,99,86,NA,NA,NA
21,Arizelocichla tephrolaema,10,17.62666667,18.43,16.9,9.148888889,9.4,8.77,3.854444444,4.04,3.4,4.142222222,4.6,3.8,20.0475,20.9,19.3,82.1,86,78,12.42111111,14.7,10.2,73.6,76,71,10.736,10.98,10.25
22,Atimastillas flavicollis,10,22.288,27,20.5,11.65888889,12.31,10.5,4.798,5.45,4.3,5.698,6.6,5.1,23.784,25.3,22.6,106.6,115,102,15.91444444,18,13.6,102,112,93,12.015,13.08,11.46
23,Atimastillas flavigula,10,22.465,23.92,20.58,12.07833333,13.47,10.9,4.376666667,4.81,4.02,5.578,5.88,5.17,25.252,26.9,24.13,106.65,115,97,16.31,19.47,13.5,100.6,112,90,10.52,11.94,7.86
24,Baeopogon clamans,10,17.222,17.71,16,9.321,9.77,8.2,4.454,4.72,4.28,4.666666667,5.03,4.3,19.171,20.4,17.4,95.4,101,91,16.675,17.4,15.6,73.1,79,70,10.05333333,11.49,8.36
25,Baeopogon indicator,10,18.86777778,21,16.6,10,10.35,8.8,4.297142857,4.5,4,4.78,5.25,4.4,19.297,25.5,17,98.35,102,95,16.26777778,19.5,14,78.4,95,66,10.315,10.9,9.73
26,Bleda canicapillus,19,20.10526316,23.2,17.6,13.34210526,15.7,11.8,5.331578947,6.3,4.2,6.357894737,7.2,5.4,25.53684211,30,16.1,98.42105263,112,92,13.37777778,19,9,91.32352941,98,85,NA,NA,NA
27,Bleda eximius,17,24.83647059,27.1,23,15.28,18.2,13.54,4.506470588,4.95,4.19,6.740588235,7.5,6.21,25.59470588,26.67,24.56,102.6176471,108.5,99,15.35823529,17.2,13.72,97.17647059,106,90,11.42230769,12.76,9.48
28,Bleda notatus,219,20.2875,21.8,18.5,12.9125,14.9,11.5,4.744444444,5.4,4.3,6.388888889,6.9,6,25.08888889,25.9,24.1,90.19907407,104,75,13,15.7,11.2,81.09,96,62,NA,NA,NA
29,Bleda syndactylus,95,27.2125,32.3,22.7,16.55,18.7,14.1,4.46,4.8,3.9,7.22,7.4,6.5,25.43333333,28,24.5,105.4347826,116,90,15.6,19,11,95,112,70,NA,NA,NA
30,Bleda ugandae,5,21.184,22.05,18.9,13.2,13.55,12.7,4.376,4.62,4,6.37,6.45,6.3,23.692,24.58,23,97.6,101,88,14.686,17.52,12,92.8,96,87,11.5475,12.31,10.16
31,Calyptocichla serinus,10,18.156,19.9,16.4,11.00111111,12.28,9.9,3.958,4.27,3.5,4.564,4.8,4.3,19.75,21.7,18,89,92,85,15.80777778,16.8,13.19,78.4,81,76,9.326,9.98,8.72
32,Chlorocichla falkensteini,10,18.524,21.6,17.3,10.32,11.03,9.2,4.163,4.41,3.84,5.257,5.9,4.7,20.895,22.8,19.9,90.15,94,85,12.06555556,14.4,10.59,87.3,98,80,9.862,10.89,8.53
33,Chlorocichla flaviventris,21,21.595,25.3,18.7,11.96428571,13.1,10.8,4.9,5.3,4.3,6.092857143,6.7,5.7,23.95238095,25.8,21.7,101.2619048,108,88,12.89047619,16.3,10,96.42857143,105,88,NA,NA,NA
34,Chlorocichla laetissima,10,21.953,25.1,18.07,11.21714286,12.13,10.16,4.821428571,5,4.57,5.375714286,5.97,4.8,21.693,23.8,20.6,104,109,100,14.676,21,12.6,100.3,104,95,12.21333333,13.28,11.07
35,Chlorocichla prigoginei,1,17.8,17.8,17.8,10.3,10.3,10.3,4.2,4.2,4.2,5.3,5.3,5.3,18.2,18.2,18.2,96,96,96,10.2,10.2,10.2,95,95,95,NA,NA,NA
36,Chlorocichla simplex,11,20.43181818,22.34,17.8,11.648,12.39,10.9,5.244545455,6,4.5,6.182727273,6.8,5.7,24.78,30.5,22.6,100.7272727,106,93,12.394,14.4,9,94.81818182,100,89,11.3025,11.8,10.8
37,Criniger barbatus,14,21.07142857,22.3,19.4,12.83846154,14.3,11.6,5.892857143,6.9,4.6,6.485714286,7.1,5.9,25.67857143,31,22.3,103.3214286,110,95,15.375,30,6.8,94,102,70,NA,NA,NA
38,Criniger calurus,16,21.89166667,23.7,20.2,13.43636364,14.6,12.6,5.791666667,7.4,4.7,6.075,6.6,5.4,21.2,25.1,19.3,87.625,100,81,10.14545455,12.9,7.9,79.625,99,49,NA,NA,NA
39,Criniger chloronotus,16,22.086,24.07,21.32,12.708,14.22,11.6,5.104,5.52,4.78,6.468,6.9,6.08,23.5,24.7,23.06,100.125,111,91,14.561,16.83,12.6,89.96666667,98,64,11.895,12.85,10.6
40,Criniger ndussumensis,11,18.65666667,19.55,18.1,10.975,11.9,10.58,3.912222222,4.17,3.6,4.925555556,5.3,4.68,19.64666667,21.1,18.7,86.63636364,95,82,11.20625,12.8,10.5,79.09090909,84,73,8.6125,9.46,7.68
41,Criniger olivaceus,13,18.23,18.68,17.75,10.50833333,11.39,9.5,3.950769231,4.43,3.3,4.970769231,5.23,4.57,21.21769231,21.95,20.57,86.30769231,90,81,11.36583333,14.2,10.5,80.58333333,86,75,9.28375,10.46,7.88
42,Eurillas ansorgei,11,14.253,15.2,12.8,8.685555556,11.12,7.4,3.66,4.2,3,3.878,4.15,3.7,16.368,17.7,14.9,72.45454545,77,67,10.88,13.4,8.4,65.68181818,70,60,8.386,9.36,7.58
43,Eurillas curvirostris,15,16.16153846,18.9,14.5,9.2625,10,8.1,4.333333333,5.2,3.5,3.955555556,4.6,3.5,18.25384615,22.1,15.8,76.25,80,73,10.04545455,13.1,6,70.5,76,65,NA,NA,NA
44,Eurillas gracilis,14,14.15636364,15.77,13.3,8.315,8.89,7.5,3.746363636,4.7,3.3,3.781818182,4.7,3.23,17.38545455,20.2,15.4,71.5,76,68,8.783,11.23,7,67.57142857,78,61,8.94,9.79,7.73
45,Eurillas latirostris,527,15.34516129,19.3,11.1,8.925925926,10.4,6.6,4.923076923,5.9,4.2,4.548148148,5.7,3.3,19.659375,22.1,17.4,79.28612717,90,66,10.62916667,13.9,8,74.05811623,88,57,NA,NA,NA
46,Eurillas virens,153,13.8673913,18.4,11.3,7.981927711,9.2,6.5,4.664285714,6,3.5,4.288157895,4.8,3.6,20.625,24.4,16.6,74.36333333,87,60,9.773611111,17,2.5,70.78169014,86,62,NA,NA,NA
47,Hemixos castanonotus,10,20.483,22,19.2,11.854,12.89,10.9,4.554,5.15,4,4.997,5.21,4.66,17.501,18.28,16.9,97.05,103.5,91,19.177,21.15,17,90.05,96,84,9.73,10.64,9.17
48,Hemixos cinereus,20,20.824,22.66,18.9,12.31210526,13.57,10.3,4.358,4.79,3.84,5.16,5.96,4.33,17.543,18.44,16.73,94.35,103,88,17.07,21.05,12.7,84.825,93,79,9.305,10.43,8.1
49,Hemixos flavala,10,19.765,21.2,18.2,11.57888889,12.35,10.6,4.449,5.03,3.8,5.15,5.6,4.92,18.005,20.3,16.65,96.4,101,89.5,18.94777778,21.67,15.3,89.3,94,82,9.492,9.77,9.03
50,Hypsipetes affinis,10,27.093,27.82,26,16.478,17.96,14.7,5.287,5.6,5,6.72,7.1,6.16,19.472,20.12,19,108.1,112,102,19.67111111,22.86,17.7,90.7,96,87,12.12833333,13.21,11.16
51,Hypsipetes amaurotis,10,29.306,32.6,27.2,16.16888889,17.2,15.4,5.349,5.8,5.07,6.293,6.75,5.81,21.641,22.5,19.4,124.75,136,118,26.76666667,29.4,25.06,118.1,130,112,11.86,14.1,10.5
52,Hypsipetes aureus,0,NA,NA,NA,NA,NA,NA,NA,NA,NA,NA,NA,NA,NA,NA,NA,NA,NA,NA,NA,NA,NA,NA,NA,NA,NA,NA,NA
53,Hypsipetes borbonicus,4,24.825,25.5,24,13.125,13.6,12.6,5.075,5.5,4.4,6.125,6.4,5.7,25.6,26.8,24.7,113.25,116,111,24.975,25.5,24.2,102.25,106,100,NA,NA,NA
54,Hypsipetes catarmanensis,0,NA,NA,NA,NA,NA,NA,NA,NA,NA,NA,NA,NA,NA,NA,NA,NA,NA,NA,NA,NA,NA,NA,NA,NA,NA,NA,NA
55,Hypsipetes chloris,11,21.777,22.3,21.04,13.449,13.86,12.86,5.109,5.26,4.83,5.627,5.96,5.01,17.993,18.67,17.49,95.45,98,91,18.052,19.19,16.37,84.25,87,80,10.135,11.12,9.48
56,Hypsipetes crassirostris,10,29.382,31,28,16.72333333,18.14,15.25,6.342,6.8,5.5,8.33,9.4,7.7,26.407,27.3,25.5,134.35,141,128,29.6775,34.1,27.7,106.6,116,98,13.594,15.65,11.7
57,Hypsipetes everetti,13,27.42083333,29,25.6,16.98090909,18.4,15.11,5.619166667,5.88,5.1,6.993333333,7.5,6.5,20.1825,21.6,18.7,110.4166667,121,105,16.83333333,18.41,15.8,97,100,92,10.72857143,11.49,10
58,Hypsipetes ganeesa,10,26.528,27.4,25.44,16.012,17.31,15.3,5.375,5.89,4.8,5.749,6,5.46,18.033,18.75,17.37,114,119,109,26.679,28,25,98.4,105,92,11.02333333,12.06,10.35
59,Hypsipetes guimarasensis,9,27.22,28.37,26.03,16.715,17.8,16.01,5.33125,5.6,5.17,6.66875,7.14,6.36,19.97,20.84,19.04,105.8571429,109,102,18.70285714,20.42,17.7,92.6875,97,90,10.42,11.79,9.3
60,Hypsipetes harterti,0,NA,NA,NA,NA,NA,NA,NA,NA,NA,NA,NA,NA,NA,NA,NA,NA,NA,NA,NA,NA,NA,NA,NA,NA,NA,NA,NA
61,Hypsipetes leucocephalus,10,25.617,27.73,23.5,14.566,17,12.7,4.93,5.57,4.4,5.792,6.36,5.3,18.088,19.2,16.9,118.8,129,111,29.854,35,26.4,99.95,113,68,10.865,11.37,10.36
62,Hypsipetes longirostris,6,29.506,30.3,28.53,18.67166667,20.3,17.4,5.91,6.06,5.6,7.461666667,7.89,7.2,20.29333333,20.74,19.64,118,122,113,21.604,23.1,19.76,108.5,112,106,12.87,13.47,12.27
63,Hypsipetes lucasi,8,23.54571429,24.3,22.92,14.04428571,14.88,13.48,5.021428571,5.2,4.83,5.912857143,6.38,5.1,17.54714286,18.02,17.08,104.0714286,106,100,19.95285714,20.78,18.91,88.14285714,90,86,10.11285714,11.12,9.68
64,Hypsipetes madagascariensis,10,24.499,25.4,22.5,14.94,15.8,14.3,5.17,5.9,4.8,6.153,6.9,5.7,18.995,19.88,17.6,108.65,114,100,23.903,28,21,90.8,99,77,10.99833333,11.85,10.59
65,Hypsipetes mindorensis,7,25.96666667,26.3,25.06,15.76833333,15.95,15.58,5.095,5.66,4.73,6,6.29,5.72,19.53833333,20.3,19.14,100.8333333,107,97,19.07166667,22.13,16.59,91,95,87,9.395,10.19,9.04
66,Hypsipetes moheliensis,0,NA,NA,NA,NA,NA,NA,NA,NA,NA,NA,NA,NA,NA,NA,NA,NA,NA,NA,NA,NA,NA,NA,NA,NA,NA,NA,NA
67,Hypsipetes mysticalis,11,25.60090909,26.5,25,15.75545455,16.6,14.6,5.157272727,5.7,4.9,6.228,6.9,5.96,18.53727273,19.2,18.02,105.4,110,100,19.45,22.68,16.4,92.81818182,102,89,9.771428571,10.97,9.02
68,Hypsipetes nicobariensis,16,23.955,24.6,22.5,13.915,14.33,13.42,5.006,5.28,4.82,6.007,6.35,5.65,19.831,20.42,19.03,97.8,101,95,18.95,20.55,17.56,88.7,94,86,10.508,11.48,9.61
69,Hypsipetes olivaceus,5,29.3,30,28.5,18.1,21,16.1,6.58,7,6,7.64,8.5,7.1,26.56,28.3,25,131.1,137,126,27.2,32.6,18.2,111,118,105,NA,NA,NA
70,Hypsipetes parvirostris,7,24.35857143,25.39,23.5,13.76714286,14.09,13.4,4.685714286,5.08,4,5.91,6.3,5.5,20.14285714,21.3,17.7,109.3571429,114.5,99.5,22.60571429,24.77,16.8,94.71428571,106,87,10.875,11.58,9.81
71,Hypsipetes philippinus,10,23.05,24.63,21.3,13.83222222,14.77,12.8,5.003,5.43,4.63,5.573,6.35,5.1,19.085,20.27,17.9,94.55,101,87,13.75,15.8,8.8,87.55,91.5,85,9.342,9.92,8.41
72,Hypsipetes platenae,0,NA,NA,NA,NA,NA,NA,NA,NA,NA,NA,NA,NA,NA,NA,NA,NA,NA,NA,NA,NA,NA,NA,NA,NA,NA,NA,NA
73,Hypsipetes rufigularis,10,27.81777778,29,26.2,17.165,17.8,16.1,5.369,5.7,4.9,6.662,7.9,6.25,20.853,22.7,18.5,112.55,119,105,17.3475,21.11,14.1,98.7,110,92,10.326,11,9.23
74,Hypsipetes siquijorensis,2,28.8,29.2,28.4,17.65,17.7,17.6,5.9,6,5.8,7.7,7.8,7.6,23.1,23.5,22.7,119.5,120,119,22.8,23,22.6,115.75,118,113.5,NA,NA,NA
75,Hypsipetes thompsoni,8,20.95375,21.67,20.7,11.23875,11.9,10.7,4.3775,4.7,4.18,4.525,4.7,4.35,17.9275,18.4,16.9,90.5,93,88,16.97125,17.9,16.1,87.75,91,85,9.97,10.42,9.58
76,Iole cacharensis,8,18.92571429,19.17,18.5,11.15285714,11.72,10.87,4.634285714,4.89,4.25,4.731666667,5.08,4.5,17.25428571,17.59,16.95,80,82,79,12.15,13.53,10.94,72.28571429,76,71,8.721666667,9.08,8.11
77,Iole charlottae,10,20.335,21.94,19.7,12.971,15,11.9,5.201,6.5,4.8,5.327,7.1,4.77,18.232,22.7,17.2,86.7,100,81,15.533,18,13,72.22222222,75,68,9.596,10.37,8.58
78,Iole crypta,11,19.93363636,21.2,18.62,12.03,13.15,11.11,4.695454545,5.19,4.08,5.056363636,5.34,4.72,17.78090909,18.93,17.14,86,91,81,14.41777778,16.04,11.66,76.77272727,82,68.5,9.255,10.24,8.71
79,Iole finschii,10,17.8,18.2,17.1,11.404,11.9,10.9,4.808,5.48,4.6,5.718,5.93,5.4,16.215,17.1,15.3,84.35,86.5,79,15.878,18.3,13.7,69.6,74,65,9.741666667,10.9,8.91
80,Iole palawanensis,10,19.158,20.2,18.46,11.53333333,11.83,11.2,4.896,5.6,4.3,5.082,5.8,4.68,17.643,18.7,16.9,82.9,86,80,12.90333333,15.8,11.8,70.9,73,68,9.72,10.67,8.7
81,Iole propinqua,11,19.36454545,20.2,18.64,11.548,12.01,10.9,4.975454545,5.21,4.72,4.970909091,5.2,4.68,17.97181818,19.17,16.9,85.04545455,89,80,14.016,17.1,12.01,82.36363636,91,75,8.798333333,9.26,8.24
82,Iole viridescens,10,19.202,21.3,18.16,10.87444444,11.56,10.12,4.369,4.93,3.78,4.634,5.2,4.31,17.388,18.3,16.75,80.65,87,77,13.84777778,16.58,12.5,73.95,84,69,8.865555556,9.78,8
83,Ixonotus guttatus,11,16.21272727,17.4,15.3,9.45,10.12,8.6,4.074545455,4.5,3.5,4.319090909,4.6,4.1,17.92272727,19.8,16.3,87.09090909,93,83,17.42111111,18.95,16.3,74.90909091,83,69,9.393333333,10.16,8.55
84,Ixos leucogrammicus,4,16.0375,16.25,15.52,8.995,9.27,8.65,3.59,3.76,3.5,4.1,4.4,3.8,15.8875,16.13,15.55,86,89,83,16,18.5,14.1,83,90,80,NA,NA,NA
85,Ixos malaccensis,11,25.94090909,27.9,24,16.58818182,18.1,14.43,5.179090909,5.6,4.69,6.335454545,6.69,5.77,17.17909091,17.77,16.5,104.2727273,109,98,19.95818182,21.7,18.5,88.5,92,83,10.57166667,11.12,9.91
86,Ixos mcclellandii,11,26.49727273,28.11,25.2,16.13545455,17.71,14.6,4.890909091,5.25,4.3,5.238181818,5.8,4.61,17.95545455,19.5,17.1,103.3636364,111,97,19.26272727,22.83,16.82,103.7272727,114,96.5,8.587142857,9.62,7.97
87,Ixos sumatranus,7,19.68428571,20.12,19.35,12.53571429,12.9,11.91,4.251428571,4.62,4.08,4.885714286,5.24,4.5,16.16285714,16.7,15.3,90.25,94.5,87,16.90333333,19.6,15.3,91.8,95,88,8.83,9.24,8.42
88,Ixos virescens,10,20.345,21.2,19.4,12.846,14.5,12.01,4.82,5.6,4.2,4.941,5.3,4.5,17.583,18.4,17,86.35,90,84,13.27555556,15.89,11.3,83.45,89,80,9.372,9.91,8.85
89,Microtarsus eutilotus,20,18.714,19.81,17.2,11.57736842,12.1,11.04,4.626,5.1,4.22,5.1185,5.9,3.9,18.49368421,19.5,17.6,91.95,97,84,15.42333333,21.2,13.2,84.61111111,91,80,10.07875,11.17,9.29
90,Microtarsus fuscoflavescens,10,15.827,16.8,14.7,9.117,9.9,8.2,4.082,4.45,3.7,4.434,4.8,4.02,15.59,16.04,14.9,76.15,79,73.5,12.341,13.96,11.4,66.4,69,63,10.485,11.23,10.15
91,Microtarsus melanocephalos,13,16.07,16.75,15,9.665,10.4,9.04,4.370769231,4.74,4.09,4.723076923,5.07,4.57,15.179,16.13,14.2,80.00230769,85,77,14.1,14.7,13.4,66,79,62,7.858571429,8.37,7.14
92,Microtarsus melanoleucos,20,17.5635,18.38,16.4,10.3475,11.1,9.72,4.227,5,3.7,4.308,4.83,3.92,14.76833333,15.41,14,83.75,89,81,14.95684211,17.79,12.32,72.66666667,78,68,9.236,10,8.13
93,Microtarsus nieuwenhuisii,1,18.2,18.2,18.2,NA,NA,NA,NA,NA,NA,NA,NA,NA,16.4,16.4,16.4,84.7,84.7,84.7,NA,NA,NA,68.7,68.7,68.7,NA,NA,NA
94,Microtarsus priocephalus,20,14.9455,16.48,13.1,8.42,9.26,6.9,3.8255,4.39,3.34,4.2445,4.72,3.8,15.0755,17,12.3,75.2305,78,72,10.94368421,12.3,9.3,75.3,85,70,9.207333333,11.27,6.53
95,Microtarsus urostictus,10,15.586,16.79,14.4,9.125,9.48,8.5,4.015,4.6,2.5,4.449,4.9,3.8,16.506,17.89,15,79.61111111,83,73,11.42666667,12.6,8.73,81.3,89,73,9.406,10.54,8.73
96,Neolestes torquatus,10,15.348,15.7,14.8,7.922,8.6,7.4,3.777,4.04,3.3,4.652,5.2,4.41,20.362,22,19,70.85,74.5,66.5,9.199,10.68,6.91,64.85,69,61,8.718333333,9.17,8.3
97,Nok hualon,1,15.9,15.9,15.9,7.8,7.8,7.8,3.8,3.8,3.8,4.2,4.2,4.2,18.5,18.5,18.5,90,90,90,13.5,13.5,13.5,73,73,73,NA,NA,NA
98,Phyllastrephus albigula,21,15.86666667,18.2,14.1,8.70952381,10.3,7.9,3.6,4,3.2,3.476190476,3.7,3.3,18.93809524,19.6,18.2,64.23809524,70,61,8.80952381,12,6,63.47619048,68,59,NA,NA,NA
99,Phyllastrephus albigularis,11,19.03636364,21.7,16.9,11.87272727,13.1,10.5,4.6,5.2,3.9,4.681818182,5.2,4.2,20.25454545,22.2,17.6,76.09090909,86,69,7.509090909,12,5,75.35,90,64.5,NA,NA,NA
100,Phyllastrephus baumanni,10,18.69,19.73,15.6,10.61222222,11.4,8.9,4.3,4.57,3.9,4.752,5.17,4.2,21.246,23.12,19.4,77.8,83,71,6.708888889,7.73,6,80.1,87,70,10.022,10.75,9.08
101,Phyllastrephus cabanisi,63,19.09365079,23,15.7,10.70363636,14.4,8.7,4.166071429,5.2,3.3,4.486538462,5.3,3.6,23.01864407,26.3,19.7,82.98412698,96,73,10.66,14,6.6,84.42063492,97,72,NA,NA,NA
102,Phyllastrephus cerviniventris,10,19.433,21.2,17.6,10.91555556,12.11,9.5,3.719,4.06,3.2,4.231,4.62,3.7,21.383,22.5,19.2,83.15,89,76,10.05666667,11.5,8.78,84.5,89,79,9.73,11.08,8.32
103,Phyllastrephus debilis,10,15.568,16.66,13.9,8.974444444,10.43,8.1,3.474,3.67,3,3.708,4,3.6,17.287,18.04,16,64.1,70,61,7.414444444,9.49,5.4,63.6,69,59,8.498,9.73,7.97
104,Phyllastrephus fischeri,10,20.736,23.5,17.6,11.88555556,13.9,10.3,3.709,4.1,3.4,4.396,4.8,3.8,21.25,23.5,19.1,82.3,89,75,10.85444444,15,7.5,85.5,91,78,10.38,10.38,10.38
105,Phyllastrephus flavostriatus,15,20.72666667,23.4,16.5,11.94666667,13.9,9.7,3.853333333,4.8,3.2,4.54,5.2,3.9,22.1,23.9,18.8,87.26666667,100,80,12.28,15,9.4,86.76666667,103,79.5,NA,NA,NA
106,Phyllastrephus fulviventris,10,21.978,23.76,20.1,12.18666667,13.39,11,3.939,4.4,3.4,4.712,5.15,4.1,22.266,24.7,17.9,88.1,96,82,10.55333333,13.1,7.1,90.9,101,83,9.762,10.73,8.12
107,Phyllastrephus hypochloris,8,19.63,20.89,18.66,10.5525,11.6,9.6,4.26625,4.76,4,4.45,4.87,4,20.19,20.5,19.8,77.92857143,83,74,7.657142857,10.28,4.6,80.14285714,86,73,9.943333333,10.14,9.63
108,Phyllastrephus icterinus,30,18.27625,20,15.6,10.880625,12.2,9.9,4.285,5.3,3.6,4.2675,4.63,3.5,19.43125,24.9,17.5,72.60344828,81,65,8.282,11.1,5.3,67.78571429,75,60,9.698333333,10.55,9.19
109,Phyllastrephus lorenzi,1,16.5,16.5,16.5,8.9,8.9,8.9,3.9,3.9,3.9,4,4,4,17.7,17.7,17.7,69,69,69,8.4,8.4,8.4,64,64,64,NA,NA,NA
110,Phyllastrephus poensis,11,20.85454545,23.1,18.8,11.33,12.9,9.6,3.981818182,4.6,3.4,4.618181818,5,4.1,23.21818182,24,21.5,79.77272727,87,72,8.16,10.8,6.6,79.55555556,90,70,NA,NA,NA
111,Phyllastrephus poliocephalus,10,23.497,27.2,21.3,12.84,14.99,11.35,4.452,5.02,3.8,5.291,5.8,4.52,25.938,29,24.19,98.1,110,88,10.631,14.66,8.75,100.2,108,94,12.24166667,13.8,10.61
112,Phyllastrephus scandens,12,22.42916667,24.5,20.3,12.41181818,13.91,11.22,4.793333333,5.3,4.5,5.510833333,6.1,4.9,25.54166667,28.09,22,106.3333333,115,99,14.34545455,16.6,13.2,100.625,113,91,12.10285714,13.41,9.86
113,Phyllastrephus strepitans,11,19.81454545,21.23,16.5,11.19,12.1,9.9,3.738571429,4.13,3.4,4.14,4.6,3.5,21.41181818,23.18,19.4,79.77272727,86.5,70,7.751,10.23,6,83.09090909,90,79,9.265,9.53,9
114,Phyllastrephus terrestris,10,22.151,24.6,20,12.74666667,14.16,11.5,3.899,4.1,3.5,5.054,5.7,4.4,22.837,24.28,21.1,86,91,81,10.03111111,12.14,7.5,86.8,92,81,10.01,10.7,8.73
115,Phyllastrephus viridiceps,0,NA,NA,NA,NA,NA,NA,NA,NA,NA,NA,NA,NA,NA,NA,NA,NA,NA,NA,NA,NA,NA,NA,NA,NA,NA,NA,NA
116,Phyllastrephus xavieri,13,19.65,21.7,17.73,11.436,12.6,9.66,4.151,4.51,3.5,4.751,5.3,4.01,19.575,21.24,16.7,79.26923077,90,70,9.381,12.2,7.2,75,87,63,10.29333333,11.06,9.33
117,Pycnonotus aurigaster,30,19.631,22.14,17.4,10.265,11.5,8.8,4.2952,5.31,3.5,5.055,5.9,4.3,22.541,32.9,18.2,93,100,84,14.86208333,18.33,10.62,87.26666667,104,73,10.92533333,12.42,9.94
118,Pycnonotus barbatus,44,18.13181818,23.2,13.5,9.605714286,11.7,7.8,4.297222222,5.9,3.5,5.025,5.8,4.3,21.18409091,24,16.5,93.625,104,80,14.08,19,10.1,85.32954545,95,73,NA,NA,NA
119,Pycnonotus bimaculatus,20,17.576,18.41,16.9,9.445,9.8,8.81,4.526,4.91,3.82,4.988,5.38,4.52,21.32578947,22.15,20.39,86.675,90,83,11.7905,15.15,8.8,91.94736842,100,88,10.393125,11.44,9.27
120,Pycnonotus blanfordi,10,17.296,18.03,15,9.4,10.32,8.8,3.792,4.04,3.5,4.635,5,4.3,19.974,21.7,16.5,82.55,88,77,12.51333333,15.44,8.4,82.4,93,69,9.208,10,8.59
121,Pycnonotus brunneus,11,16.944,18.6,15.4,9.799090909,10.6,8,4.336363636,5.2,3.8,4.779090909,5.6,4,18.72181818,20.9,17.82,81.68181818,89,77,9.57,12.6,7.5,71.94444444,81,66,9.4,10.42,8.88
122,Pycnonotus cafer,40,20.34075,24.28,16.4,10.94525,13.64,8.2,4.6115,5.9,3.42,5.23825,6.1,4.3,22.769,25.86,19.3,94.8375,112,79,15.0475,23.2,11.63,89.65,109,73,10.875,13,9.32
123,Pycnonotus capensis,10,20.188,21,18.4,10.433,11.22,8.7,4.052,4.4,3.7,4.665,5.1,4.3,22.293,23.8,20.8,91.9,98,88,13.667,15,11.04,86.1,92,82,9.741666667,10.7,8.6
124,Pycnonotus cinereifrons,11,18.929,19.71,18.32,10.397,10.82,9.43,4.343,4.54,4.13,5.044,5.49,4.44,20.095,20.8,19.21,81.8,86,79,10.296,14.34,7.18,76.15,80,70,10.387,11.62,8.8
125,Pycnonotus conradi,11,17.873,19.12,16.68,9.776,10.51,9.17,4.322,5.02,3.8,5.162,5.6,4.9,20.736,22.52,19.59,80.2,86.5,75,9.767,13.18,7.28,81.3,87,71,9.754,10.23,8.57
126,Pycnonotus davisoni,11,18.981,19.22,18.64,10.357,10.65,10.04,4.213,4.58,3.86,5.118,5.36,4.77,19.769,20.23,19.11,85.75,88,84.5,11.73777778,13.14,10.04,81.9,85,79.5,10.149,11.84,8.22
127,Pycnonotus finlaysoni,10,17.201,19,14.2,9.21,10.16,8.2,4.068,4.5,3.6,4.98,5.4,4.5,18.677,21.7,15.7,80.4,86,73.5,11.01111111,15.49,8,79.5,85,75,10.104,10.64,9.3
128,Pycnonotus flavescens,11,17.29727273,18.4,16.4,8.947,9.87,8.1,4.079090909,4.49,3.5,4.674545455,5.7,4.3,19.852,21.4,18.76,84.5,88.5,80,11.728,13.7,10.1,94.3,98,88,9.74,10.43,9.1
129,Pycnonotus goiavier,40,18.37425,20.15,16.27,10.19461538,11.5,8.68,4.333,5.29,3.77,4.9175,5.7,4.39,20.884,24.1,18.64,84.0125,93,73,11.36025641,16,5.65,79.46153846,90,70,9.857058824,11.17,8.17
130,Pycnonotus jocosus,40,17.79625,20.64,15.1,9.414615385,11,7.9,4.197,5.1,3.54,4.6885,5.59,4,20.3445,25.4,17.82,83.9125,102,73,12.8674359,21.77,8.78,83.825,102,70,9.907419355,11.28,8.29
131,Pycnonotus leucogenys,30,18.62233333,21.42,16.97,9.650689655,11,8.3,3.959,4.84,3.37,4.721724138,5.33,4.2,20.647,22.3,18.38,88.23333333,96,79,13.59068966,16.38,10.7,85.8,96,73,9.7276,11.4,8.15
132,Pycnonotus leucops,7,16.74833333,17.42,16.35,8.94,9.1,8.64,4.008333333,4.24,3.83,4.766666667,4.93,4.46,20.74333333,21.3,20.3,86.75,90,85,10.465,11.74,9.3,88.16666667,90,86,10.025,10.59,9.62
133,Pycnonotus leucotis,30,16.506,19.47,15,8.475172414,10.31,7.34,4.262,4.93,3.53,5.054666667,6.09,4.4,20.509,22.59,18.77,83.76666667,92,73,13.42448276,17.09,10.57,80.34482759,92,71,9.4636,10.56,8.34
134,Pycnonotus luteolus,11,18.03727273,18.84,17.4,9.818181818,10.48,9,4.233,4.79,3.6,5.421818182,6.08,5.08,21.36818182,22.37,20.83,83.68181818,88.5,79.5,9.765,11,8.52,79.81818182,85,76,10.60714286,12.5,9.41
135,Pycnonotus nigricans,11,19.47636364,21,18.65,10.356,11.2,9.47,4.244545455,5,4,4.95,5.3,4.55,21.52090909,22.6,20.6,92.54545455,97,89,15.949,17.93,13.19,79.18181818,85,75,10.18166667,11.31,9.43
136,Pycnonotus penicillatus,10,17.296,17.6,16.9,8.892,9.56,8,4.449,4.8,4,4.929,5.24,4.6,21.231,21.9,19.5,78,83,74.5,9.153,10.92,6.1,78.6,83,75,9.861666667,10.77,9.04
137,Pycnonotus plumosus,13,17.76307692,19.03,15.4,10.5875,11.6,9.4,4.535384615,6.6,3.97,5.228461538,5.9,4.9,20.01538462,24.1,17.37,83.30769231,88,80,10.30916667,13.58,7,70.63636364,76,66,9.318333333,10.29,7.8
138,Pycnonotus pseudosimplex,1,15.4,15.4,15.4,8.1,8.1,8.1,3.6,3.6,3.6,4.3,4.3,4.3,18,18,18,74,74,74,8.7,8.7,8.7,68,68,68,NA,NA,NA
139,Pycnonotus simplex,11,16.22181818,17.56,14,9.958,10.7,9.23,3.878181818,4.9,3.48,4.6,5.2,4.2,17.28181818,19,16.14,78.81818182,87,71,11.257,13.03,8.6,68,73,64,9.085,9.88,8.52
140,Pycnonotus sinensis,30,17.81233333,20.7,15.85,9.308,10.16,8.03,4.388846154,5.6,3.7,5.118076923,6.1,3.99,21.109,24.7,17.7,85.51,94,75,16.00793103,20.5,10.1,80.55,91,69,9.415,12.14,8.32
141,Pycnonotus snouckaerti,0,NA,NA,NA,NA,NA,NA,NA,NA,NA,NA,NA,NA,NA,NA,NA,NA,NA,NA,NA,NA,NA,NA,NA,NA,NA,NA,NA
142,Pycnonotus taivanus,3,16.83,17.2,16.2,8.833333333,9.5,8.3,4.923333333,5.5,4.3,5.12,5.26,5,19.86333333,20.5,19.1,87.23333333,91.2,85,15.04666667,15.2,14.84,79.03333333,83.1,76,9.99,9.99,9.99
143,Pycnonotus tympanistrigus,2,13.05,13.2,12.9,6.7,6.8,6.6,3.35,3.5,3.2,3.8,4.1,3.5,14.5,15.1,13.9,74.5,75,74,11.4,11.6,11.2,71,72,70,NA,NA,NA
144,Pycnonotus xantholaemus,9,16.36666667,17.2,15.1,8.67,9.42,7.7,3.637777778,4.09,3.3,4.7,5.23,4.4,18.91777778,19.6,17.4,86.66666667,91,84,11.63666667,14.2,10.21,86.44444444,88,82,9.218,9.73,8.82
145,Pycnonotus xanthopygos,20,19.703,21.8,16.8,10.24466667,11.69,8.9,4.1975,5.01,3.6,5.431875,6.05,4.9,21.984,24.1,18.9,92.925,100,87.5,14.57789474,17.41,10.85,89.4,96,81,10.62545455,11.87,9.16
146,Pycnonotus xanthorrhous,10,18.164,20.81,16.8,9.317777778,10.12,8.7,4.009,4.46,3.74,4.519,5.12,4.1,20.89444444,22.44,19,89.4,95,82,13.23777778,15.4,10.54,92.4,101,85,10.132,10.55,9.72
147,Pycnonotus zeylanicus,11,25.06181818,27.2,22.3,13.41,14.17,12.3,5.177272727,5.52,4.8,6.968181818,8,6,25.209,27.8,24.3,114.6,121,109,13.667,17.28,11.1,108,111,97,13.05,14.61,11.72
148,Rubigula cyaniventris,17,14.454375,15.1,13.5,8.363125,9.1,7.52,3.674117647,4.1,3.3,3.765294118,4.2,3.39,14.57466667,15.55,13.4,73.29411765,80,67,11.945625,15.5,8.64,58.79411765,64,56,8.404,9.57,7.18
149,Rubigula dispar,10,15.469,16.49,14.3,8.573,9.29,7.6,3.888,4.2,3.6,4.448,4.77,4.1,15.575,16.13,14.7,80.2,83,75,10.999,12.88,9.6,81,91,75,10.37833333,11.14,9.64
150,Rubigula erythropthalmos,8,13.6,15.4,11.4,8.557142857,9.4,7.6,3.7625,4.3,3.5,3.7125,4,3.4,16,19.4,13.6,74.25,76,72,10.8,15.8,6,63.8,70,61,NA,NA,NA
151,Rubigula flaviventris,30,15.817,18.53,13.6,8.446666667,9.98,7.43,4.020666667,5.1,3.22,4.69862069,5.28,4.2,16.132,18.5,13.8,88.094,99,78,14.272,18.4,10.6,83.74333333,102,74,9.744782609,12.18,8.78
152,Rubigula gularis,10,14.376,14.95,13.5,7.669,8.66,7.1,3.623,3.85,3.33,3.872,4.05,3.7,14.671,15.6,13.7,74.082,78.53,71,9.762,12.54,8.3,72.9,83,65,9.265,10.4,7.86
153,Rubigula melanictera,11,15.00636364,15.79,13.9,7.997,8.48,7.1,3.618181818,4.1,3.36,4.24,4.9,3.8,15.34181818,16.8,13.1,71.5,75,67.5,7.953,10.5,5.72,66.54545455,72,64,9.51,10.16,9.17
154,Rubigula montis,10,14.908,16.28,13.6,8.191,9.16,7.3,3.355,3.6,3.15,4.035,4.22,3.8,15.357,15.89,14.5,78.95,81,74,11.139,14.02,9.08,73.05,77,69,8.633333333,10.17,7.78
155,Rubigula squamata,20,14.8075,15.55,14.1,7.953684211,8.68,7.11,3.8305,4.3,3.46,3.8435,4.37,3.43,15.29888889,16.09,14.62,73.25,78,70,11.44684211,13.3,9.24,62.15,68,57,9.327333333,10.6,8.53
156,Setornis criniger,10,23.636,25.8,21.02,15.29555556,17.8,13.25,5.155,5.9,4.62,6.511,7.4,6.03,19.556,22.4,17.73,96.1,100,89,16.88666667,19.3,13.89,84.2,88,80,10.99,11.89,9.94
157,Spizixos canifrons,12,16.0575,18.84,13.4,8.83,10.23,7.9,5.538333333,6.23,5.09,7.255833333,7.81,6.4,19.5225,20.91,16,95.005,100,90.5,14.967,20.6,11.92,92.9675,100,83.11,9.95625,11.04,8.57
158,Spizixos semitorques,20,15.5585,18.64,13.2,8.4825,9.2,7.6,6.345,9.3,5.37,7.734,8.1,7.1,19.783,21.9,17.5,89.95,94,86,13.795625,15.92,11.3,91.825,101,71,10.3925,12.03,9.01
159,Stelgidillas gracilirostris,18,19.56133333,21.66,16.8,11.475,12.57,10.6,4.312727273,4.77,3.88,4.555454545,4.98,4.1,20.01733333,21.64,18.78,80.41666667,85.5,66,13.55571429,19.8,9.79,74.08823529,87,51,9.545,10.65,8.63
160,Thescelocichla leucopleura,10,23.314,24.71,21.5,12.831,13.7,11.6,4.941,5.6,4.4,5.766,6.35,5.3,24.488,25.4,22.54,109.25,116,93,17.136,21.02,14.1,105.1,115,96,11.44,13.01,10.39
161,Tricholestes criniger,16,16.24071429,17.76,15,10.26066667,11.06,9.1,3.866875,4.5,3.48,4.084666667,4.42,3.6,15.408125,17.2,14.1,74.56666667,82,66,11.85666667,14.65,9,66.53846154,72,60,8.398333333,9.05,7.71