"LocalityString","Country","State","County","Lat","Lon","Correction Status","Precision","Error Polygon","Error Polygon (circular polygon)","Multiplot","AviList","Source","Specimen.number","n_specimens","Code"
"""West Africa""","Gabon","","",NA,NA,"","","","","","Ixonotus guttatus","University of Cambridge Museum of Zoology","UMZC 27/Pyc/7/a/1",1,NA
"10 1/2 km N, 1 km E Ziggida","Liberia","","",NA,NA,"","","","","","Bleda eximius","Louisiana State University, Museum of Natural Science","153033, 153034, 153035",3,NA
"26 km SW Goaso","Ghana","","",NA,NA,"","","","","","Bleda canicapillus","Louisiana State University, Museum of Natural Science","174619, 174620, 174621, 174622, 174623, 174624, 174625, 174626, 174627, 174628",10,NA
"Abrobonko; Fante","Ghana","","",NA,NA,"","","","","","Pycnonotus barbatus","University of Cambridge Museum of Zoology","UMZC 27/Pyc/11/d/13",1,NA
"Aceh Province, Aceh Tenggara Regency, Meloewak; ca. 35 miles SE Blangkedjeren and 60 miles WNW Medan","Indonesia","","",NA,NA,"","","","","","Pycnonotus tympanistrigus, Iole crypta, Ixos malaccensis, Rubigula squamata","ANSP","139812, 139755, 139754, 139814",4,NA
"Aceh Province, Central Aceh Regency, Tretet","Indonesia","","",NA,NA,"","","","","","Pycnonotus snouckaerti","ANSP","108714, 108715",2,NA
"Aceh Province, Gayo Lues Regency, Bivouac 1, on route to Mt. Leuser; ca. 5 miles SE BlangNAnga","Indonesia","","",NA,NA,"","","","","","Ixos sumatranus","ANSP","139747, 139748, 139749, 139750, 139751, 139752",6,NA
"Aceh Province, Gayo Lues Regency, BlangNAnga; ca. 20 miles E Blangkejeren","Indonesia","","",NA,NA,"","","","","","Ixos sumatranus","ANSP","139746",1,NA
"Aceh Province, Gayo Lues Regency, Bur Blang Beke","Indonesia","","",NA,NA,"","","","","","Pycnonotus snouckaerti","ANSP","139784",1,NA
"Aceh Province, Gayo Lues Regency, Koengke; ca. 20 miles SE Blangkejeren","Indonesia","","",NA,NA,"","","","","","Pycnonotus snouckaerti, Pycnonotus tympanistrigus","ANSP","139785, 139813",2,NA
"Aceh Province, Southeast Aceh Regency, Kutacane","Indonesia","","",NA,NA,"","","","","","Ixos malaccensis","ANSP","139753",1,NA
"Ahokwa","Equatorial Guinea","","",NA,NA,"","","","","","Eurillas virens","Field1","1_NA_4808, 1_NA_4809, 1_NA_4810, 1_NA_4811, 1_NA_4812, 1_NA_4813, 1_NA_4814, 1_NA_4815, 1_NA_4816, 1_NA_4817, 1_NA_4818, 1_NA_4819, 1_NA_4820, 1_NA_4821, 1_NA_4822, 1_NA_4824, 1_NA_4825, 1_NA_4826, 1_NA_4827, 1_NA_4828, 1_NA_4832, 1_NA_4833, 1_NA_4834, 1_NA_4835, 1_NA_4786, 1_NA_4787, 1_NA_4788, 1_NA_4790, 1_NA_4791",29,NA
"Ahokwa","Ghana","","",NA,NA,"","","","","","Bleda canicapillus, Eurillas curvirostris, Phyllastrephus albigularis","Field1","1_NA_1120, 1_NA_1121, 1_NA_1123, 1_NA_1124, 1_NA_1113, 1_NA_1114, 1_NA_1125, 1_NA_1126, 1_NA_1127, 1_NA_4198, 1_NA_4195, 1_NA_4196, 1_NA_8078, 1_NA_8079, 1_NA_8080, 1_NA_8081, 1_NA_8075, 1_NA_8076, 1_NA_8077",19,NA
"Ahokwa","Zambia","","",NA,NA,"","","","","","Pycnonotus barbatus","Field1","1_NA_8584",1,NA
"Altos de Nsork National Park","Equatorial Guinea","","",NA,NA,"","","","","","Bleda notatus, Bleda syndactylus, Eurillas latirostris","Field1","1_NA_1315, 1_NA_1330, 1_NA_1260, 1_NA_1193, 1_NA_1335, 1_NA_1320, 1_NA_1316, 1_NA_1319, 1_NA_1321, 1_NA_1325, 1_NA_1337, 1_NA_1334, 1_NA_1323, 1_NA_1318, 1_NA_1322, 1_NA_1317, 1_NA_1329, 1_NA_1328, 1_NA_1314, 1_NA_1326, 1_NA_1331, 1_NA_1333, 1_NA_1324, 1_NA_1327, 1_NA_1336, 1_NA_1332, 1_NA_1422, 1_NA_1420, 1_NA_1419, 1_NA_1418, 1_NA_1423, 1_NA_1421, 1_NA_4486, 1_NA_4644, 1_NA_4650, 1_NA_4679, 1_NA_4676, 1_NA_4685, 1_NA_4682, 1_NA_4582, 1_NA_4635, 1_NA_4496, 1_NA_4687, 1_NA_4669, 1_NA_4264, 1_NA_4653, 1_NA_4684, 1_NA_4671, 1_NA_4670, 1_NA_4680, 1_NA_4672, 1_NA_4668, 1_NA_4673, 1_NA_4656, 1_NA_4655, 1_NA_4675, 1_NA_4681, 1_NA_4657, 1_NA_4642, 1_NA_4643, 1_NA_4637, 1_NA_4638, 1_NA_4647, 1_NA_4678, 1_NA_4646, 1_NA_4640, 1_NA_4634, 1_NA_4641, 1_NA_4639, 1_NA_4645, 1_NA_4636, 1_NA_4665, 1_NA_4664, 1_NA_4666, 1_NA_4667, 1_NA_4660, 1_NA_4662, 1_NA_4663, 1_NA_4694, 1_NA_4688, 1_NA_4689, 1_NA_4691, 1_NA_4686, 1_NA_4692, 1_NA_4652, 1_NA_4674, 1_NA_4677, 1_NA_4654, 1_NA_4661, 1_NA_4693",90,NA
"Altos de Nsork National Park","Ghana","","",NA,NA,"","","","","","Eurillas latirostris","Field1","1_NA_4543, 1_NA_4618, 1_NA_4658",3,NA
"AmNAt Charoen Province, Chanuman District, Chanuman","Thailand","","",NA,NA,"","","","","","Iole propinqua, Pycnonotus conradi","ANSP","127148, 127149, 127150, 127167",4,NA
"Bahagian Song, Lanjak Entimau Wildlife Sanctuary HQ at Nanga Blok","Malaysia","","",NA,NA,"","","","","","Alophoixus phaeocephalus","Louisiana State University, Museum of Natural Science","198351",1,NA
"Bahagian Song, Lanjak Entimau Wildlife Sanctuary at Nanga Joh","Malaysia","","",NA,NA,"","","","","","Alophoixus phaeocephalus","Louisiana State University, Museum of Natural Science","198352",1,NA
"Baisha Li Autonomous County, Hainan","China","","",NA,NA,"","","","","","Pycnonotus sinensis","Museum of Biology,Sun Yat-sen University","SYS0002793, SYS0002775, SYS0002774, SYS0002813, SYS0002809, SYS0002800",6,NA
"Bangkok Province, BANGKOK","Thailand","","",NA,NA,"","","","","","Pycnonotus conradi","ANSP","108467",1,NA
"Bangkok Province, Bangkok","Thailand","","",NA,NA,"","","","","","Pycnonotus conradi","ANSP","82915, 82916, 82917, 87044",4,NA
"Bawangling, Hainan","China","","",NA,NA,"","","","","","Pycnonotus sinensis","Museum of Biology,Sun Yat-sen University","SYS0002782",1,NA
"Beni Suef","Egypt","","",NA,NA,"","","","","","Pycnonotus barbatus","University of Cambridge Museum of Zoology","UMZC 27/Pyc/11/d/20",1,NA
"Bie Province, Techioso, Cuanza River","Angola","","",NA,NA,"","","","","","Atimastillas flavigula","ANSP","89124, 89125",2,NA
"Bioko Island (BBPP)","Equatorial Guinea","","",NA,NA,"","","","","","Arizelocichla tephrolaema, Eurillas latirostris","Field1","1_NA_820, 1_NA_4697, 1_NA_4698, 1_NA_4333, 1_NA_4700, 1_NA_4696, 1_NA_4695",7,NA
"Bioko Island (BBPP)","United Republic of Tanzania","","",NA,NA,"","","","","","Eurillas virens","Field1","1_NA_4784",1,NA
"Bioko Island (Caldera de Luba)","Equatorial Guinea","","",NA,NA,"","","","","","Bleda notatus, Eurillas latirostris","Field1","1_NA_1192, 1_NA_4318, 1_NA_4319, 1_NA_4248, 1_NA_4246, 1_NA_4244, 1_NA_4245, 1_NA_4247",8,NA
"Bioko Island (Caldera de Luba)","Ghana","","",NA,NA,"","","","","","Eurillas virens","Field1","1_NA_4726, 1_NA_4738",2,NA
"Bioko Island (Caldera de Luba)","United Republic of Tanzania","","",NA,NA,"","","","","","Eurillas virens","Field1","1_NA_4737",1,NA
"Bioko Island (Moka)","Equatorial Guinea","","",NA,NA,"","","","","","Eurillas latirostris, Eurillas virens","Field1","1_NA_4320, 1_NA_4206, 1_NA_4323, 1_NA_4462, 1_NA_4205, 1_NA_4321, 1_NA_4243, 1_NA_4768, 1_NA_4736",9,NA
"Bois Sec","Mauritius","","",NA,NA,"","","","","","Hypsipetes olivaceus","University of Cambridge Museum of Zoology","UMZC 27/Pyc/6/c/23, UMZC 27/Pyc/6/c/19, UMZC 27/Pyc/6/c/21, UMZC 27/Pyc/6/c/20, UMZC 27/Pyc/6/c/22",5,NA
"Borneo","Malaysia","","",NA,NA,"","","","","","Setornis criniger","ANSP","61333",1,NA
"Bountai","Laos","","",NA,NA,"","","","","","Rubigula flaviventris","University of Michigan Museum of Zoology","68994",1,NA
"Brong-Ahafo Region","Ghana","","",NA,NA,"","","","","","Eurillas curvirostris","Louisiana State University, Museum of Natural Science","174583, 174584, 174585, 174586, 174587",5,NA
"Centro Sur, Monte Alen","Equatorial Guinea","","",NA,NA,"","","","","","Eurillas gracilis","ANSP","190212, 190213, 190214",3,NA
"Chanthaburi Province, CHANTABOON;","Thailand","","",NA,NA,"","","","","","Iole propinqua","ANSP","112595",1,NA
"Chiang Mai Province, Chiang Dao District, Doi Chiang Dao","Thailand","","",NA,NA,"","","","","","Hemixos flavala, Iole propinqua","ANSP","112631, 112632, 112634, 112591",4,NA
"Chiang Mai Province, Chiang Mai","Thailand","","",NA,NA,"","","","","","Pycnonotus conradi","ANSP","112578",1,NA
"Chiang Mai Province, Chiang Mai; Doi Suthep","Thailand","","",NA,NA,"","","","","","Iole propinqua","ANSP","87011, 87013",2,NA
"Chiang Rai Province, Chiang Saen District, Chiang Saen","Thailand","","",NA,NA,"","","","","","Iole propinqua","ANSP","87012",1,NA
"Chiela (Landana), Cabinda","Angola","","",NA,NA,"","","","","","Phyllastrephus icterinus","Lubango Museum, Angola","30126A",1,NA
"Chirinda Forest; Mt. Selinda","Zimbabwe","","",NA,NA,"","","","","","Phyllastrephus flavostriatus","University of Cambridge Museum of Zoology","UMZC 27/Pyc/10/g/3",1,NA
"Chitokoloki","Zambia","","",NA,NA,"","","","","","Chlorocichla flaviventris, Pycnonotus barbatus","Field1","1_NA_2100, 1_NA_2101, 1_NA_8589, 1_NA_8595",4,NA
"Coast Province, Mombasa, Mombasa","Kenya","","",NA,NA,"","","","","","Phyllastrephus fischeri","ANSP","95957",1,NA
"Coast Province, TaNA River, MwiNA","Kenya","","",NA,NA,"","","","","","Phyllastrephus fischeri","ANSP","95958",1,NA
"Coast Province, TaNA River, Pumwani, along the TaNA River","Kenya","","",NA,NA,"","","","","","Phyllastrephus fischeri","ANSP","95959, 95960",2,NA
"Coast Province, Taita-Taveta, Kasigau","Kenya","","",NA,NA,"","","","","","Phyllastrephus strepitans","ANSP","95925, 95926",2,NA
"Coast Province, Taita-Taveta, Mgama","Kenya","","",NA,NA,"","","","","","Phyllastrephus strepitans","ANSP","95927, 95928, 95929",3,NA
"Coast Province, Taita-Taveta, Taita Hills","Kenya","","",NA,NA,"","","","","","Phyllastrephus cerviniventris","ANSP","95993",1,NA
"Coast Province, Taita-Taveta, Taveta","Kenya","","",NA,NA,"","","","","","Phyllastrephus strepitans","ANSP","95930, 95931",2,NA
"Coast Province, Taita-Taveta, Tsavo","Kenya","","",NA,NA,"","","","","","Phyllastrephus cerviniventris, Phyllastrephus strepitans","ANSP","95994, 95932, 95933, 95934, 95935, 95936, 95937, 95938",8,NA
"Comoros","Comoros","","",NA,NA,"","","","","","Hypsipetes parvirostris","ANSP","52171",1,NA
"Conghua, Guangzhou","China","","",NA,NA,"","","","","","Pycnonotus sinensis","Museum of Biology,Sun Yat-sen University","SYS0002733, SYS0002730, SYS0002741, SYS0002792",4,NA
"Coonoor","India","","",NA,NA,"","","","","","Hypsipetes ganeesa, Acritillas indica","University of Cambridge Museum of Zoology","UMZC 27/Pyc/6/j/25, UMZC 27/Pyc/6/j/24, UMZC 27/Pyc/6/j/20, UMZC 27/Pyc/6/i/5, UMZC 27/Pyc/6/i/4, UMZC 27/Pyc/6/i/2",6,NA
"Crocker Range Park, Ulu Kimanis Station, 53.5 km S Kota Kinabalu","Malaysia","","",NA,NA,"","","","","","Alophoixus phaeocephalus","Louisiana State University, Museum of Natural Science","181666, 181667",2,NA
"Crocker Range, approximately 15 km NW Keningau","Malaysia","","",NA,NA,"","","","","","Alophoixus ruficrissus","Louisiana State University, Museum of Natural Science","165854",1,NA
"Dali Township, QiongzhongLi and Miano Autonomous Country, Hainan","China","","",NA,NA,"","","","","","Pycnonotus sinensis","Museum of Biology,Sun Yat-sen University","SYS0002783, SYS0002802, SYS0002807, SYS0002771",4,NA
"Danum Valley, Sabah, Borneo","Malaysia","","",NA,NA,"","","","","","Alophoixus phaeocephalus, Iole charlottae, Pycnonotus brunneus, Pycnonotus goiavier, Pycnonotus plumosus, Tricholestes criniger","Field1","1_NA_450, 1_NA_5871, 1_NA_8603, 1_NA_8604, 1_NA_8605, 1_NA_8606, 1_NA_8607, 1_NA_9941, 1_NA_9942, 1_NA_9943",10,NA
"Darjeeling","India","","",NA,NA,"","","","","","Rubigula flaviventris","Royal Ontario Museum","CG 1881, No 1086; 456",1,NA
"Darjeeling","India","","",NA,NA,"","","","","","Hemixos flavala, Ixos mcclellandii","University of Cambridge Museum of Zoology","UMZC 27/Pyc/6/h/5, UMZC 27/Pyc/6/l/9, UMZC 27/Pyc/6/l/6",3,NA
"Dinghu Mountian, Zhaoqing City, Guangdong","China","","",NA,NA,"","","","","","Pycnonotus sinensis","Museum of Biology,Sun Yat-sen University","SYS0002757",1,NA
"Dompim","Equatorial Guinea","","",NA,NA,"","","","","","Criniger calurus, Eurillas gracilis, Eurillas latirostris, Eurillas virens, Phyllastrephus icterinus","Field1","1_NA_2835, 1_NA_4203, 1_NA_4204, 1_NA_4202, 1_NA_4701, 1_NA_4713, 1_NA_4714, 1_NA_4720, 1_NA_4721, 1_NA_4722, 1_NA_4723, 1_NA_4702, 1_NA_4703, 1_NA_4704, 1_NA_4705, 1_NA_4706, 1_NA_4707, 1_NA_4708, 1_NA_4709, 1_NA_4710, 1_NA_4711, 1_NA_4712, 1_NA_4715, 1_NA_4716, 1_NA_4717, 1_NA_4718, 1_NA_4719, 1_NA_4805, 1_NA_4823, 1_NA_4831, 1_NA_4785, 1_NA_4789, 1_NA_4792, 1_NA_4829, 1_NA_4830, 1_NA_4793, 1_NA_4794, 1_NA_4795, 1_NA_4796, 1_NA_4797, 1_NA_4798, 1_NA_4799, 1_NA_4800, 1_NA_4801, 1_NA_4802, 1_NA_4803, 1_NA_4804, 1_NA_4806, 1_NA_4807, 1_NA_8157, 1_NA_8158, 1_NA_8154",52,NA
"Dompim","Ghana","","",NA,NA,"","","","","","Bleda canicapillus, Chlorocichla simplex, Criniger barbatus, Eurillas curvirostris, Phyllastrephus icterinus","Field1","1_NA_1116, 1_NA_1117, 1_NA_1118, 1_NA_1119, 1_NA_1122, 1_NA_1115, 1_NA_2111, 1_NA_2110, 1_NA_2829, 1_NA_2822, 1_NA_2823, 1_NA_2824, 1_NA_2825, 1_NA_2830, 1_NA_2827, 1_NA_2828, 1_NA_2826, 1_NA_4197, 1_NA_8155, 1_NA_8156",20,NA
"Dongfang City, Hainan","China","","",NA,NA,"","","","","","Pycnonotus sinensis","Museum of Biology,Sun Yat-sen University","SYS0002798, SYS0002799, SYS0002810",3,NA
"East Trail, Borneo","Malaysia","","",NA,NA,"","","","","","Rubigula erythropthalmos, Pycnonotus simplex","Field1","1_NA_5956, 1_NA_8608",2,NA
"East Usambara Mountains","Equatorial Guinea","","",NA,NA,"","","","","","Eurillas virens","Field1","1_NA_4844, 1_NA_4845, 1_NA_4846",3,NA
"East Usambara Mountains","Ghana","","",NA,NA,"","","","","","Eurillas virens","Field1","1_NA_4847, 1_NA_4848, 1_NA_4849, 1_NA_4850, 1_NA_4851, 1_NA_4852, 1_NA_4853, 1_NA_4854, 1_NA_4855, 1_NA_4856, 1_NA_4857, 1_NA_4858, 1_NA_4859, 1_NA_4860, 1_NA_4861, 1_NA_4862, 1_NA_4863",17,NA
"East Usambara Mountains","United Republic of Tanzania","","",NA,NA,"","","","","","Arizelocichla masukuensis, Arizelocichla striifacies, Phyllastrephus albigula, Phyllastrephus cabanisi, Phyllastrephus fischeri, Phyllastrephus flavostriatus","Field1","1_NA_781, 1_NA_783, 1_NA_784, 1_NA_785, 1_NA_786, 1_NA_787, 1_NA_788, 1_NA_789, 1_NA_790, 1_NA_791, 1_NA_792, 1_NA_795, 1_NA_796, 1_NA_797, 1_NA_798, 1_NA_799, 1_NA_800, 1_NA_807, 1_NA_808, 1_NA_809, 1_NA_8063, 1_NA_8055, 1_NA_8056, 1_NA_8057, 1_NA_8058, 1_NA_8059, 1_NA_8060, 1_NA_8061, 1_NA_8062, 1_NA_8086, 1_NA_8091, 1_NA_8092, 1_NA_8093, 1_NA_8094, 1_NA_8095, 1_NA_8096, 1_NA_8102, 1_NA_8103, 1_NA_8129, 1_NA_8130, 1_NA_8131, 1_NA_8132, 1_NA_8134, 1_NA_8135, 1_NA_8136, 1_NA_8137, 1_NA_8138, 1_NA_8133",48,NA
"Eastern , LUNDAZI RIVER","Zambia","","",NA,NA,"","","","","","Phyllastrephus cerviniventris","ANSP","166744, 166745, 166746",3,NA
"Eastern Province, Meru, Meru","Kenya","","",NA,NA,"","","","","","Stelgidillas gracilirostris","ANSP","89131, 89132, 89133, 89134",4,NA
"Eastern Province, Mwanda Peak","Zambia","","",NA,NA,"","","","","","Phyllastrephus cerviniventris","ANSP","166737, 166738, 166739",3,NA
"Eastern Region: Obudu Plateau","Nigeria","","",NA,NA,"","","","","","Arizelocichla tephrolaema","Louisiana State University, Museum of Natural Science","25182",1,NA
"Eastern, CHINHI","Zambia","","",NA,NA,"","","","","","Phyllastrephus cerviniventris","ANSP","166740, 166741, 166742",3,NA
"Fangcheng, Guangdong","China","","",NA,NA,"","","","","","Pycnonotus sinensis","Museum of Biology,Sun Yat-sen University","SYS0002738",1,NA
"Gambari","Nigeria","","",NA,NA,"","","","","","Phyllastrephus icterinus","University of Cambridge Museum of Zoology","UMZC 27/Pyc/10/j/1",1,NA
"Gbudwe, Yambio, Ri Rangu","South Sudan","","",NA,NA,"","","","","","Atimastillas flavigula","ANSP","104489",1,NA
"Gleneagles Estate; Inyangani","Zimbabwe","","",NA,NA,"","","","","","Phyllastrephus flavostriatus","University of Cambridge Museum of Zoology","UMZC 27/Pyc/10/g/3A",1,NA
"Grande Comore","Comoros","","",NA,NA,"","","","","","Hypsipetes parvirostris","Royal Belgian Institute of Natural Sciences, Brussels","RBINS 8781, RBINS 8781 B",2,NA
"Guangzhou","China","","",NA,NA,"","","","","","Pycnonotus sinensis","Museum of Biology,Sun Yat-sen University","SYS0002750",1,NA
"Gunong Inas, Larut/Bintang Range, Perak","Malaysia","","",NA,NA,"","","","","","Hemixos cinereus, Ixos mcclellandii","University of Cambridge Museum of Zoology","UMZC 27/Pyc/6/h/15, UMZC 27/Pyc/6/h/13, UMZC 27/Pyc/6/h/14, UMZC 27/Pyc/6/l/11, UMZC 27/Pyc/6/l/10",5,NA
"Hainan","China","","",NA,NA,"","","","","","Pycnonotus sinensis","Museum of Biology,Sun Yat-sen University","SYS0002794, SYS0002773",2,NA
"Haut-Lomami, Bukama","Democratic Republic of Congo","","",NA,NA,"","","","","","Atimastillas flavigula","ANSP","89126",1,NA
"Hill-Darrah-Braidwood Trail, Borneo","Malaysia","","",NA,NA,"","","","","","Rubigula erythropthalmos","Field1","1_NA_5957, 1_NA_5958",2,NA
"Hormigas Camp","Equatorial Guinea","","",NA,NA,"","","","","","Bleda notatus","Louisiana State University, Museum of Natural Science","230832",1,NA
"Ile Maurice","Mauritius","","",NA,NA,"","","","","","Hypsipetes olivaceus","Royal Belgian Institute of Natural Sciences, Brussels","RBINS 9148",1,NA
"Ile de la Réunion","Reunion","","",NA,NA,"","","","","","Hypsipetes borbonicus","Royal Belgian Institute of Natural Sciences, Brussels","RBINS 9148 A",1,NA
"India","India","","",NA,NA,"","","","","","Pycnonotus cafer","Royal Ontario Museum","B 3957b; WR 24, 1492",1,NA
"Ituri Province, Saidi’s Village; Irumu-Avakubi Road, 10 miles W of Epulu River Ferry","Democratic Republic of Congo","","",NA,NA,"","","","","","Phyllastrephus xavieri","ANSP","122242, 122243",2,NA
"Java","Indonesia","","",NA,NA,"","","","","","Rubigula squamata","ANSP","17109",1,NA
"Java","Indonesia","","",NA,NA,"","","","","","Ixos virescens","Royal Belgian Institute of Natural Sciences, Brussels","RBINS 2003",1,NA
"Jepore","India?","","",NA,NA,"","","","","","Hypsipetes ganeesa","University of Cambridge Museum of Zoology","UMZC 27/Pyc/6/j/27",1,NA
"Jiangsu Province, Jiangyin","China","","",NA,NA,"","","","","","Pycnonotus sinensis","ANSP","105553, 105554, 105555, 105556, 105557, 105558, 105559, 105560",8,NA
"Jiujiang Town, Foshan City,Guangdong","China","","",NA,NA,"","","","","","Pycnonotus sinensis","Museum of Biology,Sun Yat-sen University","SYS0002790",1,NA
"Kakamega Forest","Kenya","","",NA,NA,"","","","","","Arizelocichla masukuensis","Louisiana State University, Museum of Natural Science","26012, 26013",2,NA
"Kakum National Park, Abrafo, Kuntan Trail","Ghana","","",NA,NA,"","","","","","Bleda canicapillus","Louisiana State University, Museum of Natural Science","160475",1,NA
"Kamituga, Kivu, Zaïre","DRC","","",NA,NA,"","","","","","Phyllastrephus hypochloris","Royal Belgian Institute of Natural Sciences, Brussels","RBINS 62624, RBINS 62625",2,NA
"KanchaNAburi Province, Si Sawat District, Si Sawat","Thailand","","",NA,NA,"","","","","","Pycnonotus conradi","ANSP","114812",1,NA
"Kandulula, Kivu, Zaïre","DRC","","",NA,NA,"","","","","","Phyllastrephus hypochloris","Royal Belgian Institute of Natural Sciences, Brussels","RBINS 66958",1,NA
"Kasebere, Kivu, Zaïre","DRC","","",NA,NA,"","","","","","Phyllastrephus hypochloris","Royal Belgian Institute of Natural Sciences, Brussels","RBINS 59871",1,NA
"Kawaigan, Minolo, Puerto Galera","Phillippines","","",NA,NA,"","","","","","Pycnonotus goiavier","NMNH Philippines"," PNM 16091",1,NA
"Kemo, Sibut","Central African Republic","","",NA,NA,"","","","","","Atimastillas flavigula","ANSP","122698",1,NA
"Khun Tan mountain range","Thailand","","",NA,NA,"","","","","","Iole propinqua","ANSP","112593, 112594",2,NA
"Kinabalu Park, Sayap substation, approximately 18 km N park headquarters","Malaysia","","",NA,NA,"","","","","","Alophoixus ruficrissus","Louisiana State University, Museum of Natural Science","168299, 168300, 168301, 168302",4,NA
"Kinabalu Park, headquarters","Malaysia","","",NA,NA,"","","","","","Alophoixus ruficrissus","Louisiana State University, Museum of Natural Science","181643, 181644",2,NA
"Kon Tum, Ngoc Linh NAture Reserve","Vietnam","","",NA,NA,"","","","","","Alophoixus pallidus","ANSP","195028",1,NA
"Krabi Province, Khao Phanom Bencha","Thailand","","",NA,NA,"","","","","","Ixos malaccensis","ANSP","127587, 127588, 127589, 127590, 127591",5,NA
"Lampang Province, Lampang District, Lampang [NAkhon Lampang]","Thailand","","",NA,NA,"","","","","","Pycnonotus conradi","ANSP","114815, 114816",2,NA
"Lechang City, Guangdong","China","","",NA,NA,"","","","","","Pycnonotus sinensis","Museum of Biology,Sun Yat-sen University","SYS0002803, SYS0002804",2,NA
"Lingnan campus, Guangdong","China","","",NA,NA,"","","","","","Pycnonotus sinensis","Museum of Biology,Sun Yat-sen University","SYS0002690",1,NA
"Litoral, Rio Campo","Equatorial Guinea","","",NA,NA,"","","","","","Calyptocichla serinus","ANSP","191046, 191047",2,NA
"Luhega Forest Reserve, Ihambui Stream, 1.5 km E Uhafiwa","Tanzania","","",NA,NA,"","","","","","Arizelocichla masukuensis","Louisiana State University, Museum of Natural Science","138934, 138935",2,NA
"MABANDU","Zambia","","",NA,NA,"","","","","","Phyllastrephus cerviniventris","ANSP","166743",1,NA
"Makutu Mts","Zambia","","",NA,NA,"","","","","","Phyllastrephus cerviniventris","University of Cambridge Museum of Zoology","UMZC 27/Pyc/10/c/1",1,NA
"Malacca","Malaysia","","",NA,NA,"","","","","","Iole finschii, Iole crypta, Ixos malaccensis","ANSP","51959, 51943, 51940",3,NA
"Malanje Province, 42 km N Calandula","Angola","","",NA,NA,"","","","","","Neolestes torquatus","ANSP","191914",1,NA
"Maluku Province, Buru Island; Bara","Indonesia","","",NA,NA,"","","","","","Hypsipetes mysticalis","ANSP","51960",1,NA
"Mambere-Kadei, Berberati, Berberati","Central African Republic","","",NA,NA,"","","","","","Baeopogon indicator","ANSP","122699",1,NA
"Manjakatompo","Madagascar","","",NA,NA,"","","","","","Hypsipetes madagascariensis","University of Michigan Museum of Zoology","98579",1,NA
"Marlborough; Salisbury","Zimbabwe","","",NA,NA,"","","","","","Pycnonotus barbatus","University of Cambridge Museum of Zoology","UMZC 27/Pyc/11/d/16",1,NA
"Matuguinao, Samar Island","Philippines","","",NA,NA,"","","","","","Hypsipetes philippinus","UPLB Museum of Natural History, Philippines"," MNH 4092,  MNH 4104",2,NA
"Mayukwayukwa","Ghana","","",NA,NA,"","","","","","Pycnonotus barbatus","Field1","1_NA_8591",1,NA
"Mayukwayukwa","Zambia","","",NA,NA,"","","","","","Pycnonotus barbatus","Field1","1_NA_8590, 1_NA_8592, 1_NA_8593, 1_NA_8594, 1_NA_8585, 1_NA_8586, 1_NA_8587, 1_NA_8588, 1_NA_8602",9,NA
"Meilong County, Shanwei City, Guangdong","China","","",NA,NA,"","","","","","Pycnonotus sinensis","Museum of Biology,Sun Yat-sen University","SYS0002805, SYS0002788",2,NA
"Meligan Range, Ulu Lanhon, 58.5 km SSE Sipitang","Malaysia","","",NA,NA,"","","","","","Alophoixus ruficrissus","Louisiana State University, Museum of Natural Science","181569, 181570, 181571",3,NA
"Mendolong, approximatley 31 km SE Sipitang","Malaysia","","",NA,NA,"","","","","","Alophoixus ruficrissus","Louisiana State University, Museum of Natural Science","176700",1,NA
"Mirador Moka","Equatorial Guinea","","",NA,NA,"","","","","","Arizelocichla tephrolaema","Louisiana State University, Museum of Natural Science","190028, 190029",2,NA
"Moka Research Station","Equatorial Guinea","","",NA,NA,"","","","","","Arizelocichla tephrolaema","Louisiana State University, Museum of Natural Science","190027, 190031",2,NA
"Mount Meru, E side","Tanzania","","",NA,NA,"","","","","","Pycnonotus barbatus","University of Michigan Museum of Zoology","94957",1,NA
"Mt Chitagal (12°35'48.1""S 35°15'09.5""E)","Mozambique","","",NA,NA,"","","","","","Eurillas virens, Phyllastrephus cabanisi","Field1","1_NA_4842, 1_NA_8082, 1_NA_8085",3,NA
"Mt Sanga (12°22'57.4""S 35°20'03.1""E)","Ghana","","",NA,NA,"","","","","","Eurillas virens","Field1","1_NA_4840, 1_NA_4841",2,NA
"Mt Sanga (12°22'57.4""S 35°20'03.1""E)","Mozambique","","",NA,NA,"","","","","","Phyllastrephus cabanisi","Field1","1_NA_8084",1,NA
"Mt. Kanyi, Sipatung River, 3.3 km W of Kg Sebako, Sematan (logged good quality forest)","Malaysia","","",NA,NA,"","","","","","Alophoixus phaeocephalus","Louisiana State University, Museum of Natural Science","187857, 187860, 187861",3,NA
"Mt. Kanyi, approximately 4 km W Kampung Sebako","Malaysia","","",NA,NA,"","","","","","Alophoixus phaeocephalus","Louisiana State University, Museum of Natural Science","187858, 187859",2,NA
"Mt. Lucia, approximately 8 km N Tawau Hills Park headquarters","Malaysia","","",NA,NA,"","","","","","Alophoixus phaeocephalus, Alophoixus ruficrissus","Louisiana State University, Museum of Natural Science","176707, 176701",2,NA
"Mt. Trus Madi","Malaysia","","",NA,NA,"","","","","","Alophoixus ruficrissus","Louisiana State University, Museum of Natural Science","176702, 176703, 176704",3,NA
"Mt. Trus Madi, 17 km ESE Tambunan","Malaysia","","",NA,NA,"","","","","","Alophoixus ruficrissus","Louisiana State University, Museum of Natural Science","165855, 165856",2,NA
"Mulambalamba, Kivu, Zaïre","DRC","","",NA,NA,"","","","","","Phyllastrephus hypochloris","Royal Belgian Institute of Natural Sciences, Brussels","RBINS 70301",1,NA
"Mulu National Park, Deer Cave","Malaysia","","",NA,NA,"","","","","","Alophoixus phaeocephalus","Louisiana State University, Museum of Natural Science","186212, 186213",2,NA
"Mulu National Park, headquarters","Malaysia","","",NA,NA,"","","","","","Alophoixus phaeocephalus","Louisiana State University, Museum of Natural Science","186214",1,NA
"Mwenga, Kivu, Zaïre","DRC","","",NA,NA,"","","","","","Phyllastrephus hypochloris","Royal Belgian Institute of Natural Sciences, Brussels","RBINS 71069, RBINS 71070",2,NA
"NAkhon NAyok Province, NAkhon NAyok","Thailand","","",NA,NA,"","","","","","Iole propinqua","ANSP","112596",1,NA
"NULL","Equatorial Guinea","","",NA,NA,"","","","","","Eurillas latirostris","Field1","1_NA_4651, 1_NA_4649, 1_NA_4259, 1_NA_4550",4,NA
"NULL","Ghana","","",NA,NA,"","","","","","Eurillas latirostris","Field1","1_NA_4547, 1_NA_4548, 1_NA_4564",3,NA
"Nagar","India","","",NA,NA,"","","","","","Pycnonotus cafer","Royal Ontario Museum","T 8136, 462, 29, 22",1,NA
"Nanxiong City,Guangdong","China","","",NA,NA,"","","","","","Pycnonotus sinensis","Museum of Biology,Sun Yat-sen University","SYS0002724",1,NA
"Nature Trail, Borneo","Malaysia","","",NA,NA,"","","","","","Alophoixus phaeocephalus","Field1","1_NA_451, 1_NA_452",2,NA
"Naujan Lake, Mindoro","Philippines","","",NA,NA,"","","","","","Hypsipetes mindorensis","Royal Ontario Museum","JHF 22596, JJM 205",1,NA
"Newcastle; Natal","South Africa","","",NA,NA,"","","","","","Pycnonotus barbatus","University of Cambridge Museum of Zoology","UMZC 27/Pyc/11/d/6, UMZC 27/Pyc/11/d/7, UMZC 27/Pyc/11/d/19",3,NA
"Ngurdoto [Momela]","Tanzania","","",NA,NA,"","","","","","Phyllastrephus fischeri, Pycnonotus barbatus","University of Cambridge Museum of Zoology","UMZC 27/Pyc/10/f/1, UMZC 27/Pyc/11/d/18",2,NA
"Ningming County, Chongzuo City, Guangxi","China","","",NA,NA,"","","","","","Pycnonotus sinensis","Museum of Biology,Sun Yat-sen University","SYS0002796",1,NA
"Njesi Plateau (12°49'35.6""S 35°11'25.6""E)","Equatorial Guinea","","",NA,NA,"","","","","","Eurillas virens","Field1","1_NA_4836, 1_NA_4837, 1_NA_4838, 1_NA_4839",4,NA
"Njesi Plateau (12°49'35.6""S 35°11'25.6""E)","Mozambique","","",NA,NA,"","","","","","Arizelocichla milanjensis, Phyllastrephus cabanisi","Field1","1_NA_801, 1_NA_8083",2,NA
"Njesi Plateau (12°49'35.6""S 35°11'25.6""E)","United Republic of Tanzania","","",NA,NA,"","","","","","Eurillas virens","Field1","1_NA_4843",1,NA
"North Maluku Province, Obi Islands; Obi Island","Indonesia","","",NA,NA,"","","","","","Hypsipetes lucasi","ANSP","51961",1,NA
"North Maluku Province, South Halmahera Regency, Bacan Islands","Indonesia","","",NA,NA,"","","","","","Hypsipetes chloris","ANSP","136780, 136781",2,NA
"North Sumatra Province, South Nias Regency, Batu Islands; TaNAhmasa Island","Indonesia","","",NA,NA,"","","","","","Iole crypta","ANSP","56534",1,NA
"Nyanza Province, Siaya, Yala River","Kenya","","",NA,NA,"","","","","","Eurillas ansorgei, Baeopogon indicator, Chlorocichla laetissima","ANSP","96091, 95916, 95917, 96059, 96060, 96062, 96064, 96065, 96066, 96067",10,NA
"Okeho, 60 mi. NW Ibadan","Nigeria","","",NA,NA,"","","","","","Atimastillas flavicollis","Louisiana State University, Museum of Natural Science","23584",1,NA
"Oyala","Equatorial Guinea","","",NA,NA,"","","","","","Bleda notatus, Bleda syndactylus, Criniger calurus, Criniger chloronotus, Criniger ndussumensis, Eurillas ansorgei, Eurillas curvirostris, Eurillas latirostris, Eurillas virens, Phyllastrephus icterinus, Phyllastrephus xavieri, Stelgidillas gracilirostris","Field1","1_NA_1216, 1_NA_1263, 1_NA_1280, 1_NA_1178, 1_NA_1267, 1_NA_1204, 1_NA_1162, 1_NA_1147, 1_NA_1288, 1_NA_1169, 1_NA_1179, 1_NA_1198, 1_NA_1154, 1_NA_1155, 1_NA_1221, 1_NA_1250, 1_NA_1176, 1_NA_1223, 1_NA_1144, 1_NA_1184, 1_NA_1237, 1_NA_1158, 1_NA_1129, 1_NA_1148, 1_NA_1185, 1_NA_1278, 1_NA_1230, 1_NA_1238, 1_NA_1308, 1_NA_1226, 1_NA_1172, 1_NA_1209, 1_NA_1291, 1_NA_1244, 1_NA_1189, 1_NA_1242, 1_NA_1301, 1_NA_1313, 1_NA_1245, 1_NA_1286, 1_NA_1275, 1_NA_1156, 1_NA_1133, 1_NA_1167, 1_NA_1153, 1_NA_1265, 1_NA_1231, 1_NA_1213, 1_NA_1235, 1_NA_1159, 1_NA_1222, 1_NA_1199, 1_NA_1297, 1_NA_1135, 1_NA_1217, 1_NA_1180, 1_NA_1274, 1_NA_1181, 1_NA_1186, 1_NA_1307, 1_NA_1194, 1_NA_1234, 1_NA_1303, 1_NA_1173, 1_NA_1200, 1_NA_1246, 1_NA_1224, 1_NA_1262, 1_NA_1130, 1_NA_1295, 1_NA_1306, 1_NA_1195, 1_NA_1149, 1_NA_1143, 1_NA_1304, 1_NA_1219, 1_NA_1160, 1_NA_1196, 1_NA_1210, 1_NA_1239, 1_NA_1266, 1_NA_1253, 1_NA_1218, 1_NA_1279, 1_NA_1283, 1_NA_1229, 1_NA_1271, 1_NA_1170, 1_NA_1247, 1_NA_1171, 1_NA_1220, 1_NA_1136, 1_NA_1161, 1_NA_1214, 1_NA_1255, 1_NA_1137, 1_NA_1284, 1_NA_1168, 1_NA_1311, 1_NA_1248, 1_NA_1174, 1_NA_1276, 1_NA_1197, 1_NA_1233, 1_NA_1163, 1_NA_1139, 1_NA_1152, 1_NA_1259, 1_NA_1236, 1_NA_1201, 1_NA_1134, 1_NA_1187, 1_NA_1272, 1_NA_1261, 1_NA_1146, 1_NA_1298, 1_NA_1227, 1_NA_1138, 1_NA_1205, 1_NA_1281, 1_NA_1240, 1_NA_1182, 1_NA_1145, 1_NA_1287, 1_NA_1190, 1_NA_1202, 1_NA_1310, 1_NA_1269, 1_NA_1188, 1_NA_1150, 1_NA_1289, 1_NA_1292, 1_NA_1254, 1_NA_1151, 1_NA_1300, 1_NA_1256, 1_NA_1258, 1_NA_1132, 1_NA_1183, 1_NA_1225, 1_NA_1191, 1_NA_1215, 1_NA_1302, 1_NA_1309, 1_NA_1228, 1_NA_1232, 1_NA_1177, 1_NA_1203, 1_NA_1312, 1_NA_1211, 1_NA_1212, 1_NA_1164, 1_NA_1296, 1_NA_1140, 1_NA_1166, 1_NA_1141, 1_NA_1290, 1_NA_1251, 1_NA_1241, 1_NA_1142, 1_NA_1257, 1_NA_1206, 1_NA_1207, 1_NA_1208, 1_NA_1270, 1_NA_1273, 1_NA_1243, 1_NA_1285, 1_NA_1299, 1_NA_1277, 1_NA_1131, 1_NA_1165, 1_NA_1128, 1_NA_1264, 1_NA_1282, 1_NA_1268, 1_NA_1293, 1_NA_1305, 1_NA_1252, 1_NA_1294, 1_NA_1157, 1_NA_1175, 1_NA_1249, 1_NA_1353, 1_NA_1344, 1_NA_1346, 1_NA_1343, 1_NA_1367, 1_NA_1369, 1_NA_1368, 1_NA_1364, 1_NA_1373, 1_NA_1375, 1_NA_1424, 1_NA_1402, 1_NA_1404, 1_NA_1405, 1_NA_1406, 1_NA_1417, 1_NA_1410, 1_NA_1408, 1_NA_1340, 1_NA_1339, 1_NA_1342, 1_NA_1389, 1_NA_1390, 1_NA_1388, 1_NA_1376, 1_NA_1414, 1_NA_1409, 1_NA_1415, 1_NA_1400, 1_NA_1398, 1_NA_1345, 1_NA_1347, 1_NA_1350, 1_NA_1370, 1_NA_1371, 1_NA_1391, 1_NA_1361, 1_NA_1377, 1_NA_1394, 1_NA_1355, 1_NA_1341, 1_NA_1378, 1_NA_1379, 1_NA_1365, 1_NA_1392, 1_NA_1363, 1_NA_1362, 1_NA_1381, 1_NA_1356, 1_NA_1383, 1_NA_1366, 1_NA_1380, 1_NA_1385, 1_NA_1360, 1_NA_1354, 1_NA_1358, 1_NA_1357, 1_NA_1386, 1_NA_1348, 1_NA_1351, 1_NA_1412, 1_NA_1403, 1_NA_1413, 1_NA_1416, 1_NA_1411, 1_NA_1407, 1_NA_1349, 1_NA_1401, 1_NA_1352, 1_NA_1338, 1_NA_1399, 1_NA_1397, 1_NA_1395, 1_NA_1372, 1_NA_1396, 1_NA_1374, 1_NA_1387, 1_NA_1393, 1_NA_1384, 1_NA_1382, 1_NA_1359, 1_NA_2833, 1_NA_2832, 1_NA_2831, 1_NA_2840, 1_NA_2839, 1_NA_2836, 1_NA_2837, 1_NA_2838, 1_NA_2841, 1_NA_2843, 1_NA_2842, 1_NA_4192, 1_NA_4194, 1_NA_4193, 1_NA_4405, 1_NA_4221, 1_NA_4232, 1_NA_4249, 1_NA_4251, 1_NA_4304, 1_NA_4312, 1_NA_4215, 1_NA_4212, 1_NA_4313, 1_NA_4315, 1_NA_4406, 1_NA_4210, 1_NA_4209, 1_NA_4242, 1_NA_4305, 1_NA_4250, 1_NA_4390, 1_NA_4279, 1_NA_4273, 1_NA_4274, 1_NA_4287, 1_NA_4297, 1_NA_4282, 1_NA_4280, 1_NA_4283, 1_NA_4276, 1_NA_4272, 1_NA_4266, 1_NA_4301, 1_NA_4385, 1_NA_4349, 1_NA_4376, 1_NA_4296, 1_NA_4377, 1_NA_4252, 1_NA_4373, 1_NA_4456, 1_NA_4211, 1_NA_4370, 1_NA_4538, 1_NA_4619, 1_NA_4620, 1_NA_4600, 1_NA_4429, 1_NA_4610, 1_NA_4592, 1_NA_4555, 1_NA_4627, 1_NA_4541, 1_NA_4632, 1_NA_4546, 1_NA_4631, 1_NA_4537, 1_NA_4539, 1_NA_4428, 1_NA_4602, 1_NA_4611, 1_NA_4612, 1_NA_4621, 1_NA_4545, 1_NA_4561, 1_NA_4626, 1_NA_4540, 1_NA_4560, 1_NA_4622, 1_NA_4427, 1_NA_4554, 1_NA_4558, 1_NA_4535, 1_NA_4628, 1_NA_4575, 1_NA_4576, 1_NA_4559, 1_NA_4396, 1_NA_4260, 1_NA_4501, 1_NA_4445, 1_NA_4505, 1_NA_4290, 1_NA_4363, 1_NA_4291, 1_NA_4409, 1_NA_4295, 1_NA_4288, 1_NA_4269, 1_NA_4292, 1_NA_4400, 1_NA_4231, 1_NA_4208, 1_NA_4444, 1_NA_4362, 1_NA_4417, 1_NA_4594, 1_NA_4584, 1_NA_4411, 1_NA_4294, 1_NA_4410, 1_NA_4332, 1_NA_4699, 1_NA_4235, 1_NA_4237, 1_NA_4361, 1_NA_4284, 1_NA_4285, 1_NA_4277, 1_NA_4309, 1_NA_4327, 1_NA_4262, 1_NA_4270, 1_NA_4289, 1_NA_4261, 1_NA_4271, 1_NA_4365, 1_NA_4265, 1_NA_4268, 1_NA_4328, 1_NA_4267, 1_NA_4241, 1_NA_4366, 1_NA_4367, 1_NA_4453, 1_NA_4586, 1_NA_4392, 1_NA_4387, 1_NA_4302, 1_NA_4484, 1_NA_4329, 1_NA_4234, 1_NA_4659, 1_NA_4213, 1_NA_4306, 1_NA_4310, 1_NA_4455, 1_NA_4343, 1_NA_4216, 1_NA_4316, 1_NA_4375, 1_NA_4683, 1_NA_4311, 1_NA_4240, 1_NA_4454, 1_NA_4238, 1_NA_4476, 1_NA_4324, 1_NA_4393, 1_NA_4482, 1_NA_4474, 1_NA_4325, 1_NA_4478, 1_NA_4382, 1_NA_4403, 1_NA_4460, 1_NA_4470, 1_NA_4386, 1_NA_4461, 1_NA_4690, 1_NA_4648, 1_NA_4493, 1_NA_4331, 1_NA_4388, 1_NA_4344, 1_NA_4227, 1_NA_4300, 1_NA_4299, 1_NA_4342, 1_NA_4334, 1_NA_4338, 1_NA_4439, 1_NA_4337, 1_NA_4214, 1_NA_4345, 1_NA_4465, 1_NA_4336, 1_NA_4412, 1_NA_4413, 1_NA_4437, 1_NA_4364, 1_NA_4389, 1_NA_4404, 1_NA_4391, 1_NA_4397, 1_NA_4399, 1_NA_4383, 1_NA_4395, 1_NA_4407, 1_NA_4394, 1_NA_4401, 1_NA_4436, 1_NA_4374, 1_NA_4352, 1_NA_4379, 1_NA_4438, 1_NA_4378, 1_NA_4258, 1_NA_4353, 1_NA_4360, 1_NA_4355, 1_NA_4354, 1_NA_4217, 1_NA_4356, 1_NA_4358, 1_NA_4330, 1_NA_4347, 1_NA_4307, 1_NA_4469, 1_NA_4350, 1_NA_4351, 1_NA_4458, 1_NA_4341, 1_NA_4340, 1_NA_4314, 1_NA_4449, 1_NA_4408, 1_NA_4303, 1_NA_4236, 1_NA_4286, 1_NA_4233, 1_NA_4308, 1_NA_4466, 1_NA_4322, 1_NA_4317, 1_NA_4348, 1_NA_4239, 1_NA_4326, 1_NA_4381, 1_NA_4398, 1_NA_4524, 1_NA_4359, 1_NA_4228, 1_NA_4525, 1_NA_4529, 1_NA_4526, 1_NA_4442, 1_NA_4527, 1_NA_4528, 1_NA_4281, 1_NA_4534, 1_NA_4523, 1_NA_4357, 1_NA_4480, 1_NA_4522, 1_NA_4229, 1_NA_4419, 1_NA_4433, 1_NA_4435, 1_NA_4422, 1_NA_4218, 1_NA_4434, 1_NA_4418, 1_NA_4464, 1_NA_4421, 1_NA_4414, 1_NA_4431, 1_NA_4430, 1_NA_4415, 1_NA_4426, 1_NA_4432, 1_NA_4446, 1_NA_4441, 1_NA_4440, 1_NA_4468, 1_NA_4443, 1_NA_4450, 1_NA_4225, 1_NA_4226, 1_NA_4568, 1_NA_4595, 1_NA_4511, 1_NA_4588, 1_NA_4423, 1_NA_4504, 1_NA_4384, 1_NA_4598, 1_NA_4624, 1_NA_4614, 1_NA_4587, 1_NA_4499, 1_NA_4585, 1_NA_4488, 1_NA_4489, 1_NA_4593, 1_NA_4491, 1_NA_4346, 1_NA_4490, 1_NA_4579, 1_NA_4475, 1_NA_4578, 1_NA_4479, 1_NA_4512, 1_NA_4519, 1_NA_4590, 1_NA_4420, 1_NA_4510, 1_NA_4463, 1_NA_4589, 1_NA_4521, 1_NA_4596, 1_NA_4532, 1_NA_4335, 1_NA_4275, 1_NA_4494, 1_NA_4606, 1_NA_4502, 1_NA_4591, 1_NA_4467, 1_NA_4608, 1_NA_4581, 1_NA_4508, 1_NA_4416, 1_NA_4507, 1_NA_4230, 1_NA_4530, 1_NA_4542, 1_NA_4605, 1_NA_4629, 1_NA_4452, 1_NA_4623, 1_NA_4633, 1_NA_4603, 1_NA_4503, 1_NA_4599, 1_NA_4506, 1_NA_4509, 1_NA_4339, 1_NA_4424, 1_NA_4517, 1_NA_4448, 1_NA_4615, 1_NA_4533, 1_NA_4583, 1_NA_4597, 1_NA_4483, 1_NA_4549, 1_NA_4556, 1_NA_4531, 1_NA_4553, 1_NA_4451, 1_NA_4520, 1_NA_4293, 1_NA_4263, 1_NA_4473, 1_NA_4513, 1_NA_4518, 1_NA_4425, 1_NA_4514, 1_NA_4516, 1_NA_4515, 1_NA_4472, 1_NA_4500, 1_NA_4402, 1_NA_4498, 1_NA_4372, 1_NA_4368, 1_NA_4457, 1_NA_4477, 1_NA_4369, 1_NA_4207, 1_NA_4371, 1_NA_4447, 1_NA_4380, 1_NA_4485, 1_NA_4481, 1_NA_4459, 1_NA_4497, 1_NA_4487, 1_NA_4492, 1_NA_4495, 1_NA_4278, 1_NA_4219, 1_NA_4471, 1_NA_4630, 1_NA_4607, 1_NA_4604, 1_NA_4601, 1_NA_4617, 1_NA_4609, 1_NA_4613, 1_NA_4616, 1_NA_4565, 1_NA_4567, 1_NA_4574, 1_NA_4573, 1_NA_4557, 1_NA_4551, 1_NA_4563, 1_NA_4544, 1_NA_4552, 1_NA_4562, 1_NA_4577, 1_NA_4580, 1_NA_4761, 1_NA_8144, 1_NA_8146, 1_NA_8147, 1_NA_8141, 1_NA_8151, 1_NA_8143, 1_NA_8145, 1_NA_8148, 1_NA_8150, 1_NA_8142, 1_NA_8149, 1_NA_8159, 1_NA_8161, 1_NA_8160, 1_NA_9282, 1_NA_9281, 1_NA_9283",687,NA
"Oyala","Ghana","","",NA,NA,"","","","","","Criniger calurus, Eurillas gracilis, Eurillas latirostris, Eurillas virens, Phyllastrephus icterinus","Field1","1_NA_2834, 1_NA_4201, 1_NA_4200, 1_NA_4199, 1_NA_4569, 1_NA_4570, 1_NA_4625, 1_NA_4572, 1_NA_4536, 1_NA_4571, 1_NA_4566, 1_NA_4298, 1_NA_4224, 1_NA_4222, 1_NA_4223, 1_NA_4254, 1_NA_4255, 1_NA_4257, 1_NA_4253, 1_NA_4256, 1_NA_4220, 1_NA_4740, 1_NA_4750, 1_NA_4751, 1_NA_4747, 1_NA_4748, 1_NA_4749, 1_NA_4770, 1_NA_4779, 1_NA_4769, 1_NA_4771, 1_NA_4773, 1_NA_4776, 1_NA_4742, 1_NA_4735, 1_NA_4741, 1_NA_4739, 1_NA_4758, 1_NA_4757, 1_NA_4755, 1_NA_4777, 1_NA_4780, 1_NA_4781, 1_NA_4772, 1_NA_4774, 1_NA_4762, 1_NA_4763, 1_NA_4727, 1_NA_4724, 1_NA_4778, 1_NA_4743, 1_NA_8152, 1_NA_8140, 1_NA_8153",54,NA
"Oyala","Mozambique","","",NA,NA,"","","","","","Eurillas virens","Field1","1_NA_4725, 1_NA_4734, 1_NA_4732, 1_NA_4746, 1_NA_4745, 1_NA_4744, 1_NA_4731",7,NA
"Oyala","United Republic of Tanzania","","",NA,NA,"","","","","","Eurillas virens","Field1","1_NA_4730, 1_NA_4729, 1_NA_4753, 1_NA_4728, 1_NA_4759, 1_NA_4733, 1_NA_4783, 1_NA_4754, 1_NA_4782, 1_NA_4775, 1_NA_4752, 1_NA_4767, 1_NA_4766, 1_NA_4765, 1_NA_4764, 1_NA_4760, 1_NA_4756",17,NA
"Oyala, 1.3 km NE Universidad Americana de Guinea Ecuatorial","Equatorial Guinea","","",NA,NA,"","","","","","Bleda notatus","Louisiana State University, Museum of Natural Science","190023, 190024",2,NA
"Oyala, Universidad Americana de Guinea Ecuatorial","Equatorial Guinea","","",NA,NA,"","","","","","Bleda notatus","Louisiana State University, Museum of Natural Science","190021",1,NA
"Oyala, vicinity of Universidad Americana de Guinea Ecuatorial","Equatorial Guinea","","",NA,NA,"","","","","","Bleda notatus","Louisiana State University, Museum of Natural Science","190022",1,NA
"Padawan, Borneo Highlands Resort","Malaysia","","",NA,NA,"","","","","","Alophoixus phaeocephalus","Louisiana State University, Museum of Natural Science","187864",1,NA
"Palawan, Balabac","Philippines","","",NA,NA,"","","","","","Alophoixus frater","ANSP","51952",1,NA
"Palawan, Puerto Princesa City","Philippines","","",NA,NA,"","","","","","Alophoixus frater","ANSP","136764, 167926",2,NA
"Phitsanulok Province, Mueang Phitsanulok District, Watpa; 70 miles E Phitsanulok, headwaters of Pasak River","Thailand","","",NA,NA,"","","","","","Iole propinqua, Pycnonotus conradi","ANSP","115147, 115146, 114813, 114814",4,NA
"Pico Basile, K20 Camp","Equatorial Guinea","","",NA,NA,"","","","","","Arizelocichla tephrolaema","Louisiana State University, Museum of Natural Science","230921, 230922, 230925",3,NA
"Piste Katuka, entre la Rivière Byangolo et Molidi, 1100 m alt, Parc National Albert, Kivu, Congo Belge","DRC","","",NA,NA,"","","","","","Phyllastrephus hypochloris","Royal Belgian Institute of Natural Sciences, Brussels","RBINS 27062",1,NA
"Playa Moraka, Camp 2, Tope Tomo","Equatorial Guinea","","",NA,NA,"","","","","","Bleda notatus","Louisiana State University, Museum of Natural Science","230792, 230793, 230795, 230805, 230819",5,NA
"Potchefstroom; Transvaal","South Africa","","",NA,NA,"","","","","","Pycnonotus barbatus","University of Cambridge Museum of Zoology","UMZC 27/Pyc/11/d/4",1,NA
"Prachuap Khiri Khan Province, Khoa Luang (Big Mountain)","Thailand","","",NA,NA,"","","","","","Iole propinqua","ANSP","130285",1,NA
"Puerto Princessa, Palawan","Philippines","","",NA,NA,"","","","","","Alophoixus frater","Royal Ontario Museum","AM 1468; CG 1883, No 1097",1,NA
"Punduloya","Sri Lanka","","",NA,NA,"","","","","","Pycnonotus penicillatus","University of Michigan Museum of Zoology","94827",1,NA
"Rayong Province, Mueang Rayong District, Rayong","Thailand","","",NA,NA,"","","","","","Iole propinqua","ANSP","124190, 124191",2,NA
"Rio Mbua Camp","Equatorial Guinea","","",NA,NA,"","","","","","Bleda notatus","Louisiana State University, Museum of Natural Science","230859",1,NA
"Rivière Mangbweleu, affluent Butahu, 1300 m alt, ex Parc National Albert, Kivu, Congo Belge","DRC","","",NA,NA,"","","","","","Phyllastrephus hypochloris","Royal Belgian Institute of Natural Sciences, Brussels","RBINS 50787",1,NA
"S of Lai Chi","Vietnam","","",NA,NA,"","","","","","Iole propinqua","University of Michigan Museum of Zoology","68992",1,NA
"Saidi","DRC","","",NA,NA,"","","","","","Ixonotus guttatus","University of Michigan Museum of Zoology","91734, 91735",2,NA
"Sakbayeme","Cameroon","","",NA,NA,"","","","","","Thescelocichla leucopleura","University of Michigan Museum of Zoology","118974, 118976, 118975",3,NA
"Samarakan, 25 km S Bintulu (logged forest)","Malaysia","","",NA,NA,"","","","","","Alophoixus phaeocephalus","Louisiana State University, Museum of Natural Science","179298, 179299, 179300",3,NA
"Sarawak, Belaga, Mount Dulit","Malaysia","","",NA,NA,"","","","","","Hemixos cinereus","ANSP","61327, 61328, 61329, 61330",4,NA
"Sarawak, Mt Dulit, Baram Dist, Borneo","Malaysia","","",NA,NA,"","","","","","Hemixos cinereus","University of Cambridge Museum of Zoology","UMZC 27/Pyc/6/h/10, UMZC 27/Pyc/6/h/6",2,NA
"Sarawak, Mt Mulu, Baram Dist, Borneo","Malaysia","","",NA,NA,"","","","","","Hemixos cinereus","University of Cambridge Museum of Zoology","UMZC 27/Pyc/6/h/11, UMZC 27/Pyc/6/h/12",2,NA
"Sematan, Kampung Pueh","Malaysia","","",NA,NA,"","","","","","Alophoixus phaeocephalus","Louisiana State University, Museum of Natural Science","186209, 186211",2,NA
"Sematan, Kampung Sebako","Malaysia","","",NA,NA,"","","","","","Alophoixus phaeocephalus","Louisiana State University, Museum of Natural Science","187862, 187863",2,NA
"Sematan, Mt. Pueh","Malaysia","","",NA,NA,"","","","","","Alophoixus phaeocephalus","Louisiana State University, Museum of Natural Science","186205",1,NA
"Shan State, Kengtung Township, Loi Mwe","Myanmar","","",NA,NA,"","","","","","Hemixos flavala","ANSP","115144, 115145",2,NA
"Shan State, Lashio District, Pangsang","Myanmar","","",NA,NA,"","","","","","Iole propinqua","ANSP","112590",1,NA
"Shan State, Sop Lao","Myanmar","","",NA,NA,"","","","","","Iole propinqua","ANSP","112592",1,NA
"Solwezi","Zambia","","",NA,NA,"","","","","","Pycnonotus barbatus","University of Cambridge Museum of Zoology","UMZC 27/Pyc/11/d/21",1,NA
"South, Bitye","Cameroon","","",NA,NA,"","","","","","Baeopogon clamans, Baeopogon indicator, Calyptocichla serinus, Chlorocichla falkensteini, Atimastillas flavigula","ANSP","61888, 61889, 61882, 61883, 61884, 61875, 61868",7,NA
"South, Dja River; Bitye","Cameroon","","",NA,NA,"","","","","","Atimastillas flavigula","ANSP","64403",1,NA
"Sud-Ouest Province","Cameroon","","",NA,NA,"","","","","","Eurillas curvirostris","Louisiana State University, Museum of Natural Science","163307",1,NA
"Sukhothai Province, Me Rampan","Thailand","","",NA,NA,"","","","","","Pycnonotus conradi","ANSP","124162, 124163",2,NA
"Sulawesi","Indonesia","","",NA,NA,"","","","","","Pycnonotus aurigaster","Field1","1_NA_8578, 1_NA_8579, 1_NA_8580, 1_NA_8581, 1_NA_8582, 1_NA_8583",6,NA
"Tak Province, Me Phun","Thailand","","",NA,NA,"","","","","","Pycnonotus conradi","ANSP","124164",1,NA
"Takao","Taiwan","","",NA,NA,"","","","","","Pycnonotus taivanus","University of Michigan Museum of Zoology","23293",1,NA
"Tamil NAdu, Nilgiris District, Kotagiri; Forest Hills Estate","India","","",NA,NA,"","","","","","Hypsipetes ganeesa","ANSP","129720",1,NA
"Tamil NAdu, Nilgiris District, Nilgiris","India","","",NA,NA,"","","","","","Hypsipetes ganeesa","ANSP","51937",1,NA
"Tanga Region, Lushoto District, Usambara Mountains","Tanzania","","",NA,NA,"","","","","","Phyllastrephus cerviniventris","ANSP","95995, 95996",2,NA
"Tangier","Morocco","","",NA,NA,"","","","","","Pycnonotus barbatus","University of Cambridge Museum of Zoology","UMZC 27/Pyc/11/d/10",1,NA
"Tawai Forest Reserve, Ulu Rukuruku","Malaysia","","",NA,NA,"","","","","","Alophoixus phaeocephalus","Louisiana State University, Museum of Natural Science","176510",1,NA
"Tawau Hills Park","Malaysia","","",NA,NA,"","","","","","Alophoixus phaeocephalus","Louisiana State University, Museum of Natural Science","165852, 176708, 176709, 176710",4,NA
"Tawau Hills Park, approximately 2 km N park headquarters","Malaysia","","",NA,NA,"","","","","","Alophoixus phaeocephalus","Louisiana State University, Museum of Natural Science","168294, 168295",2,NA
"Tawau Hills Park, approximately 3 km N park headquarters","Malaysia","","",NA,NA,"","","","","","Alophoixus phaeocephalus","Louisiana State University, Museum of Natural Science","168293",1,NA
"Trang Province, Mueang Trang District, Trang River waterfall; Chong, 12 miles E of Trang","Thailand","","",NA,NA,"","","","","","Rubigula squamata","ANSP","127687",1,NA
"Trat Province, Trat","Thailand","","",NA,NA,"","","","","","Iole propinqua","ANSP","115148, 115149, 115150",3,NA
"Ubon Ratchathani Province, Khemarat District, Kemraj","Thailand","","",NA,NA,"","","","","","Pycnonotus conradi","ANSP","127164, 127165, 127166",3,NA
"Verenag; Cashmere","India","","",NA,NA,"","","","","","Hypsipetes leucocephalus","University of Cambridge Museum of Zoology","UMZC 27/Pyc/6/j/18",1,NA
"Waterfall Trail, Borneo","Malaysia","","",NA,NA,"","","","","","Alophoixus phaeocephalus","Field1","1_NA_446, 1_NA_447, 1_NA_448, 1_NA_449",4,NA
"Wele-Nzas, Altos de Nsork NAtioNAl Park; Obamicu","Equatorial Guinea","","",NA,NA,"","","","","","Phyllastrephus xavieri","ANSP","191028, 191029, 191030, 191031",4,NA
"Wenchang City, Hainan","China","","",NA,NA,"","","","","","Pycnonotus sinensis","Museum of Biology,Sun Yat-sen University","SYS0002780, SYS0002784, SYS0002772, SYS0002785, SYS0002801, SYS0002811",6,NA
"West Java Province, Mt. Halimun","Indonesia","","",NA,NA,"","","","","","Ixos virescens","ANSP","56575, 56576, 56577, 56578",4,NA
"West Sumatra Province, Padang Panjang","Indonesia","","",NA,NA,"","","","","","Pycnonotus tympanistrigus","ANSP","56580",1,NA
"West Sumatra Province, TaNAh Datar Regency, Batusangkar","Indonesia","","",NA,NA,"","","","","","Pycnonotus zeylanicus","ANSP","38998, 38999, 39000",3,NA
"West Usambara Mountains","United Republic of Tanzania","","",NA,NA,"","","","","","Arizelocichla masukuensis, Arizelocichla nigriceps, Arizelocichla striifacies, Phyllastrephus albigula, Phyllastrephus cabanisi, Phyllastrephus flavostriatus","Field1","1_NA_782, 1_NA_793, 1_NA_794, 1_NA_803, 1_NA_804, 1_NA_805, 1_NA_802, 1_NA_810, 1_NA_811, 1_NA_812, 1_NA_813, 1_NA_814, 1_NA_815, 1_NA_816, 1_NA_817, 1_NA_818, 1_NA_819, 1_NA_806, 1_NA_8054, 1_NA_8064, 1_NA_8065, 1_NA_8066, 1_NA_8067, 1_NA_8068, 1_NA_8069, 1_NA_8070, 1_NA_8071, 1_NA_8072, 1_NA_8073, 1_NA_8074, 1_NA_8087, 1_NA_8088, 1_NA_8089, 1_NA_8090, 1_NA_8097, 1_NA_8098, 1_NA_8099, 1_NA_8100, 1_NA_8101, 1_NA_8104, 1_NA_8105, 1_NA_8139",42,NA
"Western Province, Kakamega, Kabras","Kenya","","",NA,NA,"","","","","","Atimastillas flavigula","ANSP","95915",1,NA
"Western Province, Vihiga, Lerundo","Kenya","","",NA,NA,"","","","","","Phyllastrephus hypochloris","ANSP","96109",1,NA
"Wuzhishan City, Hainan","China","","",NA,NA,"","","","","","Pycnonotus sinensis","Museum of Biology,Sun Yat-sen University","SYS0002779, SYS0002778",2,NA
"Yala Swamp","Kenya","","",NA,NA,"","","","","","Pycnonotus barbatus","University of Cambridge Museum of Zoology","UMZC 27/Pyc/11/d/17",1,NA
"Yangmeilang，Guangdong","China","","",NA,NA,"","","","","","Pycnonotus sinensis","Museum of Biology,Sun Yat-sen University","SYS0002754",1,NA
"Yao Mountains, Guangxi","China","","",NA,NA,"","","","","","Pycnonotus sinensis","Museum of Biology,Sun Yat-sen University","SYS0002755, SYS0002760",2,NA
"ZOO Plzeň","ZOO","","",NA,NA,"","","","","","Pycnonotus barbatus","National Museum Prague, Czechia","P6V108208",1,NA
"ZOO Praha","ZOO","","",NA,NA,"","","","","","Rubigula dispar, Microtarsus priocephalus","National Museum Prague, Czechia","P6V108336, P6V108477",2,NA
"Zambezi","Zambia","","",NA,NA,"","","","","","Chlorocichla flaviventris, Phyllastrephus cabanisi, Pycnonotus barbatus","Field1","1_NA_2102, 1_NA_2103, 1_NA_2104, 1_NA_2105, 1_NA_2106, 1_NA_2107, 1_NA_2108, 1_NA_2109, 1_NA_8106, 1_NA_8107, 1_NA_8108, 1_NA_8109, 1_NA_8110, 1_NA_8111, 1_NA_8112, 1_NA_8113, 1_NA_8114, 1_NA_8115, 1_NA_8116, 1_NA_8117, 1_NA_8118, 1_NA_8119, 1_NA_8120, 1_NA_8121, 1_NA_8122, 1_NA_8123, 1_NA_8124, 1_NA_8125, 1_NA_8126, 1_NA_8127, 1_NA_8128, 1_NA_8596, 1_NA_8597, 1_NA_8598, 1_NA_8599, 1_NA_8600, 1_NA_8601",37,NA
"Zoo Ostrava, Czechia","ZOO","","",NA,NA,"","","","","","Hypsipetes thompsoni","National Museum Prague, Czechia","P6V109680",1,NA
"approximately 10 Km SE Juazohn","Liberia","","",NA,NA,"","","","","","Bleda eximius","Louisiana State University, Museum of Natural Science","148305",1,NA
"approximately 2 km N Ureka","Equatorial Guinea","","",NA,NA,"","","","","","Bleda notatus","Louisiana State University, Museum of Natural Science","190025",1,NA
"approximately 30 km S Assin Foso","Ghana","","",NA,NA,"","","","","","Bleda canicapillus","Louisiana State University, Museum of Natural Science","168497, 168498, 168499, 168500, 168501, 168502, 168503",7,NA
"collected along transect line from Nyeri to Meru","Kenya","","",NA,NA,"","","","","","Chlorocichla laetissima, Phyllastrephus cerviniventris","ANSP","96068, 96069, 95981",3,NA
"no specific locality","Malaysia","","",NA,NA,"","","","","","Pycnonotus zeylanicus","University of Michigan Museum of Zoology","23379, 23561, 23564, 24051",4,NA
"no specific locality","Philippines","","",NA,NA,"","","","","","Pycnonotus goiavier","University of Michigan Museum of Zoology","113733, 113734, 113735, 113736, 113737, 113738, 113745",7,NA
"no specific locality","South Africa","","",NA,NA,"","","","","","Pycnonotus barbatus","University of Michigan Museum of Zoology","89743",1,NA
"no specific locality","Taiwan","","",NA,NA,"","","","","","Pycnonotus taivanus","University of Michigan Museum of Zoology","25618",1,NA
"off Sibu-Bintulu road, 2.2 km NE Tatau","Malaysia","","",NA,NA,"","","","","","Alophoixus phaeocephalus","Louisiana State University, Museum of Natural Science","181717",1,NA
"upper Chiri River; Lundazi","Zambia","","",NA,NA,"","","","","","Phyllastrephus flavostriatus","University of Cambridge Museum of Zoology","UMZC 27/Pyc/10/g/1",1,NA
