"","Species2_eBird","Beak.Length_Culmen","Beak.Length_Nares","Beak.Width","Beak.Depth","Tarsus.Length","Wing.Length","Kipps.Distance","Tail.Length"
"1","Alophoixus affinis",1.09583333333333,1.8825,0.149166666666667,0.0158333333333333,0.22,5.39583333333333,0.646666666666666,77.6666666666667
"2","Alophoixus finschii",0.162499999999999,0.0758333333333332,0.00916666666666668,0.0225,0.720000000000001,3.58333333333333,3.64916666666667,6.91666666666667
"3","Alophoixus flaveolus",0.46952380952381,0.652380952380953,0.559047619047619,0.259047619047619,2.3147619047619,16.0595238095238,0.816190476190477,29.6547619047619
"4","Alophoixus longirostris",1.94916666666667,2.0425,0.0691666666666667,0.109166666666667,2.24666666666667,14.9166666666667,1.49583333333334,55.7291666666667
"5","Alophoixus mystacalis",0.0800000000000004,0.33,0.0366666666666666,0.1825,0.2025,16.6666666666667,2.58916666666667,36.6666666666667
"6","Alophoixus ochraceus",0.286666666666667,0.149166666666666,0.0666666666666668,0.18,0.875833333333333,27.5625,8.44916666666666,4.66666666666667
"7","Alophoixus pallidus",0.395833333333334,0.43,0.0758333333333334,0.0825000000000001,0.0891666666666665,26.5625,3.00916666666667,24.9166666666667
"8","Alophoixus phaeocephalus",1.85666666666666,1.24333333333333,0.0666666666666666,0.0625000000000001,1.90916666666667,7,0.0691666666666666,21.3333333333333
"9","Alophoixus tephrogenys",2.25666666666667,0.549166666666667,0.0599999999999999,0.27,1.39,7.58333333333333,3.4425,15.5833333333333
"10","Andropadus importunus",1.72916666666666,0.406666666666666,0.0891666666666666,0.18,1.08916666666667,17.6666666666667,3.76333333333333,19.6666666666667
"11","Arizelocichla chlorigula",1.47666666666667,0.129166666666667,0.0166666666666667,0.109166666666667,0.215833333333333,10.9166666666667,5.33666666666667,6
"12","Arizelocichla fusciceps",1.30666666666666,0.286666666666667,0.0291666666666667,0.0566666666666666,0.495833333333334,22.9166666666667,2.1225,14.3333333333333
"13","Arizelocichla masukuensis",3.56544444444444,0.0605555555555556,0.201777777777778,0.160444444444444,2.07555555555555,11.4027777777778,3.31655555555556,20.1805555555556
"14","Arizelocichla milanjensis",0.720227272727272,0.177272727272727,0.125454545454545,0.134242424242424,1.04818181818182,15.2424242424242,2.7844696969697,30.5454545454545
"15","Arizelocichla montana",0.196666666666667,0.0491666666666667,0.0599999999999999,0.01,0.982500000000002,38.25,2.38916666666667,38
"16","Arizelocichla neumanni",0.463333333333334,0.329166666666667,0.02,0.0466666666666666,0.0433333333333333,2.91666666666667,2.34,1.58333333333333
"17","Arizelocichla nigriceps",0.714285714285715,0.433571428571429,0.0341071428571429,0.112678571428571,5.42125,16.8392857142857,1.14,14.4107142857143
"18","Arizelocichla tephrolaema",0.0758333333333337,0.0691666666666666,0.0733333333333333,0.116666666666667,0.553333333333332,9.66666666666667,3.47583333333333,1.58333333333333
"19","Atimastillas flavicollis",0.686666666666666,0.686666666666666,0.1025,0.116666666666667,0.896666666666666,8.91666666666667,4.06333333333333,49.3333333333333
"20","Baeopogon clamans",0.516666666666667,0.353333333333334,0.0225,0.0666666666666668,2,6.25,0.6825,14.25
"21","Baeopogon indicator",0.996666666666666,0.54,0.0358333333333334,0.0158333333333333,0.3425,8.66666666666667,1.68916666666667,23
"22","Bleda canicapillus",1.98666666666667,0.749999999999999,0.0299999999999999,0.0866666666666667,1.7025,20.1666666666667,2.14,2.39583333333333
"23","Bleda eximius",10.6091666666667,5.62916666666667,0.0625000000000001,0.329166666666667,0.809999999999999,34.4166666666667,2.14916666666667,43
"24","Bleda notatus",1.225,1.1175,0.16,0.0927777777777778,0.53861111111111,9.75,2.0475,52.6111111111111
"25","Bleda syndactylus",7.34916666666666,5.71666666666667,0.2025,0.2025,0.209166666666667,30.3333333333333,4.38666666666666,31.5833333333333
"26","Brachypodius eutilotus",0.48,0.028,0.057,0.68,4.33,23.5,20.272,13.5
"27","Brachypodius fuscoflavescens",0.749166666666668,0.562500000000001,0.0466666666666667,0.02,0.229166666666667,5.66666666666667,0.389166666666667,6.91666666666667
"28","Brachypodius melanocephalos",0.349166666666666,0.0866666666666669,0.0866666666666667,0.00250000000000003,0.109166666666667,0.916666666666667,0.326666666666666,4.91666666666667
"29","Brachypodius melanoleucos",0.67,0.196666666666667,0.309166666666667,0.0466666666666667,1.17666666666667,2.66666666666667,4.07,14.9166666666667
"30","Brachypodius priocephalus",0.609166666666667,0.435833333333333,0.0366666666666667,0.0158333333333333,0.0433333333333333,0.666666666666667,1.18666666666667,8.91666666666667
"31","Brachypodius urostictus",0.682499999999999,6.4825,0.603333333333333,0.216666666666667,0.826666666666667,27.6666666666667,0.27,29.6666666666667
"32","Calyptocichla serinus",0.446666666666668,0.1625,0.0691666666666666,0.03,2.44666666666667,2.91666666666667,0.989166666666667,1.58333333333333
"33","Chlorocichla falkensteini",0.38,0.346666666666667,0.0491666666666667,0.0666666666666666,0.286666666666667,2,2.15333333333333,40.3333333333333
"34","Chlorocichla flaviventris",1.06916666666667,0.749999999999999,0.03,0.196666666666667,1.6225,62.9166666666667,5.1025,51.3333333333333
"35","Chlorocichla laetissima",4.59,1.50916666666667,0.0166666666666667,0.133333333333333,0.095833333333333,6.66666666666667,0.686666666666667,7.33333333333333
"36","Chlorocichla simplex",1.47666666666667,0.1625,0.0758333333333333,0.0700000000000001,1.6625,36.25,1.8625,15.3333333333333
"37","Criniger barbatus",0.26,0.782500000000001,0.1425,0.116666666666667,0.393333333333334,42.0625,0.475833333333334,17
"38","Criniger calurus",0.788888888888888,0.327666666666666,0.321777777777778,0.140444444444444,0.796555555555554,9.6,3.05333333333333,46.4555555555556
"39","Criniger chloronotus",0.189166666666667,0.570000000000001,0.0625000000000001,0.113333333333333,0.549166666666666,92,1.91583333333333,12.3333333333333
"40","Criniger ndussumensis",0.193333333333334,0.2825,0.0358333333333333,0.0299999999999999,1.39,11.6666666666667,0.3225,11.6666666666667
"41","Criniger olivaceus",0.109166666666666,0.353333333333333,0.116666666666667,0.0358333333333334,0.26,16.25,0.0158333333333334,26.9166666666667
"42","Eurillas ansorgei",0.702499999999999,0.153333333333333,0.0691666666666666,0.0225,0.262500000000001,8,2.80666666666667,16.25
"43","Eurillas curvirostris",0.576666666666666,0.449166666666667,0.02,0.0433333333333333,0.442499999999999,4.91666666666667,4.45333333333333,10.6666666666667
"44","Eurillas gracilis",0.2425,0.2625,0.01,0.0291666666666667,0.529166666666667,4.91666666666667,1.85666666666667,8.25
"45","Eurillas latirostris",0.683333333333333,0.536666666666666,0.0691666666666666,0.176666666666667,0.5425,17.0625,3.32916666666667,17.8958333333333
"46","Eurillas virens",0.5625,0.14,0.0200000000000001,0.133333333333333,1.23333333333333,7.41666666666667,4.1425,32.8958333333333
"47","Hemixos castanonotus",0.4025,0.313333333333333,0.17,0.02,0.1825,30.2291666666667,2.20916666666667,29.0625
"48","Hemixos cinereus",0.755833333333334,0.54,0.00666666666666665,0.0291666666666666,0.122499999999999,8.41666666666667,10.3425,11.0625
"49","Hemixos flavala",0.886666666666668,0.366666666666667,0.136666666666667,0.0691666666666666,0.435833333333333,14.7291666666667,2.88,17.6666666666667
"50","Hypsipetes amaurotis",1.7025,0.66,0.0291666666666667,0.0166666666666666,0.15,37.2291666666667,4.08333333333333,41.5833333333333
"51","Hypsipetes borbonicus",0.4425,0.249166666666667,0.2225,0.115833333333333,0.806666666666668,4.91666666666667,0.329166666666667,8.25
"52","Hypsipetes crassirostris",1.82,1.35333333333333,0.0625,0.433333333333333,0.566666666666666,32.3333333333333,8.40916666666667,43.3333333333333
"53","Hypsipetes everetti",2.15,1.59,0.0966666666666667,0.15,1.63583333333334,4.25,0.0299999999999999,11.5833333333333
"54","Hypsipetes ganeesa",0.235833333333332,0.1025,0.166666666666667,0.0566666666666667,0.0624999999999995,4.91666666666667,1.36333333333333,33.6666666666667
"55","Hypsipetes leucocephalus",2.04857142857143,1.78982142857143,0.0626785714285714,0.08125,0.679285714285714,39.5,3.53553571428571,196.709821428571
"56","Hypsipetes madagascariensis",1.43583333333333,0.12,0.206666666666667,0.266666666666667,0.349166666666666,49.8958333333333,7,44.6666666666667
"57","Hypsipetes nicobariensis",0.619999999999999,0.809166666666666,0.0891666666666667,0.0158333333333334,0.1225,18,2.03583333333333,11.2291666666667
"58","Hypsipetes olivaceus",0.75,5.87333333333333,0.1825,0.2625,0.909166666666668,21.3958333333333,39.0466666666667,29.6666666666667
"59","Hypsipetes philippinus",1.80666666666666,0.5625,0.0158333333333333,0.00916666666666668,0.763333333333335,33.0625,6.23,11.3958333333333
"60","Hypsipetes rufigularis",1.16916666666667,0.2625,0.0799999999999999,0.0433333333333333,0.553333333333333,15.2291666666667,3.61666666666666,65.3333333333333
"61","Hypsipetes thompsoni",0.0133333333333332,0.115833333333333,0.06,0.00666666666666668,0.449166666666667,4.91666666666667,0.659999999999999,10.25
"62","Iole charlottae",2.89666666666667,1.39666666666667,0.12,0.0558333333333333,0.0466666666666668,17,3.14,4.25
"63","Iole indica",0.725681818181819,0.301515151515152,0.135151515151515,0.0893181818181818,0.854242424242425,19.3560606060606,1.81477272727273,82.9924242424242
"64","Iole palawanensis",0.163333333333334,0.0300000000000001,0.0433333333333333,0.216666666666667,0.5825,2.72916666666667,3.31,17.5833333333333
"65","Iole propinqua",0.229166666666666,0.175833333333333,0.00666666666666668,0.0358333333333334,0.542500000000001,10.5,0.549166666666667,40.3333333333333
"66","Ixonotus guttatus",0.246666666666666,0.129166666666667,0.189166666666667,0.0225000000000001,0.819999999999999,6.25,0.536666666666666,16.9166666666667
"67","Ixos malaccensis",2.267,0.547000000000001,0.0629999999999999,0.00800000000000001,0.157,14.5,2.233,40.7
"68","Ixos mcclellandii",0.896666666666666,0.766666666666667,0.0091666666666666,0.0891666666666667,0.729166666666666,16.6666666666667,1.11583333333333,52.25
"69","Ixos virescens",0.334285714285715,0.504107142857143,0.274107142857143,0.0771428571428572,1.06267857142857,14.2098214285714,10.4278571428571,31.8883928571429
"70","Neolestes torquatus",0.166666666666666,0.0824999999999999,0.0558333333333333,0.0158333333333333,1.5825,4.08333333333333,0.269999999999999,12.9166666666667
"71","Phyllastrephus albigularis",0.873333333333331,0.555833333333334,0.0633333333333333,0.169166666666667,0.873333333333331,20.9166666666667,0.0491666666666667,169.5625
"72","Phyllastrephus baumanni",3.0025,1.11333333333333,0.0566666666666667,0.0833333333333334,0.749166666666668,27,0.0225000000000001,44.6666666666667
"73","Phyllastrephus cabanisi",1.94214285714286,1.14785714285714,0.10125,0.12125,1.58267857142857,34.4107142857143,4.82125,37.9285714285714
"74","Phyllastrephus cerviniventris",0.6825,0.8425,0.123333333333333,0.0299999999999999,1.28666666666667,20.25,0.886666666666667,12.9166666666667
"75","Phyllastrephus debilis",1.28916666666667,0.43,0.0758333333333333,0.0291666666666666,0.463333333333334,2.25,1.79583333333333,27.3333333333333
"76","Phyllastrephus fischeri",7.46,2.9625,0.0866666666666666,0.109166666666667,0.842499999999999,26.9166666666667,3.72916666666667,39.5833333333333
"77","Phyllastrephus flavostriatus",6.40839285714286,2.23714285714286,0.135535714285714,0.206964285714286,3.42,51.4285714285714,2.21928571428571,60.3526785714286
"78","Phyllastrephus fulviventris",0.936666666666664,0.516666666666667,0.0666666666666667,0.133333333333334,3.2825,38.6666666666667,3.41583333333333,61.3333333333333
"79","Phyllastrephus hypochloris",0.936666666666667,0.126666666666667,0.0266666666666667,0.0758333333333333,0.11,16.6666666666667,2.9625,28.9166666666667
"80","Phyllastrephus icterinus",0.47,0.4425,0.0491666666666667,0.07,1.76666666666667,13.7291666666667,1.28666666666667,20.25
"81","Phyllastrephus poensis",2.27357142857143,1.09267857142857,0.198392857142857,0.0678571428571429,1.03928571428571,18.8883928571429,2.05410714285714,19.9285714285714
"82","Phyllastrephus poliocephalus",0.549166666666666,0.0466666666666666,0.0691666666666668,0.1425,4.01583333333333,22.0833333333333,0.1625,31
"83","Phyllastrephus scandens",1.69,0.456666666666666,0.0691666666666666,0.1,2.3025,43.6666666666667,2.03666666666667,33.6666666666667
"84","Phyllastrephus strepitans",3.18,1.29583333333333,0.0758333333333333,0.1225,1.06916666666667,44.6666666666667,2.5825,34
"85","Phyllastrephus terrestris",1.64916666666667,0.309166666666667,0.0833333333333333,0.1425,0.389166666666666,1.66666666666667,1.14916666666667,22.9166666666667
"86","Phyllastrephus xavieri",3.37,1.72916666666667,0.115833333333333,0.136666666666667,4.46,52.5625,4.88916666666667,67.4166666666667
"87","Pycnonotus aurigaster",0.656111111111111,0.531944444444444,0.0969444444444446,0.217777777777778,2.7375,9,4.36444444444444,49.1111111111111
"88","Pycnonotus barbatus",1.80629166666667,0.736666666666666,0.0713333333333333,0.123625,2.11595833333333,33.6666666666667,2.324625,41.7958333333333
"89","Pycnonotus bimaculatus",1.41583333333333,0.329166666666667,0.0424999999999999,0.235833333333333,6.89583333333333,2.91666666666667,3.0025,42.9166666666667
"90","Pycnonotus blanfordi",1.53,0.0199999999999999,0.0425,0.0158333333333333,3.63583333333333,21.6666666666667,7.76666666666666,101.333333333333
"91","Pycnonotus cafer",5.20272727272727,1.20810606060606,0.500227272727273,0.219015151515151,1.38606060606061,90.9753787878788,13.3015151515152,116.878787878788
"92","Pycnonotus capensis",0.846666666666668,0.596666666666668,0.0866666666666667,0.115833333333333,1.69,14.25,0.659999999999999,17.5833333333333
"93","Pycnonotus finlaysoni",1.98666666666667,0.596666666666667,0.135833333333333,0.123333333333333,2.12666666666667,4.33333333333333,0.809166666666666,1.66666666666667
"94","Pycnonotus flavescens",0.675833333333333,0.1825,0.0333333333333334,0.49,1.60916666666666,50.9166666666667,2.19666666666667,54.6666666666667
"95","Pycnonotus goiavier",0.0691666666666665,0.0158333333333334,0.0291666666666667,0.0566666666666666,0.15,2,0.949166666666667,12
"96","Pycnonotus jocosus",1.18267857142857,0.387857142857143,0.348392857142857,0.193571428571429,5.29839285714286,64.5669642857143,2.60571428571429,79.0714285714286
"97","Pycnonotus leucogenys",0.136666666666666,0.289166666666666,0.0866666666666666,0.0958333333333333,1.55583333333333,9.66666666666667,4.6425,13.6666666666667
"98","Pycnonotus leucogrammicus",0.5625,0.0900000000000001,0.17,0.0666666666666668,3.51583333333333,7,3.88666666666667,57.3333333333333
"99","Pycnonotus leucotis",0.43,0.389166666666667,0.0158333333333333,0.0824999999999998,0.349166666666666,12.9166666666667,0.762499999999999,35.6666666666667
"100","Pycnonotus luteolus",0.2625,0.186666666666667,0.0624999999999999,0.0133333333333334,0.113333333333333,2.91666666666667,0.1825,7.33333333333333
"101","Pycnonotus nigricans",0.189999999999999,0.0758333333333332,0.00916666666666669,0.0358333333333334,0.289166666666667,4.91666666666667,1.43583333333333,4.33333333333333
"102","Pycnonotus penicillatus",0.0691666666666665,0.2825,0.17,0.0291666666666667,1.08916666666667,12.25,4.28916666666667,16.6666666666667
"103","Pycnonotus plumosus",0.46,0.433333333333334,0.0566666666666666,0.0291666666666666,0.255833333333335,9.66666666666667,2.68916666666667,12.9166666666667
"104","Pycnonotus simplex",1.207,0.163,0.228,0.145,0.148,12.3,1.272,6.3
"105","Pycnonotus sinensis",0.685000000000001,0.115,0.532,0.04,2.935,6.668,8.245,41.3
"106","Pycnonotus striatus",0.646666666666669,0.0599999999999999,0.0225,0.0466666666666667,1.61666666666666,8.25,2.87,72.6666666666667
"107","Pycnonotus xantholaemus",0.909166666666667,0.326666666666667,0.0691666666666667,0.0291666666666666,0.829166666666669,7,2.89666666666667,4
"108","Pycnonotus xanthopygos",0.323333333333334,0.1425,0.116666666666667,0.0566666666666667,0.790000000000001,4.91666666666667,1.65666666666667,12.9166666666667
"109","Pycnonotus xanthorrhous",0.38,0.1225,0.0158333333333333,0.0491666666666666,1.14916666666667,9,2.26916666666667,28
"110","Pycnonotus zeylanicus",3.40666666666667,0.569999999999999,0.1,0.92,2.2425,72.9166666666667,2.24333333333333,28.25
"111","Rubigula cyaniventris",1.61766666666667,0.101666666666667,0.0386666666666667,0.0466666666666667,1.17766666666667,6.96666666666667,4.35766666666667,1.86666666666667
"112","Rubigula dispar",0.522499999999999,0.0666666666666666,0.0625,0.0366666666666667,0.3625,11,1.1,16.9166666666667
"113","Rubigula erythropthalmos",0.215833333333333,0.0624999999999999,0.00666666666666668,0.00333333333333331,0.2425,0.333333333333333,3.56666666666667,2.25
"114","Rubigula flaviventris",0.565666666666667,0.194666666666666,0.117666666666667,0.109666666666667,1.17466666666667,12.6016666666667,3.99766666666667,53.2666666666667
"115","Rubigula gularis",0.2425,0.0433333333333334,0.02,0.0133333333333333,0.835833333333334,3.58333333333333,0.759999999999999,19.3333333333333
"116","Rubigula melanicterus",0.496666666666666,0.19,0.0158333333333334,0.0366666666666667,0.582500000000001,6.66666666666667,2.0825,35.5833333333333
"117","Rubigula montis",0.349166666666667,0.06,0.00916666666666664,0.02,7.76916666666667,11.3333333333333,2.09583333333333,35
"118","Rubigula squamata",0.0225000000000001,0.00333333333333331,0.0166666666666667,0.0366666666666667,0.00916666666666678,8.91666666666667,0.0200000000000001,2.91666666666667
"119","Setornis criniger",3.10333333333333,2.26,0.00666666666666668,0.14,3.9625,62.9166666666667,8.4825,30.9166666666667
"120","Spizixos canifrons",0.0425000000000001,0.0433333333333333,0.0333333333333333,0.2025,4.6025,18,7.40916666666667,6
"121","Spizixos semitorques",0.0833333333333333,0.169166666666667,0.0425,0.109166666666667,0.675833333333333,3.58333333333333,5.2625,3.66666666666667
"122","Stelgidillas gracilirostris",1.38,0.206666666666666,0.0166666666666667,0.0566666666666666,0.533333333333332,0.916666666666667,17.6966666666667,30.9166666666667
"123","Thescelocichla leucopleura",0.9625,0.7625,0.26,0.0625000000000001,0.5825,4.66666666666667,6.0025,58.9166666666667
"124","Tricholestes criniger",0.706999999999999,0.598666666666666,0.142666666666667,0.0456666666666666,0.578666666666667,16.3,3.12566666666667,5.76666666666667
