Sequence,Species1,Family1,Order1,Avibase.ID1,Total.individuals,Female,Male,Unknown,Complete.measures,Beak.Length_Culmen,Beak.Length_Nares,Beak.Width,Beak.Depth,Tarsus.Length,Wing.Length,Kipps.Distance,Secondary1,Hand-Wing.Index,Tail.Length,Mass,Mass.Source,Mass.Refs.Other,Inference,Traits.inferred,Reference.species,Habitat,Habitat.Density,Migration,Trophic.Level,Trophic.Niche,Primary.Lifestyle,Min.Latitude,Max.Latitude,Centroid.Latitude,Centroid.Longitude,Range.Size
7922,Acritillas indica,Pycnonotidae,Passeriformes,AVIBASE-36D71C61,13,8,5,0,12,20.1,12.0,4.8,4.9,18.2,88.2,13.7,73.9,15.7,80.8,30.6,Dunning,NA,NO,NA,NA,Forest,1,1,Herbivore,Omnivore,Insessorial,5.92,19.41,11.48,77.74,219041.39
7834,Alcurus striatus,Pycnonotidae,Passeriformes,AVIBASE-AF1E4A9B,5,2,2,1,4,19.6,10.0,4.3,5.3,18.2,104.6,22.9,79.9,22.3,96.8,52.0,Dunning,NA,NO,NA,NA,Forest,1,1,Omnivore,Omnivore,Insessorial,16.98,29.42,23.15,98.50,1082921.86
7831,Alophoixus bres,Pycnonotidae,Passeriformes,AVIBASE-AE002A11,1,0,1,0,0,20.6,14.9,4.7,6.5,19.6,100.0,20.3,84.3,19.4,90.0,35.3,Dunning,NA,YES,Beak Nares; Kipp's Distance; Secondary1; Hand-Wing Index,Alophoixus tephrogenys,Forest,1,1,Omnivore,Omnivore,Insessorial,-8.78,-5.87,-7.48,109.96,87148.92
7825,Alophoixus flaveolus,Pycnonotidae,Passeriformes,AVIBASE-31754E31,8,3,5,0,7,20.5,11.8,5.4,7.1,20.1,100.8,16.6,84.0,16.5,90.1,48.3,Dunning,NA,NO,NA,NA,Forest,1,1,Herbivore,Frugivore,Insessorial,12.61,29.27,23.07,95.85,559779.47
7832,Alophoixus frater,Pycnonotidae,Passeriformes,AVIBASE-50D0244D,0,0,0,0,0,22.7,14.9,5.8,7.3,20.0,104.6,20.3,84.3,19.4,80.8,44.8,Updated_literature,Dunning (2021),YES,Beak Culmen; Beak Nares; Beak Width; Beak Depth; Tarsus Length; Wing Length; Kipp's Distance; Secondary1; Hand-Wing Index; Tail Length,Alophoixus tephrogenys,Forest,1,1,Omnivore,Omnivore,Insessorial,7.80,12.38,9.99,118.74,13628.82
7826,Alophoixus griseiceps,Pycnonotidae,Passeriformes,AVIBASE-D02FCDDF,1,0,1,0,0,19.7,12.1,5.3,7.0,18.6,92.0,15.6,87.0,15.2,100.0,46.0,DataFromSplit,NA,YES,Beak Nares; Kipp's Distance; Secondary1; Hand-Wing Index,Alophoixus pallidus,Forest,2,1,Herbivore,Frugivore,Insessorial,16.93,19.03,18.00,96.12,13451.14
7828,Alophoixus ochraceus,Pycnonotidae,Passeriformes,AVIBASE-2BC35886,5,2,3,0,4,21.5,12.8,5.0,7.0,20.2,101.1,18.0,82.9,17.8,96.4,41.5,Dunning,NA,NO,NA,NA,Forest,1,1,Herbivore,Frugivore,Insessorial,-3.54,14.79,7.21,102.11,407080.06
7827,Alophoixus pallidus,Pycnonotidae,Passeriformes,AVIBASE-20A0A35C,4,2,2,0,4,20.3,12.1,4.6,7.4,20.5,102.6,15.6,87.0,15.2,104.2,46.0,Dunning,NA,NO,NA,NA,Forest,2,1,Herbivore,Frugivore,Insessorial,10.59,27.64,19.86,104.09,1388165.23
7833,Alophoixus phaeocephalus,Pycnonotidae,Passeriformes,AVIBASE-3499C2A5,12,2,3,7,4,20.5,13.6,5.4,6.5,19.9,94.4,13.2,82.4,13.8,80.6,32.0,Dunning,NA,NO,NA,NA,Forest,1,1,Omnivore,Omnivore,Insessorial,-5.95,10.59,0.86,108.44,1368840.15
7829,Alophoixus ruficrissus,Pycnonotidae,Passeriformes,AVIBASE-8668C778,0,0,0,0,0,21.5,12.8,5.0,7.0,20.2,101.1,18.0,82.9,17.8,96.4,41.5,DataFromSplit,NA,YES,Beak Culmen; Beak Nares; Beak Width; Beak Depth; Tarsus Length; Wing Length; Kipp's Distance; Secondary1; Hand-Wing Index; Tail Length,Alophoixus ochraceus,Forest,1,1,Herbivore,Frugivore,Insessorial,-3.70,6.59,1.92,115.12,257937.19
7830,Alophoixus tephrogenys,Pycnonotidae,Passeriformes,AVIBASE-CA0141A1,5,2,2,1,5,22.7,14.9,5.8,7.3,20.0,104.6,20.3,84.3,19.4,80.8,35.3,DataFromSplit,NA,NO,NA,NA,Forest,1,1,Omnivore,Omnivore,Insessorial,-5.17,12.49,1.26,110.77,874154.43
7767,Andropadus importunus,Pycnonotidae,Passeriformes,AVIBASE-79A45DAF,12,6,6,0,4,18.9,9.3,4.2,5.5,22.4,88.9,10.6,78.3,11.9,86.1,27.4,Dunning,NA,NO,NA,NA,Shrubland,2,1,Herbivore,Frugivore,Insessorial,-34.84,4.52,-17.63,33.98,1338546.67
7788,Arizelocichla chlorigula,Pycnonotidae,Passeriformes,AVIBASE-B421F18C,4,2,2,0,4,17.8,9.0,3.9,4.7,23.6,90.2,13.6,76.7,14.9,90.0,34.5,DataFromSplit,NA,NO,NA,NA,Forest,1,1,Herbivore,Frugivore,Insessorial,-10.21,-5.42,-8.00,35.71,50903.09
7790,Arizelocichla fusciceps,Pycnonotidae,Passeriformes,AVIBASE-1F66AE1E,4,2,2,0,4,17.8,9.7,4.2,4.7,22.5,89.2,13.0,76.2,14.6,89.5,34.5,DataFromSplit,NA,NO,NA,NA,Forest,1,1,Herbivore,Frugivore,Insessorial,-16.09,-8.44,-10.61,34.00,25373.28
7793,Arizelocichla masukuensis,Pycnonotidae,Passeriformes,AVIBASE-6FC57210,34,4,8,22,30,15.1,7.6,3.8,3.7,20.8,79.8,14.1,65.6,17.7,78.7,26.8,Dunning,NA,NO,NA,NA,Forest,1,1,Omnivore,Invertivore,Insessorial,-10.01,2.75,-3.96,32.94,163721.68
7786,Arizelocichla milanjensis,Pycnonotidae,Passeriformes,AVIBASE-8479F56E,9,5,4,0,4,21.0,10.7,3.9,4.8,22.8,94.7,15.1,80.3,15.8,88.1,37.4,Dunning,NA,NO,NA,NA,Forest,2,1,Omnivore,Omnivore,Insessorial,-20.82,-15.77,-18.94,33.23,42374.09
7791,Arizelocichla montana,Pycnonotidae,Passeriformes,AVIBASE-0802ADF1,5,2,3,0,4,17.2,8.7,4.0,4.2,21.1,82.8,8.9,74.4,10.6,83.2,32.6,Dunning,NA,NO,NA,NA,Forest,1,1,Herbivore,Frugivore,Insessorial,4.06,7.96,6.22,10.43,61327.27
7789,Arizelocichla neumanni,Pycnonotidae,Passeriformes,AVIBASE-8EDD570A,4,0,3,1,4,19.9,10.7,4.9,5.5,24.4,99.2,16.0,83.2,16.1,95.8,34.5,DataFromSplit,NA,NO,NA,NA,Forest,1,1,Herbivore,Frugivore,Insessorial,-7.46,-6.70,-7.12,37.64,3869.44
7787,Arizelocichla nigriceps,Pycnonotidae,Passeriformes,AVIBASE-54A902B5,20,8,8,4,12,18.0,8.8,4.1,4.6,22.5,89.2,12.5,76.8,13.9,84.5,34.5,Updated_literature,BoW,NO,NA,NA,Forest,1,1,Herbivore,Frugivore,Insessorial,-5.17,1.66,-1.48,32.52,248447.89
7785,Arizelocichla striifacies,Pycnonotidae,Passeriformes,AVIBASE-9A80B57C,22,4,4,14,21,19.5,10.4,4.4,5.0,22.9,93.3,15.0,78.3,16.0,91.3,37.4,DataFromSplit,NA,NO,NA,NA,Forest,2,1,Omnivore,Omnivore,Insessorial,-16.17,-2.11,-9.36,36.04,192555.01
7792,Arizelocichla tephrolaema,Pycnonotidae,Passeriformes,AVIBASE-DA399CC6,5,2,2,1,4,17.2,9.2,3.8,4.2,19.8,82.4,12.6,69.9,15.3,73.2,38.3,Dunning,NA,NO,NA,NA,Forest,1,1,Herbivore,Frugivore,Insessorial,3.21,7.75,5.92,10.31,59489.94
7774,Atimastillas flavicollis,Pycnonotidae,Passeriformes,AVIBASE-3C8E84A6,5,2,3,0,4,22.8,11.4,4.6,5.8,23.7,107.6,15.9,89.8,15.1,102.4,48.7,Dunning,NA,NO,NA,NA,Shrubland,2,1,Herbivore,Frugivore,Insessorial,4.74,15.08,9.56,-0.65,1683203.48
7775,Atimastillas flavigula,Pycnonotidae,Passeriformes,AVIBASE-04E77EEF,4,3,1,0,0,23.0,11.4,4.6,5.8,25.8,102.8,14.6,88.1,14.3,93.0,48.7,DataFromSplit,NA,YES,Beak Nares; Beak Width; Beak Depth,Atimastillas flavicollis,Shrubland,2,1,Herbivore,Frugivore,Insessorial,-16.43,10.15,-3.31,21.81,4518854.65
7779,Baeopogon clamans,Pycnonotidae,Passeriformes,AVIBASE-C6833BA9,4,2,2,0,4,17.0,9.0,4.4,4.6,18.4,97.8,16.8,81.0,17.2,73.8,45.8,Inferred,NA,YES,Body Mass,Baeopogon indicator,Forest,1,1,Herbivore,Frugivore,Insessorial,-5.03,6.52,1.03,16.37,850000.36
7778,Baeopogon indicator,Pycnonotidae,Passeriformes,AVIBASE-E6A0D208,8,4,3,1,4,18.9,9.9,4.3,4.6,19.4,98.2,16.1,81.9,16.5,78.4,45.8,Dunning,NA,NO,NA,NA,Forest,1,1,Herbivore,Frugivore,Insessorial,-11.61,10.14,-0.02,16.20,4280773.28
7773,Bleda canicapillus,Pycnonotidae,Passeriformes,AVIBASE-D4B9EE90,19,2,2,15,16,20.1,13.3,5.3,6.4,25.5,98.4,13.4,85.3,13.5,91.3,41.3,Updated_literature,BoW,NO,NA,NA,Forest,1,1,Carnivore,Invertivore,Generalist,4.28,13.46,7.87,-4.78,1094053.69
7770,Bleda eximius,Pycnonotidae,Passeriformes,AVIBASE-68043A88,4,2,2,0,4,24.0,16.0,4.1,6.8,25.4,103.2,15.5,87.8,15.0,97.5,35.7,Dunning,NA,NO,NA,NA,Forest,1,1,Carnivore,Invertivore,Generalist,4.49,8.61,6.51,-6.05,339296.54
7772,Bleda notatus,Pycnonotidae,Passeriformes,AVIBASE-4F97BFE1,219,7,2,210,8,20.3,12.9,4.7,6.4,25.1,90.2,13.0,77.2,14.4,81.1,35.7,Dunning,NA,NO,NA,NA,Forest,1,1,Carnivore,Invertivore,Generalist,-4.72,6.37,1.40,12.14,674577.61
7769,Bleda syndactylus,Pycnonotidae,Passeriformes,AVIBASE-5A94FEAE,95,3,5,87,4,27.2,16.6,4.5,7.2,25.4,105.4,15.6,89.7,14.8,95.0,46.1,Dunning,NA,NO,NA,NA,Forest,1,1,Carnivore,Invertivore,Insessorial,-11.68,9.10,-0.32,17.06,3527560.89
7771,Bleda ugandae,Pycnonotidae,Passeriformes,AVIBASE-1D9175EA,1,1,0,0,1,18.9,12.8,4.0,6.3,23.8,88.0,12.0,76.0,13.6,93.0,35.7,DataFromSplit,NA,NO,NA,NA,Forest,1,1,Carnivore,Invertivore,Generalist,-4.92,5.72,0.27,23.63,1530530.64
7918,Brachypodius atriceps,Pycnonotidae,Passeriformes,AVIBASE-C72EC8C8,5,2,3,0,4,15.7,10.0,4.4,4.7,14.8,78.6,14.1,63.6,18.1,67.2,25.5,Dunning,NA,NO,NA,NA,Forest,1,1,Herbivore,Frugivore,Insessorial,-8.85,28.88,10.81,103.57,2968877.33
7919,Brachypodius fuscoflavescens,Pycnonotidae,Passeriformes,AVIBASE-78E73320,4,2,2,0,4,15.7,8.9,3.9,4.6,15.5,76.5,12.1,64.4,15.8,66.8,25.5,DataFromSplit,NA,NO,NA,NA,Forest,1,1,Herbivore,Frugivore,Insessorial,11.48,12.93,12.26,92.77,3196.27
7920,Brachypodius priocephalus,Pycnonotidae,Passeriformes,AVIBASE-D370538F,5,2,3,0,4,14.2,7.8,3.6,4.0,14.1,74.4,10.8,64.2,14.4,74.2,25.5,Inferred,NA,YES,Body Mass,Brachypodius atriceps,Forest,1,1,Herbivore,Frugivore,Insessorial,8.41,17.45,12.87,75.81,99388.86
7766,Calyptocichla serinus,Pycnonotidae,Passeriformes,AVIBASE-3B3C39F1,5,2,3,0,4,17.9,10.3,3.8,4.5,20.2,89.6,16.0,73.8,17.8,79.2,38.7,Dunning,NA,NO,NA,NA,Forest,1,1,Herbivore,Frugivore,Insessorial,-6.05,8.79,2.67,9.43,1315030.41
7783,Chlorocichla falkensteini,Pycnonotidae,Passeriformes,AVIBASE-FCA9F934,5,2,3,0,4,18.7,9.8,4.2,5.2,21.0,92.4,12.5,80.5,13.5,87.8,31.7,Dunning,NA,NO,NA,NA,Shrubland,2,1,Herbivore,Frugivore,Insessorial,-14.58,5.83,-1.88,13.93,978923.36
7782,Chlorocichla flaviventris,Pycnonotidae,Passeriformes,AVIBASE-D083BB3F,21,6,5,10,14,21.6,12.0,4.9,6.1,24.0,101.3,12.9,88.4,12.7,96.4,39.4,Dunning,NA,NO,NA,NA,Forest,1,1,Herbivore,Omnivore,Insessorial,-30.65,1.95,-13.84,29.26,3986239.89
7780,Chlorocichla laetissima,Pycnonotidae,Passeriformes,AVIBASE-4602AC01,7,2,4,1,4,22.0,10.5,4.8,5.2,21.6,105.0,15.0,90.0,14.3,100.6,50.2,Dunning,NA,NO,NA,NA,Forest,1,1,Herbivore,Omnivore,Insessorial,-8.39,4.51,-0.69,30.83,137013.10
7781,Chlorocichla prigoginei,Pycnonotidae,Passeriformes,AVIBASE-38652F17,1,0,1,0,1,17.8,10.3,4.2,5.3,18.2,96.0,10.2,85.8,10.6,95.0,45.3,EltonTraits_GenAvg,NA,NO,NA,NA,Forest,2,1,Herbivore,Omnivore,Insessorial,0.05,1.93,0.24,29.34,868.59
7784,Chlorocichla simplex,Pycnonotidae,Passeriformes,AVIBASE-D3D4D1B7,7,2,3,2,6,20.2,11.4,5.4,6.1,25.3,100.6,12.5,87.7,12.4,94.0,46.4,Dunning,NA,NO,NA,NA,Shrubland,2,1,Herbivore,Frugivore,Insessorial,-8.74,11.97,1.72,13.00,4003835.48
7799,Criniger barbatus,Pycnonotidae,Passeriformes,AVIBASE-0F97A356,14,2,3,9,11,21.1,12.8,5.9,6.5,25.7,103.3,15.4,88.2,14.8,94.0,42.6,Dunning,NA,NO,NA,NA,Forest,1,1,Carnivore,Invertivore,Insessorial,4.28,8.92,6.73,-3.39,646336.43
7801,Criniger calurus,Pycnonotidae,Passeriformes,AVIBASE-F8104BC1,16,3,9,4,11,21.9,13.4,5.8,6.1,21.2,87.6,10.1,77.2,11.6,79.6,37.7,Dunning,NA,NO,NA,NA,Forest,1,1,Carnivore,Invertivore,Insessorial,-7.62,11.55,0.66,15.66,3299941.84
7800,Criniger chloronotus,Pycnonotidae,Passeriformes,AVIBASE-8A90BC6D,10,2,2,6,4,21.9,12.6,5.1,6.5,23.7,99.8,13.9,86.1,13.9,89.0,45.0,Dunning,NA,NO,NA,NA,Forest,1,1,Carnivore,Invertivore,Insessorial,-6.13,6.50,1.06,18.80,1204957.83
7803,Criniger ndussumensis,Pycnonotidae,Passeriformes,AVIBASE-6A110710,7,2,3,2,4,18.5,11.1,3.8,5.0,19.7,86.6,10.9,74.6,12.8,78.1,23.0,Dunning,NA,NO,NA,NA,Forest,1,1,Carnivore,Invertivore,Insessorial,-5.98,6.41,1.12,18.75,1455617.86
7802,Criniger olivaceus,Pycnonotidae,Passeriformes,AVIBASE-439C4BC9,5,3,2,0,4,18.1,10.3,3.8,5.0,21.3,85.6,10.7,75.1,12.5,80.6,28.1,Dunning,NA,NO,NA,NA,Forest,1,1,Carnivore,Invertivore,Insessorial,4.49,9.29,6.30,-7.18,239103.58
7916,Euptilotus eutilotus,Pycnonotidae,Passeriformes,AVIBASE-E11E7986,6,1,3,2,5,18.3,11.8,4.8,5.2,17.7,91.5,17.6,73.4,19.3,77.3,35.3,Dunning,NA,NO,NA,NA,Forest,1,1,Herbivore,Frugivore,Insessorial,-5.95,14.54,1.44,107.26,821688.28
7797,Eurillas ansorgei,Pycnonotidae,Passeriformes,AVIBASE-0EA5F2E1,6,2,3,1,4,13.9,7.9,3.5,3.8,15.9,71.8,11.3,60.7,15.7,64.5,18.7,Dunning,NA,NO,NA,NA,Forest,1,1,Herbivore,Frugivore,Insessorial,-6.25,9.24,1.38,13.05,1858480.06
7798,Eurillas curvirostris,Pycnonotidae,Passeriformes,AVIBASE-0B325B7F,15,4,6,5,7,16.2,9.3,4.3,4.0,18.3,76.2,10.0,66.6,13.1,70.5,24.9,Dunning,NA,NO,NA,NA,Forest,1,1,Herbivore,Omnivore,Insessorial,-9.40,8.90,0.93,16.32,3502649.29
7796,Eurillas gracilis,Pycnonotidae,Passeriformes,AVIBASE-486103D7,11,2,3,6,7,13.9,8.3,3.8,3.8,17.6,72.0,8.5,62.7,12.0,68.0,21.6,Dunning,NA,NO,NA,NA,Forest,1,1,Herbivore,Omnivore,Insessorial,-8.27,10.34,0.65,15.72,3552112.86
7794,Eurillas latirostris,Pycnonotidae,Passeriformes,AVIBASE-728B225E,527,93,34,400,17,15.3,8.9,4.9,4.5,19.7,79.3,10.6,66.3,13.8,74.1,26.2,Dunning,NA,NO,NA,NA,Forest,1,1,Omnivore,Frugivore,Insessorial,-11.51,12.81,1.34,16.47,3682285.72
7795,Eurillas virens,Pycnonotidae,Passeriformes,AVIBASE-3413C42C,153,18,9,126,64,13.9,8.0,4.7,4.3,20.6,74.4,9.8,65.9,12.8,70.8,26.6,Dunning,NA,NO,NA,NA,Forest,1,1,Herbivore,Frugivore,Insessorial,-16.53,13.54,-0.74,16.73,5766996.33
7842,Hemixos castanonotus,Pycnonotidae,Passeriformes,AVIBASE-5BAE0043,4,2,2,0,4,19.8,11.4,4.6,5.0,17.4,97.4,19.2,78.2,19.7,89.9,35.3,Updated_literature,Dunning (2021),NO,NA,NA,Forest,1,2,Omnivore,Frugivore,Insessorial,18.16,28.46,24.22,110.80,979934.26
7843,Hemixos cinereus,Pycnonotidae,Passeriformes,AVIBASE-822717D8,4,2,2,0,4,19.8,11.4,4.0,5.1,17.5,97.2,16.8,80.5,17.2,90.1,32.5,DataFromSplit,NA,NO,NA,NA,Forest,1,2,Omnivore,Omnivore,Insessorial,-5.45,9.06,2.74,101.07,213432.43
7844,Hemixos connectens,Pycnonotidae,Passeriformes,AVIBASE-482275EB,0,0,0,0,0,19.5,11.4,4.4,5.2,18.4,95.3,17.3,76.6,18.4,88.8,32.5,DataFromSplit,NA,YES,Beak Culmen; Beak Nares; Beak Width; Beak Depth; Tarsus Length; Wing Length; Kipp's Distance; Secondary1; Hand-Wing Index; Tail Length,Hemixos flavala,Forest,1,2,Omnivore,Omnivore,Insessorial,-3.86,6.53,2.14,114.97,197300.12
7841,Hemixos flavala,Pycnonotidae,Passeriformes,AVIBASE-32E65FB3,5,2,3,0,4,19.5,11.4,4.4,5.2,18.4,95.3,17.3,76.6,18.4,88.8,32.5,Dunning,NA,NO,NA,NA,Forest,1,2,Omnivore,Omnivore,Insessorial,10.59,31.05,22.42,97.58,1098549.78
7840,Hemixos leucogrammicus,Pycnonotidae,Passeriformes,AVIBASE-710EBAE8,4,1,1,2,4,14.9,8.1,3.5,4.1,15.5,86.5,16.0,70.5,18.5,83.0,33.5,EltonTraits_GenAvg,NA,NO,NA,NA,Forest,1,1,Herbivore,Frugivore,Insessorial,-5.31,5.39,1.00,99.52,63047.14
7866,Hypsipetes affinis,Pycnonotidae,Passeriformes,AVIBASE-712764DC,4,2,2,0,4,26.6,16.1,5.2,6.9,19.3,107.1,18.2,88.9,17.0,93.5,40.5,Dunning,NA,NO,NA,NA,Forest,1,1,Omnivore,Frugivore,Insessorial,-3.88,-2.78,-3.22,129.40,18011.55
7850,Hypsipetes amaurotis,Pycnonotidae,Passeriformes,AVIBASE-59BEAB80,5,2,3,0,4,29.8,16.2,5.3,6.4,21.6,128.3,27.0,99.4,21.3,120.6,70.9,Dunning,NA,NO,NA,NA,Forest,2,2,Herbivore,Frugivore,Insessorial,18.81,48.63,37.68,136.19,482417.45
7862,Hypsipetes aureus,Pycnonotidae,Passeriformes,AVIBASE-61540F2E,0,0,0,0,0,26.6,16.1,5.2,6.9,19.3,107.1,18.2,88.9,17.0,93.5,40.5,DataFromSplit,NA,YES,Beak Culmen; Beak Nares; Beak Width; Beak Depth; Tarsus Length; Wing Length; Kipp's Distance; Secondary1; Hand-Wing Index; Tail Length,Hypsipetes affinis,Forest,1,1,Omnivore,Frugivore,Insessorial,-0.74,-0.12,-0.37,121.95,754.80
7868,Hypsipetes borbonicus,Pycnonotidae,Passeriformes,AVIBASE-E55C03F8,4,0,1,3,4,24.8,13.1,5.1,6.1,25.6,113.2,25.0,88.3,22.0,102.2,55.3,Dunning,NA,NO,NA,NA,Forest,1,1,Herbivore,Frugivore,Insessorial,-21.37,-20.86,-21.12,55.54,2541.14
7857,Hypsipetes catarmanensis,Pycnonotidae,Passeriformes,AVIBASE-24F99A8F,0,0,0,0,0,27.5,17.0,5.5,7.1,20.0,111.6,16.0,93.2,14.7,97.4,58.3,DataFromSplit,NA,YES,Beak Culmen; Beak Nares; Beak Width; Beak Depth; Tarsus Length; Wing Length; Kipp's Distance; Secondary1; Hand-Wing Index; Tail Length,Hypsipetes everetti,Forest,1,1,Herbivore,Frugivore,Insessorial,9.08,9.26,9.17,124.72,252.94
7859,Hypsipetes chloris,Pycnonotidae,Passeriformes,AVIBASE-8EA40B11,0,0,0,0,0,26.6,16.1,5.2,6.9,19.3,107.1,18.2,88.9,17.0,93.5,40.5,DataFromSplit,NA,YES,Beak Culmen; Beak Nares; Beak Width; Beak Depth; Tarsus Length; Wing Length; Kipp's Distance; Secondary1; Hand-Wing Index; Tail Length,Hypsipetes affinis,Forest,1,1,Omnivore,Frugivore,Insessorial,-0.92,2.65,0.85,127.99,22982.25
7867,Hypsipetes crassirostris,Pycnonotidae,Passeriformes,AVIBASE-5E2E4545,5,2,3,0,4,29.7,16.9,6.2,8.5,26.7,135.0,29.8,104.7,22.2,109.2,79.5,Dunning,NA,NO,NA,NA,Woodland,2,1,Omnivore,Omnivore,Insessorial,-4.80,-4.20,-4.56,55.52,244.59
7856,Hypsipetes everetti,Pycnonotidae,Passeriformes,AVIBASE-8A0F54C9,5,2,3,0,4,27.5,17.0,5.5,7.1,20.0,111.6,16.0,93.2,14.7,97.4,58.3,Dunning,NA,NO,NA,NA,Forest,1,1,Herbivore,Frugivore,Insessorial,6.76,12.59,9.00,124.70,82727.31
7873,Hypsipetes ganeesa,Pycnonotidae,Passeriformes,AVIBASE-4E74E6CC,4,1,3,0,4,26.9,16.1,5.2,5.8,17.9,116.2,27.0,89.2,23.3,99.5,51.8,DataFromSplit,NA,NO,NA,NA,Forest,1,3,Herbivore,Frugivore,Insessorial,6.16,19.69,12.27,76.54,238034.77
7861,Hypsipetes harterti,Pycnonotidae,Passeriformes,AVIBASE-21FADED4,0,0,0,0,0,26.6,16.1,5.2,6.9,19.3,107.1,18.2,88.9,17.0,93.5,40.5,DataFromSplit,NA,YES,Beak Culmen; Beak Nares; Beak Width; Beak Depth; Tarsus Length; Wing Length; Kipp's Distance; Secondary1; Hand-Wing Index; Tail Length,Hypsipetes affinis,Forest,1,1,Omnivore,Frugivore,Insessorial,-1.65,-1.16,-1.38,123.14,2349.38
7858,Hypsipetes haynaldi,Pycnonotidae,Passeriformes,AVIBASE-D18AE87D,0,0,0,0,0,27.5,17.0,5.5,7.1,20.0,111.6,16.0,93.2,14.7,97.4,58.3,DataFromSplit,NA,YES,Beak Culmen; Beak Nares; Beak Width; Beak Depth; Tarsus Length; Wing Length; Kipp's Distance; Secondary1; Hand-Wing Index; Tail Length,Hypsipetes everetti,Forest,1,1,Herbivore,Frugivore,Insessorial,4.64,6.09,5.57,120.56,1595.33
7851,Hypsipetes leucocephalus,Pycnonotidae,Passeriformes,AVIBASE-B76214D7,8,4,4,0,8,25.2,14.3,4.9,5.7,18.0,117.8,29.1,88.7,24.7,97.8,51.8,Dunning,NA,NO,NA,NA,Forest,1,3,Herbivore,Frugivore,Insessorial,10.91,36.17,25.06,103.26,4614841.53
7860,Hypsipetes longirostris,Pycnonotidae,Passeriformes,AVIBASE-CB468573,4,0,2,2,4,29.2,18.5,5.8,7.8,20.9,116.2,21.4,94.8,18.4,114.1,40.5,DataFromSplit,NA,NO,NA,NA,Forest,1,1,Omnivore,Frugivore,Insessorial,-2.49,-1.63,-1.88,125.16,4637.55
7864,Hypsipetes lucasi,Pycnonotidae,Passeriformes,AVIBASE-9C8EFCC6,0,0,0,0,0,26.6,16.1,5.2,6.9,19.3,107.1,18.2,88.9,17.0,93.5,40.5,DataFromSplit,NA,YES,Beak Culmen; Beak Nares; Beak Width; Beak Depth; Tarsus Length; Wing Length; Kipp's Distance; Secondary1; Hand-Wing Index; Tail Length,Hypsipetes affinis,Forest,1,1,Omnivore,Frugivore,Insessorial,-1.74,-1.33,-1.57,127.73,2537.03
7870,Hypsipetes madagascariensis,Pycnonotidae,Passeriformes,AVIBASE-5089E131,5,2,3,0,4,24.4,15.5,5.3,6.3,18.4,107.9,25.5,83.1,23.4,86.8,46.0,Dunning,NA,NO,NA,NA,Forest,1,1,Herbivore,Omnivore,Insessorial,-25.61,-9.37,-19.36,46.69,591386.99
7872,Hypsipetes moheliensis,Pycnonotidae,Passeriformes,AVIBASE-0A2ACE45,0,0,0,0,0,24.0,13.6,4.4,5.6,19.1,105.3,20.8,84.5,19.7,94.7,59.4,DataFromSplit,NA,YES,Beak Culmen; Beak Nares; Beak Width; Beak Depth; Tarsus Length; Wing Length; Kipp's Distance; Secondary1; Hand-Wing Index; Tail Length,Hypsipetes parvirostris,Forest,1,2,Omnivore,Frugivore,Insessorial,-12.41,-12.24,-12.32,43.73,213.58
7865,Hypsipetes mysticalis,Pycnonotidae,Passeriformes,AVIBASE-07BCEAC0,4,2,2,0,4,25.4,15.4,5.0,6.3,18.6,106.0,18.1,87.9,17.0,95.0,40.5,DataFromSplit,NA,NO,NA,NA,Forest,1,1,Omnivore,Frugivore,Insessorial,-3.84,-3.05,-3.42,126.62,8321.06
7869,Hypsipetes olivaceus,Pycnonotidae,Passeriformes,AVIBASE-650CC5B3,5,0,0,5,4,29.3,18.1,6.6,7.6,26.6,131.1,27.2,103.9,20.6,111.0,75.0,Dunning,NA,NO,NA,NA,Forest,1,1,Omnivore,Omnivore,Insessorial,-20.49,-20.29,-20.40,57.53,129.38
7871,Hypsipetes parvirostris,Pycnonotidae,Passeriformes,AVIBASE-105A8F99,3,2,1,0,3,24.0,13.6,4.4,5.6,19.1,105.3,20.8,84.5,19.7,94.7,59.4,Dunning,NA,NO,NA,NA,Forest,1,2,Omnivore,Frugivore,Insessorial,-11.94,-11.36,-11.66,43.34,1031.45
7854,Hypsipetes philippinus,Pycnonotidae,Passeriformes,AVIBASE-927D3F75,5,2,3,0,4,22.4,13.4,4.9,5.4,18.9,93.9,12.3,81.8,13.1,88.3,38.6,Dunning,NA,NO,NA,NA,Forest,1,1,Herbivore,Frugivore,Insessorial,5.37,18.65,11.74,123.30,232032.85
7863,Hypsipetes platenae,Pycnonotidae,Passeriformes,AVIBASE-C4890A33,0,0,0,0,0,26.6,16.1,5.2,6.9,19.3,107.1,18.2,88.9,17.0,93.5,40.5,DataFromSplit,NA,YES,Beak Culmen; Beak Nares; Beak Width; Beak Depth; Tarsus Length; Wing Length; Kipp's Distance; Secondary1; Hand-Wing Index; Tail Length,Hypsipetes affinis,Forest,1,1,Omnivore,Frugivore,Insessorial,3.49,3.53,3.51,125.55,5.63
7855,Hypsipetes rufigularis,Pycnonotidae,Passeriformes,AVIBASE-BFD69DF2,5,2,3,0,4,27.7,17.1,5.4,6.8,21.1,114.3,15.8,98.6,13.8,99.0,58.7,Dunning,NA,NO,NA,NA,Forest,1,1,Herbivore,Frugivore,Insessorial,6.40,8.73,7.83,123.34,21991.10
7853,Hypsipetes siquijorensis,Pycnonotidae,Passeriformes,AVIBASE-CE85FAB6,2,2,0,0,2,28.8,17.6,5.9,7.7,23.1,119.5,22.8,96.7,19.1,115.8,38.6,Inferred,NA,YES,Body Mass,Hypsipetes philippinus,Forest,1,1,Herbivore,Frugivore,Insessorial,9.09,12.68,10.35,123.63,5018.51
7852,Hypsipetes thompsoni,Pycnonotidae,Passeriformes,AVIBASE-A3E5953D,4,2,2,0,4,20.8,11.0,4.4,4.6,17.9,90.2,17.1,73.2,19.0,88.2,41.8,Dunning,NA,NO,NA,NA,Forest,2,3,Herbivore,Frugivore,Insessorial,14.72,23.37,20.09,97.72,186717.31
7838,Iole charlottae,Pycnonotidae,Passeriformes,AVIBASE-044240A9,6,2,3,1,4,20.6,13.2,5.3,5.4,18.5,87.3,15.6,72.0,17.9,72.0,24.0,Updated_literature,BoW,NO,NA,NA,Forest,1,1,Omnivore,Omnivore,Insessorial,-6.17,13.52,1.15,108.13,1131173.67
7835,Iole finschii,Pycnonotidae,Passeriformes,AVIBASE-F9E2A503,4,2,2,0,4,17.5,11.6,4.7,5.6,15.9,84.8,16.2,68.6,19.0,67.2,24.2,Dunning,NA,NO,NA,NA,Forest,1,1,Omnivore,Omnivore,Insessorial,-5.95,6.53,0.81,110.14,779808.76
7839,Iole palawanensis,Pycnonotidae,Passeriformes,AVIBASE-4763A554,5,2,3,0,4,19.4,11.4,4.8,5.1,17.8,83.9,13.2,70.6,15.8,74.0,26.8,Dunning,NA,NO,NA,NA,Forest,1,1,Omnivore,Omnivore,Insessorial,8.33,11.43,9.73,118.56,11492.84
7837,Iole propinqua,Pycnonotidae,Passeriformes,AVIBASE-176522DA,5,2,3,0,4,19.3,11.5,5.1,5.1,18.0,84.6,13.6,70.9,16.1,83.4,25.9,Dunning,NA,NO,NA,NA,Forest,1,1,Omnivore,Omnivore,Insessorial,6.83,25.35,17.87,102.90,1237485.99
7836,Iole viridescens,Pycnonotidae,Passeriformes,AVIBASE-E6FE964C,1,0,1,0,0,19.0,11.5,4.8,5.2,18.3,87.0,13.6,70.9,16.1,84.0,25.9,Inferred,NA,YES,Beak Nares; Kipp's Distance; Secondary1; Hand-Wing Index; Body Mass,Iole propinqua,Forest,1,1,Herbivore,Frugivore,Insessorial,12.53,25.56,20.46,95.78,293077.58
7883,Ixidia cyaniventris,Pycnonotidae,Passeriformes,AVIBASE-31F7A690,7,3,3,1,6,14.6,8.6,3.9,3.9,14.2,75.6,13.4,62.8,17.5,58.6,22.0,Dunning,NA,NO,NA,NA,Forest,1,1,Herbivore,Frugivore,Insessorial,-5.95,14.54,1.51,108.49,926808.78
7884,Ixidia erythropthalmos,Pycnonotidae,Passeriformes,AVIBASE-01D478BD,8,2,3,3,4,13.6,8.6,3.8,3.7,16.0,74.2,10.8,63.6,14.4,63.8,19.2,Dunning,NA,NO,NA,NA,Forest,1,1,Herbivore,Frugivore,Insessorial,-5.95,10.79,1.11,108.35,1241474.05
7882,Ixidia squamata,Pycnonotidae,Passeriformes,AVIBASE-7F4011E2,5,2,3,0,4,14.4,7.2,4.1,3.7,15.2,73.8,13.1,60.7,17.8,60.2,22.0,Dunning,NA,NO,NA,NA,Forest,1,1,Herbivore,Frugivore,Insessorial,-8.35,11.43,1.25,108.23,296711.64
7776,Ixonotus guttatus,Pycnonotidae,Passeriformes,AVIBASE-33703E6F,5,2,3,0,4,15.7,9.1,3.9,4.3,17.8,87.2,17.4,69.9,19.9,74.6,35.2,Dunning,NA,NO,NA,NA,Forest,1,1,Omnivore,Frugivore,Insessorial,-7.15,8.95,0.85,15.95,2790568.64
7847,Ixos malaccensis,Pycnonotidae,Passeriformes,AVIBASE-0457ECD3,5,2,2,1,5,26.0,17.2,5.2,6.5,16.9,104.0,20.1,83.9,19.4,84.2,37.3,Dunning,NA,NO,NA,NA,Forest,1,1,Omnivore,Frugivore,Insessorial,-5.95,13.52,1.45,109.69,976235.84
7846,Ixos mcclellandii,Pycnonotidae,Passeriformes,AVIBASE-473131CC,4,2,2,0,4,26.0,15.8,5.0,5.5,18.3,106.0,19.2,86.8,18.1,107.8,32.5,Dunning,NA,NO,NA,NA,Woodland,1,1,Omnivore,Omnivore,Insessorial,3.15,32.32,24.56,104.72,2391920.69
7845,Ixos nicobariensis,Pycnonotidae,Passeriformes,AVIBASE-0D2A9574,5,2,3,0,4,23.3,13.2,5.2,6.2,20.2,97.4,17.8,79.2,18.4,93.5,36.0,Updated_literature,BoW,NO,NA,NA,Forest,1,1,Omnivore,Omnivore,Insessorial,7.87,8.57,8.09,93.40,462.76
7848,Ixos sumatranus,Pycnonotidae,Passeriformes,AVIBASE-5AD8890F,4,2,2,0,4,19.7,12.7,4.2,5.0,16.1,91.2,17.4,73.9,19.0,92.2,32.5,Inferred,NA,YES,Body Mass,Ixos mcclellandii,Forest,1,1,Omnivore,Omnivore,Insessorial,-5.25,5.41,0.97,99.55,63181.63
7849,Ixos virescens,Pycnonotidae,Passeriformes,AVIBASE-92BF7060,5,2,3,0,4,19.5,13.2,4.8,5.0,18.4,85.9,12.1,74.3,14.0,83.9,32.5,Inferred,NA,YES,Body Mass,Ixos mcclellandii,Forest,1,1,Omnivore,Omnivore,Insessorial,-8.26,-6.59,-7.36,109.54,14530.69
7917,Microtarsus melanoleucos,Pycnonotidae,Passeriformes,AVIBASE-B36D1FAC,5,1,3,1,4,17.6,10.7,4.2,4.3,13.9,83.2,15.7,67.3,18.9,68.4,31.0,Dunning,NA,NO,NA,NA,Forest,1,1,Herbivore,Frugivore,Insessorial,-6.17,9.00,0.82,108.49,1181602.12
7768,Neolestes torquatus,Pycnonotidae,Passeriformes,AVIBASE-B7F05102,4,2,2,0,4,15.1,7.6,3.6,4.6,20.5,69.2,9.2,60.0,13.4,64.2,22.5,Dunning,NA,NO,NA,NA,Shrubland,2,1,Carnivore,Invertivore,Insessorial,-12.02,1.20,-7.62,20.08,813954.89
7874,Nok hualon,Pycnonotidae,Passeriformes,AVIBASE-B6EF6AA0,1,1,0,0,1,15.9,7.8,3.8,4.2,18.5,90.0,13.5,76.5,15.0,73.0,37.0,Updated_literature,BoW,NO,NA,NA,NA,2,1,Herbivore,Frugivore,Insessorial,16.73,19.81,18.25,104.41,25219.24
7805,Phyllastrephus albigula,Pycnonotidae,Passeriformes,AVIBASE-CEE94E55,21,0,0,21,21,15.9,8.7,3.6,3.5,18.9,64.2,8.8,55.4,13.7,63.5,14.3,DataFromSplit,NA,NO,NA,NA,Shrubland,2,1,Carnivore,Invertivore,Insessorial,-6.27,-4.42,-5.40,37.90,6795.80
7808,Phyllastrephus albigularis,Pycnonotidae,Passeriformes,AVIBASE-7927D0DD,11,2,2,7,10,19.0,11.9,4.6,4.7,20.3,76.1,7.5,68.6,9.8,75.3,24.5,Dunning,NA,NO,NA,NA,Forest,1,1,Carnivore,Invertivore,Insessorial,-5.98,12.95,2.34,15.33,2136746.72
7820,Phyllastrephus baumanni,Pycnonotidae,Passeriformes,AVIBASE-D5A35997,5,2,3,0,4,18.0,10.2,4.2,4.6,20.5,77.4,6.8,69.7,8.9,76.8,27.5,Dunning,NA,NO,NA,NA,Forest,2,1,Carnivore,Invertivore,Terrestrial,4.76,11.42,7.63,-3.76,446395.60
7814,Phyllastrephus cabanisi,Pycnonotidae,Passeriformes,AVIBASE-24F71192,63,9,9,45,50,19.1,10.7,4.2,4.5,23.0,83.0,10.5,72.9,12.6,84.4,34.4,Dunning,NA,NO,NA,NA,Forest,1,1,Carnivore,Invertivore,Generalist,-17.07,5.12,-7.85,28.99,1995009.62
7813,Phyllastrephus cerviniventris,Pycnonotidae,Passeriformes,AVIBASE-7CE29E0E,5,2,3,0,4,19.1,10.5,3.6,4.0,20.7,83.0,10.6,72.2,12.8,84.0,27.0,Dunning,NA,NO,NA,NA,Shrubland,2,1,Carnivore,Invertivore,Generalist,-18.50,1.23,-11.21,31.63,1170058.23
7804,Phyllastrephus debilis,Pycnonotidae,Passeriformes,AVIBASE-FA137697,5,2,3,0,4,15.2,8.8,3.4,3.7,16.8,64.6,7.1,56.2,11.2,64.0,14.3,Dunning,NA,NO,NA,NA,Shrubland,2,1,Carnivore,Invertivore,Insessorial,-25.12,-2.38,-11.26,37.15,199654.82
7811,Phyllastrephus fischeri,Pycnonotidae,Passeriformes,AVIBASE-2DA2C52F,9,2,3,4,8,20.7,11.9,3.7,4.4,21.2,82.2,11.1,70.5,13.6,85.1,27.0,Dunning,NA,NO,NA,NA,Forest,1,1,Carnivore,Invertivore,Generalist,-14.70,1.33,-7.69,38.68,270855.04
7816,Phyllastrephus flavostriatus,Pycnonotidae,Passeriformes,AVIBASE-651384DF,15,4,4,7,15,20.7,11.9,3.9,4.5,22.1,87.3,12.3,75.0,14.1,86.8,28.3,Dunning,NA,NO,NA,NA,Forest,1,1,Carnivore,Invertivore,Insessorial,-32.52,2.69,-11.59,33.21,444379.94
7818,Phyllastrephus fulviventris,Pycnonotidae,Passeriformes,AVIBASE-146387FC,5,2,3,0,4,21.4,11.7,3.8,4.6,21.2,89.0,9.8,79.2,11.0,91.0,33.3,Dunning,NA,NO,NA,NA,Forest,2,1,Carnivore,Invertivore,Generalist,-15.52,-4.37,-10.78,14.30,152087.25
7815,Phyllastrephus hypochloris,Pycnonotidae,Passeriformes,AVIBASE-2E3D5AAF,5,2,3,0,4,19.1,10.1,4.3,4.3,20.0,77.0,6.8,70.2,8.8,80.6,23.1,Dunning,NA,NO,NA,NA,Forest,1,1,Carnivore,Invertivore,Insessorial,-3.63,5.15,1.21,31.20,134659.57
7807,Phyllastrephus icterinus,Pycnonotidae,Passeriformes,AVIBASE-DD741082,24,3,2,19,8,18.1,11.0,4.4,4.3,19.6,72.8,8.0,66.1,10.7,67.6,18.9,Dunning,NA,NO,NA,NA,Forest,1,1,Omnivore,Invertivore,Insessorial,-6.92,8.84,1.22,14.30,2473054.92
7819,Phyllastrephus lorenzi,Pycnonotidae,Passeriformes,AVIBASE-4B94ECF0,1,0,1,0,1,16.5,8.9,3.9,4.0,17.7,69.0,8.4,60.6,12.2,64.0,19.0,Dunning,NA,NO,NA,NA,Forest,1,1,Carnivore,Invertivore,Insessorial,-2.99,4.68,0.14,29.09,39316.14
7821,Phyllastrephus poensis,Pycnonotidae,Passeriformes,AVIBASE-B6EA8FA2,11,2,9,0,8,20.9,11.3,4.0,4.6,23.2,79.8,8.2,70.9,10.3,79.6,28.9,Dunning,NA,NO,NA,NA,Forest,1,1,Carnivore,Invertivore,Insessorial,3.21,7.66,6.02,10.58,44370.69
7817,Phyllastrephus poliocephalus,Pycnonotidae,Passeriformes,AVIBASE-04A5B0F9,5,2,3,0,4,23.5,12.4,4.3,5.6,26.7,99.2,9.5,86.7,9.9,101.8,53.0,Dunning,NA,NO,NA,NA,Forest,1,1,Carnivore,Invertivore,Insessorial,4.04,7.11,5.67,9.76,31377.95
7812,Phyllastrephus strepitans,Pycnonotidae,Passeriformes,AVIBASE-29820AD9,9,4,5,0,4,19.6,11.1,3.7,4.1,21.1,79.6,7.4,72.6,9.2,83.0,27.1,Dunning,NA,NO,NA,NA,Shrubland,2,1,Omnivore,Invertivore,Insessorial,-7.29,13.78,2.43,39.08,1347241.75
7810,Phyllastrephus terrestris,Pycnonotidae,Passeriformes,AVIBASE-07FD1D4C,5,3,2,0,4,21.8,12.1,3.8,5.0,21.7,86.6,8.9,76.6,10.4,85.6,31.1,Dunning,NA,NO,NA,NA,Forest,1,1,Carnivore,Invertivore,Generalist,-34.70,2.53,-17.27,31.48,2434586.59
7809,Phyllastrephus viridiceps,Pycnonotidae,Passeriformes,AVIBASE-C47F378C,0,0,0,0,0,19.0,11.9,4.6,4.7,20.3,76.1,7.5,68.6,9.8,75.3,24.5,DataFromSplit,NA,YES,Beak Culmen; Beak Nares; Beak Width; Beak Depth; Tarsus Length; Wing Length; Kipp's Distance; Secondary1; Hand-Wing Index; Tail Length,Phyllastrephus albigularis,Forest,1,1,Carnivore,Invertivore,Insessorial,-11.15,-7.64,-9.51,14.75,14323.61
7806,Phyllastrephus xavieri,Pycnonotidae,Passeriformes,AVIBASE-1D1C9EDA,7,2,2,3,4,19.8,11.3,3.8,4.8,19.2,81.6,9.3,73.3,11.2,78.7,22.6,Dunning,NA,NO,NA,NA,Forest,1,1,Carnivore,Invertivore,Insessorial,-4.21,5.79,1.06,20.75,968575.23
7921,Poliolophus urostictus,Pycnonotidae,Passeriformes,AVIBASE-58147836,5,2,2,1,4,15.2,7.8,3.7,4.3,16.1,79.0,12.2,66.4,15.5,83.2,24.8,Dunning,NA,NO,NA,NA,Forest,2,1,Herbivore,Frugivore,Insessorial,5.56,18.65,11.64,123.30,207679.01
7894,Pycnonotus aurigaster,Pycnonotidae,Passeriformes,AVIBASE-E28751A7,15,3,8,4,9,19.4,9.8,4.1,4.8,21.9,91.8,14.0,76.4,15.5,82.4,44.3,Dunning,NA,NO,NA,NA,Shrubland,2,1,Herbivore,Omnivore,Insessorial,-8.85,30.45,19.97,105.95,2959739.34
7898,Pycnonotus barbatus,Pycnonotidae,Passeriformes,AVIBASE-6ABDB635,44,13,13,18,32,18.1,9.6,4.3,5.0,21.2,93.6,14.1,79.5,15.0,85.3,32.1,Dunning,NA,NO,NA,NA,Woodland,2,1,Herbivore,Frugivore,Insessorial,-33.58,37.35,2.82,20.81,19572184.19
7901,Pycnonotus bimaculatus,Pycnonotidae,Passeriformes,AVIBASE-6EFA005F,4,0,4,0,4,16.9,8.7,4.6,4.7,20.0,86.2,11.2,75.0,13.0,93.8,30.0,Updated_literature,BoW,NO,NA,NA,Forest,2,1,Herbivore,Frugivore,Insessorial,-8.41,3.38,-2.57,103.31,72909.27
7913,Pycnonotus blanfordi,Pycnonotidae,Passeriformes,AVIBASE-5F51D497,5,2,3,0,4,16.7,8.9,3.7,4.5,19.0,82.6,11.6,70.9,14.0,81.6,33.4,Dunning,NA,NO,NA,NA,Shrubland,2,1,Omnivore,Omnivore,Insessorial,5.65,24.07,15.52,101.51,1240819.12
7915,Pycnonotus brunneus,Pycnonotidae,Passeriformes,AVIBASE-9B937C26,5,1,2,2,2,16.5,9.4,4.4,4.8,18.9,82.2,9.8,70.7,12.3,71.7,28.8,Dunning,NA,NO,NA,NA,Forest,1,1,Herbivore,Frugivore,Insessorial,-5.95,10.72,1.02,108.45,1138188.08
7893,Pycnonotus cafer,Pycnonotidae,Passeriformes,AVIBASE-95F3F185,12,4,8,0,12,19.4,10.5,4.8,5.3,21.3,94.5,15.7,78.8,16.5,86.2,42.9,Dunning,NA,NO,NA,NA,Shrubland,2,1,Herbivore,Omnivore,Insessorial,5.92,35.86,23.09,81.28,4173278.58
7897,Pycnonotus capensis,Pycnonotidae,Passeriformes,AVIBASE-6234824B,4,2,2,0,4,19.6,9.8,4.0,4.6,22.0,92.8,14.5,78.2,15.7,86.2,38.6,Dunning,NA,NO,NA,NA,Shrubland,2,1,Herbivore,Omnivore,Insessorial,-34.84,-28.72,-32.65,20.57,151666.39
7911,Pycnonotus cinereifrons,Pycnonotidae,Passeriformes,AVIBASE-8BEDAAAC,0,0,0,0,0,17.4,10.8,4.7,5.2,20.4,83.1,9.3,74.2,11.1,71.6,36.7,Updated_literature,Dunning (2021),YES,Beak Culmen; Beak Nares; Beak Width; Beak Depth; Tarsus Length; Wing Length; Kipp's Distance; Secondary1; Hand-Wing Index; Tail Length,Pycnonotus plumosus,Shrubland,2,1,Herbivore,Frugivore,Insessorial,7.80,12.33,9.94,118.68,13216.58
7902,Pycnonotus davisoni,Pycnonotidae,Passeriformes,AVIBASE-E68BC96B,0,0,0,0,0,16.6,9.1,4.0,5.0,18.3,80.0,10.2,70.3,12.7,79.0,26.3,DataFromSplit,NA,YES,Beak Culmen; Beak Nares; Beak Width; Beak Depth; Tarsus Length; Wing Length; Kipp's Distance; Secondary1; Hand-Wing Index; Tail Length,Pycnonotus finlaysoni,Shrubland,2,1,Herbivore,Omnivore,Insessorial,15.70,20.32,18.05,95.58,105356.95
7903,Pycnonotus finlaysoni,Pycnonotidae,Passeriformes,AVIBASE-249A8210,5,2,3,0,4,16.6,9.1,4.0,5.0,18.3,80.0,10.2,70.3,12.7,79.0,26.3,Dunning,NA,NO,NA,NA,Shrubland,2,1,Herbivore,Omnivore,Insessorial,2.11,24.88,15.52,102.30,1253924.24
7906,Pycnonotus flavescens,Pycnonotidae,Passeriformes,AVIBASE-9F6CB52D,5,2,3,0,4,17.5,8.4,3.9,4.6,19.5,85.4,12.1,73.7,14.2,89.8,28.9,Dunning,NA,NO,NA,NA,Forest,2,1,Omnivore,Omnivore,Insessorial,11.25,28.11,20.79,99.61,917016.17
7908,Pycnonotus goiavier,Pycnonotidae,Passeriformes,AVIBASE-E6413C7F,6,0,1,5,4,18.5,11.2,4.3,5.0,20.9,87.0,12.9,75.9,14.5,77.2,27.8,Dunning,NA,NO,NA,NA,Shrubland,2,1,Herbivore,Omnivore,Insessorial,-9.11,18.70,3.53,109.80,2111233.61
7887,Pycnonotus jocosus,Pycnonotidae,Passeriformes,AVIBASE-F9E37510,9,4,5,0,8,17.5,9.1,4.5,4.8,20.5,86.8,12.4,74.8,14.2,88.1,29.5,Dunning,NA,NO,NA,NA,Shrubland,2,1,Herbivore,Omnivore,Insessorial,2.54,30.91,20.23,93.52,5185044.87
7891,Pycnonotus leucogenys,Pycnonotidae,Passeriformes,AVIBASE-A1DD797F,5,2,3,0,4,17.6,9.0,3.8,4.6,20.7,93.4,13.7,79.8,14.6,91.8,35.9,Dunning,NA,NO,NA,NA,Shrubland,2,2,Herbivore,Omnivore,Insessorial,26.67,36.02,30.38,81.49,378023.58
7907,Pycnonotus leucops,Pycnonotidae,Passeriformes,AVIBASE-9B0BF560,0,0,0,0,0,17.5,8.4,3.9,4.6,19.5,85.4,12.1,73.7,14.2,89.8,28.9,DataFromSplit,NA,YES,Beak Culmen; Beak Nares; Beak Width; Beak Depth; Tarsus Length; Wing Length; Kipp's Distance; Secondary1; Hand-Wing Index; Tail Length,Pycnonotus flavescens,Forest,2,1,Omnivore,Omnivore,Insessorial,1.01,6.23,2.92,115.62,54653.41
7892,Pycnonotus leucotis,Pycnonotidae,Passeriformes,AVIBASE-4A85D701,5,2,3,0,4,15.8,8.0,4.1,4.9,20.0,84.6,14.2,71.1,16.6,83.2,27.1,Dunning,NA,NO,NA,NA,Shrubland,2,2,Herbivore,Omnivore,Insessorial,15.19,35.43,28.39,62.70,2206861.39
7909,Pycnonotus luteolus,Pycnonotidae,Passeriformes,AVIBASE-587EC0C3,4,2,2,0,4,17.9,9.4,4.0,5.3,21.4,83.2,9.3,73.9,11.2,79.0,34.7,Dunning,NA,NO,NA,NA,Shrubland,2,1,Herbivore,Frugivore,Insessorial,5.92,24.86,17.13,78.88,1386882.20
7899,Pycnonotus nieuwenhuisii,Pycnonotidae,Passeriformes,AVIBASE-84F1B408,2,0,2,0,0,18.2,10.0,4.4,4.7,16.4,84.7,14.1,63.6,18.1,68.7,25.5,Inferred,NA,YES,Beak Nares; Beak Width; Beak Depth; Kipp's Distance; Secondary1; Hand-Wing Index; Body Mass,Brachypodius atriceps,Forest,2,2,Herbivore,Frugivore,Insessorial,1.75,4.81,3.33,100.88,56602.60
7896,Pycnonotus nigricans,Pycnonotidae,Passeriformes,AVIBASE-9EF3E079,5,0,1,4,4,19.6,10.9,4.1,5.0,21.6,92.8,16.3,77.5,17.4,77.2,30.8,Dunning,NA,NO,NA,NA,Shrubland,2,1,Herbivore,Frugivore,Insessorial,-33.08,-11.96,-23.83,21.16,2129772.01
7905,Pycnonotus penicillatus,Pycnonotidae,Passeriformes,AVIBASE-4F30CD0E,4,2,2,0,4,17.2,8.6,4.3,4.8,20.8,79.2,9.2,70.1,11.5,79.0,36.5,Dunning,NA,NO,NA,NA,Forest,1,1,Herbivore,Frugivore,Insessorial,6.38,7.59,6.98,80.78,3926.19
7910,Pycnonotus plumosus,Pycnonotidae,Passeriformes,AVIBASE-09CBDAE2,7,2,1,4,4,17.4,10.8,4.7,5.2,20.4,83.1,9.3,74.2,11.1,71.6,34.9,Dunning,NA,NO,NA,NA,Shrubland,2,1,Herbivore,Frugivore,Insessorial,-8.85,14.03,0.58,107.94,1506344.75
7912,Pycnonotus pseudosimplex,Pycnonotidae,Passeriformes,AVIBASE-CCF575F5,1,1,0,0,1,15.4,8.1,3.6,4.3,18.0,74.0,8.7,65.3,11.8,68.0,25.1,DataFromSplit,NA,NO,NA,NA,Forest,1,1,Herbivore,Frugivore,Insessorial,1.01,5.91,3.06,113.33,80675.60
7914,Pycnonotus simplex,Pycnonotidae,Passeriformes,AVIBASE-12679AF2,7,2,3,2,5,15.9,10.1,4.0,4.6,17.5,79.6,10.7,69.0,13.4,67.5,25.1,Dunning,NA,NO,NA,NA,Forest,1,1,Herbivore,Frugivore,Insessorial,-8.78,10.96,0.49,108.83,1340820.45
7889,Pycnonotus sinensis,Pycnonotidae,Passeriformes,AVIBASE-BB5650EB,10,5,5,0,5,17.9,8.6,4.4,4.9,21.6,86.7,17.8,68.1,20.8,82.1,34.2,Dunning,NA,NO,NA,NA,Human Modified,2,3,Herbivore,Frugivore,Insessorial,18.16,43.13,30.71,112.66,3154277.75
7900,Pycnonotus snouckaerti,Pycnonotidae,Passeriformes,AVIBASE-B4BD2218,0,0,0,0,0,16.9,8.7,4.6,4.7,20.0,86.2,11.2,75.0,13.0,93.8,30.0,DataFromSplit,NA,YES,Beak Culmen; Beak Nares; Beak Width; Beak Depth; Tarsus Length; Wing Length; Kipp's Distance; Secondary1; Hand-Wing Index; Tail Length,Pycnonotus bimaculatus,Forest,2,1,Herbivore,Frugivore,Insessorial,3.17,5.33,4.22,96.99,22979.74
7890,Pycnonotus taivanus,Pycnonotidae,Passeriformes,AVIBASE-A7C19329,2,1,1,0,2,16.7,8.5,4.9,5.0,19.8,88.1,15.1,72.9,17.2,79.6,26.1,Dunning,NA,NO,NA,NA,Forest,2,1,Herbivore,Omnivore,Insessorial,21.90,24.06,23.06,121.12,7274.28
7886,Pycnonotus tympanistrigus,Pycnonotidae,Passeriformes,AVIBASE-1DAB56C6,2,1,1,0,2,13.1,6.7,3.4,3.8,14.5,74.5,11.4,63.1,15.3,71.0,33.5,EltonTraits_GenAvg,NA,NO,NA,NA,Forest,1,1,Herbivore,Frugivore,Insessorial,-5.48,5.48,0.68,99.70,97157.16
7904,Pycnonotus xantholaemus,Pycnonotidae,Passeriformes,AVIBASE-12D2FAB5,4,1,2,1,4,16.2,8.4,3.5,4.6,18.6,87.5,11.7,75.8,13.3,87.0,28.1,Updated_literature,Dunning (2021),NO,NA,NA,Forest,2,1,Herbivore,Frugivore,Insessorial,8.72,17.67,13.53,77.68,346866.77
7895,Pycnonotus xanthopygos,Pycnonotidae,Passeriformes,AVIBASE-24B66475,9,4,5,0,4,18.6,9.4,4.1,5.2,21.7,92.4,14.1,78.5,15.2,89.2,37.6,Dunning,NA,NO,NA,NA,Shrubland,2,1,Herbivore,Frugivore,Insessorial,12.59,37.50,23.04,43.11,1313216.50
7888,Pycnonotus xanthorrhous,Pycnonotidae,Passeriformes,AVIBASE-0604A8C5,5,2,3,0,4,17.7,9.1,3.9,4.4,20.0,90.6,14.2,75.3,15.8,94.6,26.9,Dunning,NA,NO,NA,NA,Shrubland,2,1,Herbivore,Frugivore,Insessorial,18.01,34.71,27.08,106.25,1741022.34
7885,Pycnonotus zeylanicus,Pycnonotidae,Passeriformes,AVIBASE-6116C5B3,5,1,1,3,4,24.3,13.2,5.1,7.0,24.1,114.4,12.6,101.7,10.9,105.4,86.3,Dunning,NA,NO,NA,NA,Forest,2,1,Herbivore,Frugivore,Insessorial,-5.18,7.36,2.15,111.51,656927.06
7822,Pyrrhurus scandens,Pycnonotidae,Passeriformes,AVIBASE-E781F61C,5,2,3,0,4,22.2,12.2,4.9,5.6,24.4,106.2,14.7,92.8,13.6,98.6,43.8,Dunning,NA,NO,NA,NA,Forest,2,1,Omnivore,Invertivore,Insessorial,-9.09,13.54,3.97,10.99,3269576.15
7880,Rubigula dispar,Pycnonotidae,Passeriformes,AVIBASE-74235327,4,2,2,0,4,14.9,7.9,3.9,4.3,15.5,79.5,10.5,69.0,13.2,85.8,29.3,DataFromSplit,NA,NO,NA,NA,Forest,2,1,Herbivore,Frugivore,Insessorial,-8.78,5.90,-1.68,102.96,446506.23
7879,Rubigula flaviventris,Pycnonotidae,Passeriformes,AVIBASE-F517B7FD,6,3,3,0,6,14.9,7.9,4.1,4.6,15.0,88.2,13.3,75.0,15.1,88.0,29.3,DataFromSplit,NA,NO,NA,NA,Forest,2,1,Herbivore,Frugivore,Insessorial,2.49,30.13,19.96,98.74,2187721.20
7878,Rubigula gularis,Pycnonotidae,Passeriformes,AVIBASE-442951D4,4,2,2,0,4,14.1,7.3,3.6,3.8,14.4,73.8,8.8,65.0,11.9,78.0,29.3,DataFromSplit,NA,NO,NA,NA,Forest,2,1,Herbivore,Frugivore,Insessorial,8.09,16.81,12.26,75.68,82001.29
7877,Rubigula melanictera,Pycnonotidae,Passeriformes,AVIBASE-8F9DB2BC,5,2,3,0,4,15.0,7.8,3.6,4.2,15.2,72.0,8.4,63.6,11.7,70.6,29.3,Dunning,NA,NO,NA,NA,Forest,2,1,Herbivore,Frugivore,Insessorial,5.92,9.83,7.59,80.71,62208.81
7881,Rubigula montis,Pycnonotidae,Passeriformes,AVIBASE-D0DE2864,4,2,2,0,4,14.2,7.6,3.3,4.0,15.0,79.0,11.4,67.6,14.4,74.5,29.3,DataFromSplit,NA,NO,NA,NA,Forest,2,1,Herbivore,Frugivore,Insessorial,-1.04,6.58,2.34,115.16,228290.83
7824,Setornis criniger,Pycnonotidae,Passeriformes,AVIBASE-56478ACE,5,0,1,4,4,23.9,16.3,5.3,6.5,19.9,95.6,17.0,77.8,17.9,79.6,29.5,Dunning,NA,NO,NA,NA,Forest,1,1,Herbivore,Frugivore,Insessorial,-4.19,7.04,0.30,111.89,775317.21
7875,Spizixos canifrons,Pycnonotidae,Passeriformes,AVIBASE-10F913B3,4,2,2,0,4,13.6,8.2,5.4,7.1,19.0,95.0,16.9,78.1,17.8,94.0,44.0,Dunning,NA,NO,NA,NA,Shrubland,2,1,Herbivore,Omnivore,Insessorial,17.36,29.17,23.90,99.22,1162572.35
7876,Spizixos semitorques,Pycnonotidae,Passeriformes,AVIBASE-40F3B30B,8,4,4,0,4,14.2,8.1,6.7,7.7,19.1,89.8,13.6,77.7,14.8,91.9,39.0,Dunning,NA,NO,NA,NA,Shrubland,2,1,Omnivore,Omnivore,Insessorial,20.23,36.61,28.41,111.05,2328094.86
7765,Stelgidillas gracilirostris,Pycnonotidae,Passeriformes,AVIBASE-5D82C13B,12,5,7,0,4,19.4,11.1,4.2,4.3,20.0,80.9,14.7,69.3,17.5,74.0,31.2,Dunning,NA,NO,NA,NA,Forest,1,1,Herbivore,Frugivore,Insessorial,-8.72,13.04,0.49,15.77,3807444.87
7777,Thescelocichla leucopleura,Pycnonotidae,Passeriformes,AVIBASE-EBE56736,4,2,2,0,4,22.8,12.7,4.9,5.6,24.5,113.0,16.5,96.5,14.6,106.2,62.1,Dunning,NA,NO,NA,NA,Forest,1,1,Herbivore,Frugivore,Insessorial,-7.73,13.56,1.53,12.83,3240183.59
7823,Tricholestes criniger,Pycnonotidae,Passeriformes,AVIBASE-260C7E77,10,2,3,5,6,15.7,10.2,4.0,4.0,15.4,73.2,11.1,61.8,15.3,63.4,17.1,Dunning,NA,NO,NA,NA,Forest,1,1,Omnivore,Omnivore,Insessorial,-6.08,11.93,0.92,107.73,1220380.84